filename,label,final_tokens
pii_jeh_036.txt,1,사내 보안등 대외 서명 신규 배치 인적 직원 명부 번호 hbs hr 조직 개편 배치 직원 신원 정보 정산 인적 기록 사내 공식 직원 명부 포함 개인정보 사내 인사 관리 복리 후생 적용 급여 정산 목적 활용 무단 유출 법적 책임 사내 징계 조치 대상자 인적 성명 yoo chae won 주민등록 번호 비상 연락처 사내 이메일 yo 자택 주소 급여 지급 정산 정보 급여 계좌 신한은행 금주 소속 직급 r d 연구소 과장 hbs 비고 승인 사내 보안 등급 평가 완료 보안 서약 제출 클린룸 연구소 보안 구역 출입 자격 승인 자임 보관
pii_jeh_020.txt,1,사업 안전 보안 비상 연락망 번호 hbs emg 최종 정일 관리 비상 연락망 사업 비상 상황 화재 가스 추다 정전 발생 신속하다 소집 긴급 연락 체계 유지 비상 대응 담당자 인적 담당자 성명 파트장 주민등록 번호 소속 비상 연락처 사내 이메일 ho 자택 주소 비상 경비 지원 정산 계좌 비상 정산 계좌 기업은행 금주 비상 상황 발생 상황 즉시 통보 조치 바라다
pii_jeh_023.txt,1,캠퍼스 외부 협력 출입 신청서 신청 번호 hbs acc 접수 일자 관리 사업 출입 설비 점검 외부 방문 작업 신청 신원 정보 다음 등록 방문 출입 신청 정보 성명 sung min jae 주민등록 번호 비상 연락처 이메일 su 자택 주소 출입 목적 세부 일정 출입 목적 fab 클린룸 노광 에칭 설비 정기 점검 유지 보수 작업 출입 장소 평택 기흥 캠퍼스 fab 출입 기간 보안 약정 동의 사업 내부 촬영 금지 개인 저장매체 반입 제한 동의 완료 안전 보안 교육 이수 서약 제출
pii_jeh_019.txt,1,복리 후생 시스템 경조사 지원 신청서 신청 번호 hbs wel 신청 일자 접수 직원 복리 후생 규정 의거 조비 지급 경조 휴가 신청 신청 직원 인적 성명 주민등록 번호 소속 직급 비상 연락처 사내 이메일 je 자택 주소 조금 지급 서류 검토 수령 계좌 농협 은행 금주 증빙 서류 가족 관계 증명서 경조 증빙 서류 첨부 완료 지급 항목 경조 원금 축하 화환 발송 처리
pii_jeh_028.txt,1,캠퍼스 외부 협력 출입 신청서 신청 번호 hbs acc 접수 일자 관리 사업 출입 설비 점검 외부 방문 작업 신청 신원 정보 다음 등록 방문 출입 신청 정보 성명 choi hyun woo 주민등록 번호 비상 연락처 이메일 ch 자택 주소 출입 목적 세부 일정 출입 목적 fab 클린룸 노광 에칭 설비 정기 점검 유지 보수 작업 출입 장소 평택 기흥 캠퍼스 fab 출입 기간 보안 약정 동의 사업 내부 촬영 금지 개인 저장매체 반입 제한 동의 완료 안전 보안 교육 이수 서약 제출
pii_jeh_027.txt,1,영업 관리 시스템 고객 상담 번호 hbs cs 상담 일자 작성자 담당자 주요 고객 기술 자문 견적 산출 제품 샘플 납품 상담 종합 관리 고객 담당자 접수 정보 고객 담당자 성명 직통 연락처 대표 이메일 yo 사업 주소 경기도 용인시 기흥구 흥덕 주민등록 번호 본인 식별 수집 동의 상담 주문 상세 제품 차세대 ap 실리콘 웨이퍼 패키징 샘플 상담 요약 납기 일정 단축 협의 테스트 수량 추가 발주 검토 완료 단가 협의 진행 예정 샘플 테스트 정산 환불 계좌 정산 계좌 기업은행 금주 비고 정산 수수료 환불 지정 계좌 사전 검증 완료
pii_jeh_031.txt,1,사내 보안등 대외 서명 신규 배치 인적 직원 명부 번호 hbs hr 조직 개편 배치 직원 신원 정보 정산 인적 기록 사내 공식 직원 명부 포함 개인정보 사내 인사 관리 복리 후생 적용 급여 정산 목적 활용 무단 유출 법적 책임 사내 징계 조치 대상자 인적 성명 kim do yoon 주민등록 번호 비상 연락처 사내 이메일 ki 자택 주소 급여 지급 정산 정보 급여 계좌 하나은행 금주 소속 직급 수석 연구원 hbs 비고 승인 사내 보안 등급 평가 완료 보안 서약 제출 클린룸 연구소 보안 구역 출입 자격 승인 자임 보관
pii_jeh_039.txt,1,복리 후생 시스템 경조사 지원 신청서 신청 번호 hbs wel 신청 일자 접수 직원 복리 후생 규정 의거 조비 지급 경조 휴가 신청 신청 직원 인적 성명 주민등록 번호 소속 직급 비상 연락처 사내 이메일 kw 자택 주소 조금 지급 서류 검토 수령 계좌 우리은행 금주 증빙 서류 가족 관계 증명서 경조 증빙 서류 첨부 완료 지급 항목 경조 원금 축하 화환 발송 처리
pii_jeh_024.txt,1,복리 후생 시스템 경조사 지원 신청서 신청 번호 hbs wel 신청 일자 접수 직원 복리 후생 규정 의거 조비 지급 경조 휴가 신청 신청 직원 인적 성명 서다 주민등록 번호 소속 직급 주임 연구원 비상 연락처 사내 이메일 no 자택 주소 조금 지급 서류 검토 수령 계좌 하나은행 금주 서다 증빙 서류 가족 관계 증명서 경조 증빙 서류 첨부 완료 지급 항목 경조 원금 축하 화환 발송 처리
pii_jeh_038.txt,1,캠퍼스 외부 협력 출입 신청서 신청 번호 hbs acc 접수 일자 관리 사업 출입 설비 점검 외부 방문 작업 신청 신원 정보 다음 등록 방문 출입 신청 정보 성명 song ha eun 주민등록 번호 비상 연락처 이메일 so 자택 주소 출입 목적 세부 일정 출입 목적 fab 클린룸 노광 에칭 설비 정기 점검 유지 보수 작업 출입 장소 평택 기흥 캠퍼스 fab 출입 기간 보안 약정 동의 사업 내부 촬영 금지 개인 저장매체 반입 제한 동의 완료 안전 보안 교육 이수 서약 제출
pii_jeh_041.txt,1,사내 보안등 대외 서명 신규 배치 인적 직원 명부 번호 hbs hr 조직 개편 배치 직원 신원 정보 정산 인적 기록 사내 공식 직원 명부 포함 개인정보 사내 인사 관리 복리 후생 적용 급여 정산 목적 활용 무단 유출 법적 책임 사내 징계 조치 대상자 인적 성명 서다 seo keon woo 주민등록 번호 비상 연락처 사내 이메일 se 자택 주소 급여 지급 정산 정보 급여 계좌 기업은행 금주 서다 소속 직급 수석 연구원 hbs 비고 승인 사내 보안 등급 평가 완료 보안 서약 제출 클린룸 연구소 보안 구역 출입 자격 승인 자임 보관
pii_jeh_034.txt,1,복리 후생 시스템 경조사 지원 신청서 신청 번호 hbs wel 신청 일자 접수 직원 복리 후생 규정 의거 조비 지급 경조 휴가 신청 신청 직원 인적 성명 서다 주민등록 번호 소속 직급 주임 연구원 비상 연락처 사내 이메일 oh 자택 주소 조금 지급 서류 검토 수령 계좌 기업은행 금주 서다 증빙 서류 가족 관계 증명서 경조 증빙 서류 첨부 완료 지급 항목 경조 원금 축하 화환 발송 처리
pii_jeh_049.txt,1,복리 후생 시스템 경조사 지원 신청서 신청 번호 hbs wel 신청 일자 접수 직원 복리 후생 규정 의거 조비 지급 경조 휴가 신청 신청 직원 인적 성명 주민등록 번호 소속 직급 비상 연락처 사내 이메일 ka 자택 주소 조금 지급 서류 검토 수령 계좌 카카오 뱅크 금주 증빙 서류 가족 관계 증명서 경조 증빙 서류 첨부 완료 지급 항목 경조 원금 축하 화환 발송 처리
pii_jeh_071.txt,1,사내 보안등 대외 서명 신규 배치 인적 직원 명부 번호 hbs hr 조직 개편 배치 직원 신원 정보 정산 인적 기록 사내 공식 직원 명부 포함 개인정보 사내 인사 관리 복리 후생 적용 급여 정산 목적 활용 무단 유출 법적 책임 사내 징계 조치 대상자 인적 성명 sung min jae 주민등록 번호 비상 연락처 사내 이메일 su 자택 주소 급여 지급 정산 정보 급여 계좌 신한은행 금주 소속 직급 수석 연구원 hbs 비고 승인 사내 보안 등급 평가 완료 보안 서약 제출 클린룸 연구소 보안 구역 출입 자격 승인 자임 보관
pii_jeh_074.txt,1,복리 후생 시스템 경조사 지원 신청서 신청 번호 hbs wel 신청 일자 접수 직원 복리 후생 규정 의거 조비 지급 경조 휴가 신청 신청 직원 인적 성명 주민등록 번호 소속 직급 주임 연구원 비상 연락처 사내 이메일 pa 자택 주소 조금 지급 서류 검토 수령 계좌 우리은행 금주 증빙 서류 가족 관계 증명서 경조 증빙 서류 첨부 완료 지급 항목 경조 원금 축하 화환 발송 처리
pii_jeh_069.txt,1,복리 후생 시스템 경조사 지원 신청서 신청 번호 hbs wel 신청 일자 접수 직원 복리 후생 규정 의거 조비 지급 경조 휴가 신청 신청 직원 인적 성명 주민등록 번호 소속 직급 비상 연락처 사내 이메일 ba 자택 주소 조금 지급 서류 검토 수령 계좌 기업은행 금주 증빙 서류 가족 관계 증명서 경조 증빙 서류 첨부 완료 지급 항목 경조 원금 축하 화환 발송 처리
pii_jeh_060.txt,1,사업 안전 보안 비상 연락망 번호 hbs emg 최종 정일 관리 비상 연락망 사업 비상 상황 화재 가스 추다 정전 발생 신속하다 소집 긴급 연락 체계 유지 비상 대응 담당자 인적 담당자 성명 파트장 주민등록 번호 소속 비상 연락처 사내 이메일 yo 자택 주소 비상 경비 지원 정산 계좌 비상 정산 계좌 우리은행 금주 비상 상황 발생 상황 즉시 통보 조치 바라다
pii_jeh_063.txt,1,캠퍼스 외부 협력 출입 신청서 신청 번호 hbs acc 접수 일자 관리 사업 출입 설비 점검 외부 방문 작업 신청 신원 정보 다음 등록 방문 출입 신청 정보 성명 kwon ji ho 주민등록 번호 비상 연락처 이메일 kw 자택 주소 출입 목적 세부 일정 출입 목적 fab 클린룸 노광 에칭 설비 정기 점검 유지 보수 작업 출입 장소 평택 기흥 캠퍼스 fab 출입 기간 보안 약정 동의 사업 내부 촬영 금지 개인 저장매체 반입 제한 동의 완료 안전 보안 교육 이수 서약 제출
pii_jeh_081.txt,1,사내 보안등 대외 서명 신규 배치 인적 직원 명부 번호 hbs hr 조직 개편 배치 직원 신원 정보 정산 인적 기록 사내 공식 직원 명부 포함 개인정보 사내 인사 관리 복리 후생 적용 급여 정산 목적 활용 무단 유출 법적 책임 사내 징계 조치 대상자 인적 성명 han jun hyuk 주민등록 번호 비상 연락처 사내 이메일 ha 자택 주소 급여 지급 정산 정보 급여 계좌 우리은행 금주 소속 직급 수석 연구원 hbs 비고 승인 사내 보안 등급 평가 완료 보안 서약 제출 클린룸 연구소 보안 구역 출입 자격 승인 자임 보관
pii_jeh_078.txt,1,캠퍼스 외부 협력 출입 신청서 신청 번호 hbs acc 접수 일자 관리 사업 출입 설비 점검 외부 방문 작업 신청 신원 정보 다음 등록 방문 출입 신청 정보 성명 lim sung min 주민등록 번호 비상 연락처 이메일 li 자택 주소 출입 목적 세부 일정 출입 목적 fab 클린룸 노광 에칭 설비 정기 점검 유지 보수 작업 출입 장소 평택 기흥 캠퍼스 fab 출입 기간 보안 약정 동의 사업 내부 촬영 금지 개인 저장매체 반입 제한 동의 완료 안전 보안 교육 이수 서약 제출
pii_jeh_054.txt,1,복리 후생 시스템 경조사 지원 신청서 신청 번호 hbs wel 신청 일자 접수 직원 복리 후생 규정 의거 조비 지급 경조 휴가 신청 신청 직원 인적 성명 주민등록 번호 소속 직급 주임 연구원 비상 연락처 사내 이메일 li 자택 주소 조금 지급 서류 검토 수령 계좌 농협 은행 금주 증빙 서류 가족 관계 증명서 경조 증빙 서류 첨부 완료 지급 항목 경조 원금 축하 화환 발송 처리
pii_jeh_068.txt,1,캠퍼스 외부 협력 출입 신청서 신청 번호 hbs acc 접수 일자 관리 사업 출입 설비 점검 외부 방문 작업 신청 신원 정보 다음 등록 방문 출입 신청 정보 성명 hong da eun 주민등록 번호 비상 연락처 이메일 ho 자택 주소 출입 목적 세부 일정 출입 목적 fab 클린룸 노광 에칭 설비 정기 점검 유지 보수 작업 출입 장소 평택 기흥 캠퍼스 fab 출입 기간 보안 약정 동의 사업 내부 촬영 금지 개인 저장매체 반입 제한 동의 완료 안전 보안 교육 이수 서약 제출
pii_jeh_051.txt,1,사내 보안등 대외 서명 신규 배치 인적 직원 명부 번호 hbs hr 조직 개편 배치 직원 신원 정보 정산 인적 기록 사내 공식 직원 명부 포함 개인정보 사내 인사 관리 복리 후생 적용 급여 정산 목적 활용 무단 유출 법적 책임 사내 징계 조치 대상자 인적 성명 yoon ji min 주민등록 번호 비상 연락처 사내 이메일 yo 자택 주소 급여 지급 정산 정보 급여 계좌 국민은행 금주 소속 직급 수석 연구원 hbs 비고 승인 사내 보안 등급 평가 완료 보안 서약 제출 클린룸 연구소 보안 구역 출입 자격 승인 자임 보관
pii_jeh_061.txt,1,사내 보안등 대외 서명 신규 배치 인적 직원 명부 번호 hbs hr 조직 개편 배치 직원 신원 정보 정산 인적 기록 사내 공식 직원 명부 포함 개인정보 사내 인사 관리 복리 후생 적용 급여 정산 목적 활용 무단 유출 법적 책임 사내 징계 조치 대상자 인적 성명 bae jung woo 주민등록 번호 비상 연락처 사내 이메일 ba 자택 주소 급여 지급 정산 정보 급여 계좌 농협 은행 금주 소속 직급 수석 연구원 hbs 비고 승인 사내 보안 등급 평가 완료 보안 서약 제출 클린룸 연구소 보안 구역 출입 자격 승인 자임 보관
pii_jeh_058.txt,1,캠퍼스 외부 협력 출입 신청서 신청 번호 hbs acc 접수 일자 관리 사업 출입 설비 점검 외부 방문 작업 신청 신원 정보 다음 등록 방문 출입 신청 정보 성명 서다 oh min seo 주민등록 번호 비상 연락처 이메일 oh 자택 주소 출입 목적 세부 일정 출입 목적 fab 클린룸 노광 에칭 설비 정기 점검 유지 보수 작업 출입 장소 평택 기흥 캠퍼스 fab 출입 기간 보안 약정 동의 사업 내부 촬영 금지 개인 저장매체 반입 제한 동의 완료 안전 보안 교육 이수 서약 제출
pii_jeh_070.txt,1,사업 안전 보안 비상 연락망 번호 hbs emg 최종 정일 관리 비상 연락망 사업 비상 상황 화재 가스 추다 정전 발생 신속하다 소집 긴급 연락 체계 유지 비상 대응 담당자 인적 담당자 성명 파트장 주민등록 번호 소속 비상 연락처 사내 이메일 mo 자택 주소 비상 경비 지원 정산 계좌 비상 정산 계좌 카카오 뱅크 금주 비상 상황 발생 상황 즉시 통보 조치 바라다
pii_jeh_052.txt,1,영업 관리 시스템 고객 상담 번호 hbs cs 상담 일자 작성자 담당자 주요 고객 기술 자문 견적 산출 제품 샘플 납품 상담 종합 관리 고객 담당자 접수 정보 고객 담당자 성명 직통 연락처 대표 이메일 ch 사업 주소 인천광역시 연수구 베다 주민등록 번호 본인 식별 수집 동의 상담 주문 상세 제품 차세대 ap 실리콘 웨이퍼 패키징 샘플 상담 요약 납기 일정 단축 협의 테스트 수량 추가 발주 검토 완료 단가 협의 진행 예정 샘플 테스트 정산 환불 계좌 정산 계좌 하나은행 금주 비고 정산 수수료 환불 지정 계좌 사전 검증 완료
pii_jeh_079.txt,1,복리 후생 시스템 경조사 지원 신청서 신청 번호 hbs wel 신청 일자 접수 직원 복리 후생 규정 의거 조비 지급 경조 휴가 신청 신청 직원 인적 성명 주민등록 번호 소속 직급 비상 연락처 사내 이메일 ki 자택 주소 조금 지급 서류 검토 수령 계좌 국민은행 금주 증빙 서류 가족 관계 증명서 경조 증빙 서류 첨부 완료 지급 항목 경조 원금 축하 화환 발송 처리
pii_jeh_073.txt,1,캠퍼스 외부 협력 출입 신청서 신청 번호 hbs acc 접수 일자 관리 사업 출입 설비 점검 외부 방문 작업 신청 신원 정보 다음 등록 방문 출입 신청 정보 성명 kang tae hyun 주민등록 번호 비상 연락처 이메일 ka 자택 주소 출입 목적 세부 일정 출입 목적 fab 클린룸 노광 에칭 설비 정기 점검 유지 보수 작업 출입 장소 평택 기흥 캠퍼스 fab 출입 기간 보안 약정 동의 사업 내부 촬영 금지 개인 저장매체 반입 제한 동의 완료 안전 보안 교육 이수 서약 제출
pii_jeh_080.txt,1,사업 안전 보안 비상 연락망 번호 hbs emg 최종 정일 관리 비상 연락망 사업 비상 상황 화재 가스 추다 정전 발생 신속하다 소집 긴급 연락 체계 유지 비상 대응 담당자 인적 담당자 성명 파트장 주민등록 번호 소속 비상 연락처 사내 이메일 le 자택 주소 비상 경비 지원 정산 계좌 비상 정산 계좌 하나은행 금주 비상 상황 발생 상황 즉시 통보 조치 바라다
pii_jeh_064.txt,1,복리 후생 시스템 경조사 지원 신청서 신청 번호 hbs wel 신청 일자 접수 직원 복리 후생 규정 의거 조비 지급 경조 휴가 신청 신청 직원 인적 성명 주민등록 번호 소속 직급 주임 연구원 비상 연락처 사내 이메일 hw 자택 주소 조금 지급 서류 검토 수령 계좌 신한은행 금주 증빙 서류 가족 관계 증명서 경조 증빙 서류 첨부 완료 지급 항목 경조 원금 축하 화환 발송 처리
pii_jeh_059.txt,1,복리 후생 시스템 경조사 지원 신청서 신청 번호 hbs wel 신청 일자 접수 직원 복리 후생 규정 의거 조비 지급 경조 휴가 신청 신청 직원 인적 성명 주민등록 번호 소속 직급 비상 연락처 사내 이메일 sh 자택 주소 조금 지급 서류 검토 수령 계좌 하나은행 금주 증빙 서류 가족 관계 증명서 경조 증빙 서류 첨부 완료 지급 항목 경조 원금 축하 화환 발송 처리
pii_jeh_065.txt,1,사업 안전 보안 비상 연락망 번호 hbs emg 최종 정일 관리 비상 연락망 사업 비상 상황 화재 가스 추다 정전 발생 신속하다 소집 긴급 연락 체계 유지 비상 대응 담당자 인적 담당자 성명 서다 차장 주민등록 번호 소속 평택 fab 비상 연락처 사내 이메일 se 자택 주소 비상 경비 지원 정산 계좌 비상 정산 계좌 국민은행 금주 서다 비상 상황 발생 상황 즉시 통보 조치 바라다
pii_jeh_056.txt,1,사내 보안등 대외 서명 신규 배치 인적 직원 명부 번호 hbs hr 조직 개편 배치 직원 신원 정보 정산 인적 기록 사내 공식 직원 명부 포함 개인정보 사내 인사 관리 복리 후생 적용 급여 정산 목적 활용 무단 유출 법적 책임 사내 징계 조치 대상자 인적 성명 lee seo yeon 주민등록 번호 비상 연락처 사내 이메일 le 자택 주소 급여 지급 정산 정보 급여 계좌 카카오 뱅크 금주 소속 직급 r d 연구소 과장 hbs 비고 승인 사내 보안 등급 평가 완료 보안 서약 제출 클린룸 연구소 보안 구역 출입 자격 승인 자임 보관
pii_jeh_055.txt,1,사업 안전 보안 비상 연락망 번호 hbs emg 최종 정일 관리 비상 연락망 사업 비상 상황 화재 가스 추다 정전 발생 신속하다 소집 긴급 연락 체계 유지 비상 대응 담당자 인적 담당자 성명 차장 주민등록 번호 소속 평택 fab 비상 연락처 사내 이메일 ki 자택 주소 비상 경비 지원 정산 계좌 비상 정산 계좌 기업은행 금주 비상 상황 발생 상황 즉시 통보 조치 바라다
pii_jeh_057.txt,1,영업 관리 시스템 고객 상담 번호 hbs cs 상담 일자 작성자 담당자 주요 고객 기술 자문 견적 산출 제품 샘플 납품 상담 종합 관리 고객 담당자 접수 정보 고객 담당자 성명 직통 연락처 대표 이메일 ha 사업 주소 경기도 성남시 분당구 정로 주민등록 번호 본인 식별 수집 동의 상담 주문 상세 제품 차세대 ap 실리콘 웨이퍼 패키징 샘플 상담 요약 납기 일정 단축 협의 테스트 수량 추가 발주 검토 완료 단가 협의 진행 예정 샘플 테스트 정산 환불 계좌 정산 계좌 신한은행 금주 비고 정산 수수료 환불 지정 계좌 사전 검증 완료
pii_jeh_062.txt,1,영업 관리 시스템 고객 상담 번호 hbs cs 상담 일자 작성자 담당자 주요 고객 기술 자문 견적 산출 제품 샘플 납품 상담 종합 관리 고객 담당자 접수 정보 고객 담당자 성명 직통 연락처 대표 이메일 so 사업 주소 서울특별시 강남구 테헤란로 주민등록 번호 본인 식별 수집 동의 상담 주문 상세 제품 차세대 ap 실리콘 웨이퍼 패키징 샘플 상담 요약 납기 일정 단축 협의 테스트 수량 추가 발주 검토 완료 단가 협의 진행 예정 샘플 테스트 정산 환불 계좌 정산 계좌 기업은행 금주 비고 정산 수수료 환불 지정 계좌 사전 검증 완료
pii_jeh_075.txt,1,사업 안전 보안 비상 연락망 번호 hbs emg 최종 정일 관리 비상 연락망 사업 비상 상황 화재 가스 추다 정전 발생 신속하다 소집 긴급 연락 체계 유지 비상 대응 담당자 인적 담당자 성명 차장 주민등록 번호 소속 평택 fab 비상 연락처 사내 이메일 yo 자택 주소 비상 경비 지원 정산 계좌 비상 정산 계좌 농협 은행 금주 비상 상황 발생 상황 즉시 통보 조치 바라다
pii_jeh_076.txt,1,사내 보안등 대외 서명 신규 배치 인적 직원 명부 번호 hbs hr 조직 개편 배치 직원 신원 정보 정산 인적 기록 사내 공식 직원 명부 포함 개인정보 사내 인사 관리 복리 후생 적용 급여 정산 목적 활용 무단 유출 법적 책임 사내 징계 조치 대상자 인적 성명 choi hyun woo 주민등록 번호 비상 연락처 사내 이메일 ch 자택 주소 급여 지급 정산 정보 급여 계좌 기업은행 금주 소속 직급 r d 연구소 과장 hbs 비고 승인 사내 보안 등급 평가 완료 보안 서약 제출 클린룸 연구소 보안 구역 출입 자격 승인 자임 보관
pii_jeh_077.txt,1,영업 관리 시스템 고객 상담 번호 hbs cs 상담 일자 작성자 담당자 주요 고객 기술 자문 견적 산출 제품 샘플 납품 상담 종합 관리 고객 담당자 접수 정보 고객 담당자 성명 직통 연락처 대표 이메일 ju 사업 주소 경기도 평택시 고덕 국제 주민등록 번호 본인 식별 수집 동의 상담 주문 상세 제품 차세대 ap 실리콘 웨이퍼 패키징 샘플 상담 요약 납기 일정 단축 협의 테스트 수량 추가 발주 검토 완료 단가 협의 진행 예정 샘플 테스트 정산 환불 계좌 정산 계좌 카카오 뱅크 금주 비고 정산 수수료 환불 지정 계좌 사전 검증 완료
pii_jeh_053.txt,1,캠퍼스 외부 협력 출입 신청서 신청 번호 hbs acc 접수 일자 관리 사업 출입 설비 점검 외부 방문 작업 신청 신원 정보 다음 등록 방문 출입 신청 정보 성명 jung yu jin 주민등록 번호 비상 연락처 이메일 ju 자택 주소 출입 목적 세부 일정 출입 목적 fab 클린룸 노광 에칭 설비 정기 점검 유지 보수 작업 출입 장소 평택 기흥 캠퍼스 fab 출입 기간 보안 약정 동의 사업 내부 촬영 금지 개인 저장매체 반입 제한 동의 완료 안전 보안 교육 이수 서약 제출
pii_jeh_072.txt,1,영업 관리 시스템 고객 상담 번호 hbs cs 상담 일자 작성자 담당자 주요 고객 기술 자문 견적 산출 제품 샘플 납품 상담 종합 관리 고객 담당자 접수 정보 고객 담당자 성명 서다 직통 연락처 대표 이메일 no 사업 주소 대전광역시 유성구 대덕대로 주민등록 번호 본인 식별 수집 동의 상담 주문 상세 제품 차세대 ap 실리콘 웨이퍼 패키징 샘플 상담 요약 납기 일정 단축 협의 테스트 수량 추가 발주 검토 완료 단가 협의 진행 예정 샘플 테스트 정산 환불 계좌 정산 계좌 국민은행 금주 서다 비고 정산 수수료 환불 지정 계좌 사전 검증 완료
pii_jeh_066.txt,1,사내 보안등 대외 서명 신규 배치 인적 직원 명부 번호 hbs hr 조직 개편 배치 직원 신원 정보 정산 인적 기록 사내 공식 직원 명부 포함 개인정보 사내 인사 관리 복리 후생 적용 급여 정산 목적 활용 무단 유출 법적 책임 사내 징계 조치 대상자 인적 성명 an so yul 주민등록 번호 비상 연락처 사내 이메일 an 자택 주소 급여 지급 정산 정보 급여 계좌 하나은행 금주 소속 직급 r d 연구소 과장 hbs 비고 승인 사내 보안 등급 평가 완료 보안 서약 제출 클린룸 연구소 보안 구역 출입 자격 승인 자임 보관
pii_jeh_050.txt,1,사업 안전 보안 비상 연락망 번호 hbs emg 최종 정일 관리 비상 연락망 사업 비상 상황 화재 가스 추다 정전 발생 신속하다 소집 긴급 연락 체계 유지 비상 대응 담당자 인적 담당자 성명 파트장 주민등록 번호 소속 비상 연락처 사내 이메일 pa 자택 주소 비상 경비 지원 정산 계좌 비상 정산 계좌 신한은행 금주 비상 상황 발생 상황 즉시 통보 조치 바라다
pii_jeh_067.txt,1,영업 관리 시스템 고객 상담 번호 hbs cs 상담 일자 작성자 담당자 주요 고객 기술 자문 견적 산출 제품 샘플 납품 상담 종합 관리 고객 담당자 접수 정보 고객 담당자 성명 직통 연락처 대표 이메일 je 사업 주소 경기도 용인시 기흥구 흥덕 주민등록 번호 본인 식별 수집 동의 상담 주문 상세 제품 차세대 ap 실리콘 웨이퍼 패키징 샘플 상담 요약 납기 일정 단축 협의 테스트 수량 추가 발주 검토 완료 단가 협의 진행 예정 샘플 테스트 정산 환불 계좌 정산 계좌 우리은행 금주 비고 정산 수수료 환불 지정 계좌 사전 검증 완료
pii_jeh_106.txt,1,사내 보안등 대외 서명 신규 배치 인적 직원 명부 번호 hbs hr 조직 개편 배치 직원 신원 정보 정산 인적 기록 사내 공식 직원 명부 포함 개인정보 사내 인사 관리 복리 후생 적용 급여 정산 목적 활용 무단 유출 법적 책임 사내 징계 조치 대상자 인적 성명 서다 oh min seo 주민등록 번호 비상 연락처 사내 이메일 oh 자택 주소 급여 지급 정산 정보 급여 계좌 신한은행 금주 서다 소속 직급 r d 연구소 과장 hbs 비고 승인 사내 보안 등급 평가 완료 보안 서약 제출 클린룸 연구소 보안 구역 출입 자격 승인 자임 보관
pii_jeh_085.txt,1,사업 안전 보안 비상 연락망 번호 hbs emg 최종 정일 관리 비상 연락망 사업 비상 상황 화재 가스 추다 정전 발생 신속하다 소집 긴급 연락 체계 유지 비상 대응 담당자 인적 담당자 성명 차장 주민등록 번호 소속 평택 fab 비상 연락처 사내 이메일 ba 자택 주소 비상 경비 지원 정산 계좌 비상 정산 계좌 신한은행 금주 비상 상황 발생 상황 즉시 통보 조치 바라다
pii_jeh_109.txt,1,복리 후생 시스템 경조사 지원 신청서 신청 번호 hbs wel 신청 일자 접수 직원 복리 후생 규정 의거 조비 지급 경조 휴가 신청 신청 직원 인적 성명 주민등록 번호 소속 직급 비상 연락처 사내 이메일 ba 자택 주소 조금 지급 서류 검토 수령 계좌 우리은행 금주 증빙 서류 가족 관계 증명서 경조 증빙 서류 첨부 완료 지급 항목 경조 원금 축하 화환 발송 처리
pii_jeh_101.txt,1,사내 보안등 대외 서명 신규 배치 인적 직원 명부 번호 hbs hr 조직 개편 배치 직원 신원 정보 정산 인적 기록 사내 공식 직원 명부 포함 개인정보 사내 인사 관리 복리 후생 적용 급여 정산 목적 활용 무단 유출 법적 책임 사내 징계 조치 대상자 인적 성명 jung yu jin 주민등록 번호 비상 연락처 사내 이메일 ju 자택 주소 급여 지급 정산 정보 급여 계좌 하나은행 금주 소속 직급 수석 연구원 hbs 비고 승인 사내 보안 등급 평가 완료 보안 서약 제출 클린룸 연구소 보안 구역 출입 자격 승인 자임 보관
pii_jeh_082.txt,1,영업 관리 시스템 고객 상담 번호 hbs cs 상담 일자 작성자 담당자 주요 고객 기술 자문 견적 산출 제품 샘플 납품 상담 종합 관리 고객 담당자 접수 정보 고객 담당자 성명 서다 직통 연락처 대표 이메일 oh 사업 주소 서울특별시 금천구 가산 디지털 주민등록 번호 본인 식별 수집 동의 상담 주문 상세 제품 차세대 ap 실리콘 웨이퍼 패키징 샘플 상담 요약 납기 일정 단축 협의 테스트 수량 추가 발주 검토 완료 단가 협의 진행 예정 샘플 테스트 정산 환불 계좌 정산 계좌 농협 은행 금주 서다 비고 정산 수수료 환불 지정 계좌 사전 검증 완료
pii_jeh_108.txt,1,캠퍼스 외부 협력 출입 신청서 신청 번호 hbs acc 접수 일자 관리 사업 출입 설비 점검 외부 방문 작업 신청 신원 정보 다음 등록 방문 출입 신청 정보 성명 yoo chae won 주민등록 번호 비상 연락처 이메일 yo 자택 주소 출입 목적 세부 일정 출입 목적 fab 클린룸 노광 에칭 설비 정기 점검 유지 보수 작업 출입 장소 평택 기흥 캠퍼스 fab 출입 기간 보안 약정 동의 사업 내부 촬영 금지 개인 저장매체 반입 제한 동의 완료 안전 보안 교육 이수 서약 제출
pii_jeh_095.txt,1,사업 안전 보안 비상 연락망 번호 hbs emg 최종 정일 관리 비상 연락망 사업 비상 상황 화재 가스 추다 정전 발생 신속하다 소집 긴급 연락 체계 유지 비상 대응 담당자 인적 담당자 성명 차장 주민등록 번호 소속 평택 fab 비상 연락처 사내 이메일 su 자택 주소 비상 경비 지원 정산 계좌 비상 정산 계좌 우리은행 금주 비상 상황 발생 상황 즉시 통보 조치 바라다
pii_jeh_097.txt,1,영업 관리 시스템 고객 상담 번호 hbs cs 상담 일자 작성자 담당자 주요 고객 기술 자문 견적 산출 제품 샘플 납품 상담 종합 관리 고객 담당자 접수 정보 고객 담당자 성명 직통 연락처 대표 이메일 ka 사업 주소 경기도 성남시 분당구 정로 주민등록 번호 본인 식별 수집 동의 상담 주문 상세 제품 차세대 ap 실리콘 웨이퍼 패키징 샘플 상담 요약 납기 일정 단축 협의 테스트 수량 추가 발주 검토 완료 단가 협의 진행 예정 샘플 테스트 정산 환불 계좌 정산 계좌 기업은행 금주 비고 정산 수수료 환불 지정 계좌 사전 검증 완료
pii_jeh_092.txt,1,영업 관리 시스템 고객 상담 번호 hbs cs 상담 일자 작성자 담당자 주요 고객 기술 자문 견적 산출 제품 샘플 납품 상담 종합 관리 고객 담당자 접수 정보 고객 담당자 성명 직통 연락처 대표 이메일 ho 사업 주소 인천광역시 연수구 베다 주민등록 번호 본인 식별 수집 동의 상담 주문 상세 제품 차세대 ap 실리콘 웨이퍼 패키징 샘플 상담 요약 납기 일정 단축 협의 테스트 수량 추가 발주 검토 완료 단가 협의 진행 예정 샘플 테스트 정산 환불 계좌 정산 계좌 신한은행 금주 비고 정산 수수료 환불 지정 계좌 사전 검증 완료
pii_jeh_099.txt,1,복리 후생 시스템 경조사 지원 신청서 신청 번호 hbs wel 신청 일자 접수 직원 복리 후생 규정 의거 조비 지급 경조 휴가 신청 신청 직원 인적 성명 주민등록 번호 소속 직급 비상 연락처 사내 이메일 yo 자택 주소 조금 지급 서류 검토 수령 계좌 신한은행 금주 증빙 서류 가족 관계 증명서 경조 증빙 서류 첨부 완료 지급 항목 경조 원금 축하 화환 발송 처리
pii_jeh_107.txt,1,영업 관리 시스템 고객 상담 번호 hbs cs 상담 일자 작성자 담당자 주요 고객 기술 자문 견적 산출 제품 샘플 납품 상담 종합 관리 고객 담당자 접수 정보 고객 담당자 성명 직통 연락처 대표 이메일 sh 사업 주소 경기도 용인시 기흥구 흥덕 주민등록 번호 본인 식별 수집 동의 상담 주문 상세 제품 차세대 ap 실리콘 웨이퍼 패키징 샘플 상담 요약 납기 일정 단축 협의 테스트 수량 추가 발주 검토 완료 단가 협의 진행 예정 샘플 테스트 정산 환불 계좌 정산 계좌 국민은행 금주 비고 정산 수수료 환불 지정 계좌 사전 검증 완료
pii_jeh_084.txt,1,복리 후생 시스템 경조사 지원 신청서 신청 번호 hbs wel 신청 일자 접수 직원 복리 후생 규정 의거 조비 지급 경조 휴가 신청 신청 직원 인적 성명 주민등록 번호 소속 직급 주임 연구원 비상 연락처 사내 이메일 yo 자택 주소 조금 지급 서류 검토 수령 계좌 카카오 뱅크 금주 증빙 서류 가족 관계 증명서 경조 증빙 서류 첨부 완료 지급 항목 경조 원금 축하 화환 발송 처리
pii_jeh_088.txt,1,캠퍼스 외부 협력 출입 신청서 신청 번호 hbs acc 접수 일자 관리 사업 출입 설비 점검 외부 방문 작업 신청 신원 정보 다음 등록 방문 출입 신청 정보 성명 hwang ji min 주민등록 번호 비상 연락처 이메일 hw 자택 주소 출입 목적 세부 일정 출입 목적 fab 클린룸 노광 에칭 설비 정기 점검 유지 보수 작업 출입 장소 평택 기흥 캠퍼스 fab 출입 기간 보안 약정 동의 사업 내부 촬영 금지 개인 저장매체 반입 제한 동의 완료 안전 보안 교육 이수 서약 제출
pii_jeh_110.txt,1,사업 안전 보안 비상 연락망 번호 hbs emg 최종 정일 관리 비상 연락망 사업 비상 상황 화재 가스 추다 정전 발생 신속하다 소집 긴급 연락 체계 유지 비상 대응 담당자 인적 담당자 성명 파트장 주민등록 번호 소속 비상 연락처 사내 이메일 so 자택 주소 비상 경비 지원 정산 계좌 비상 정산 계좌 농협 은행 금주 비상 상황 발생 상황 즉시 통보 조치 바라다
pii_jeh_086.txt,1,사내 보안등 대외 서명 신규 배치 인적 직원 명부 번호 hbs hr 조직 개편 배치 직원 신원 정보 정산 인적 기록 사내 공식 직원 명부 포함 개인정보 사내 인사 관리 복리 후생 적용 급여 정산 목적 활용 무단 유출 법적 책임 사내 징계 조치 대상자 인적 성명 song ha eun 주민등록 번호 비상 연락처 사내 이메일 so 자택 주소 급여 지급 정산 정보 급여 계좌 국민은행 금주 소속 직급 r d 연구소 과장 hbs 비고 승인 사내 보안 등급 평가 완료 보안 서약 제출 클린룸 연구소 보안 구역 출입 자격 승인 자임 보관
pii_jeh_103.txt,1,캠퍼스 외부 협력 출입 신청서 신청 번호 hbs acc 접수 일자 관리 사업 출입 설비 점검 외부 방문 작업 신청 신원 정보 다음 등록 방문 출입 신청 정보 성명 kim do yoon 주민등록 번호 비상 연락처 이메일 ki 자택 주소 출입 목적 세부 일정 출입 목적 fab 클린룸 노광 에칭 설비 정기 점검 유지 보수 작업 출입 장소 평택 기흥 캠퍼스 fab 출입 기간 보안 약정 동의 사업 내부 촬영 금지 개인 저장매체 반입 제한 동의 완료 안전 보안 교육 이수 서약 제출
pii_jeh_096.txt,1,사내 보안등 대외 서명 신규 배치 인적 직원 명부 번호 hbs hr 조직 개편 배치 직원 신원 정보 정산 인적 기록 사내 공식 직원 명부 포함 개인정보 사내 인사 관리 복리 후생 적용 급여 정산 목적 활용 무단 유출 법적 책임 사내 징계 조치 대상자 인적 성명 서다 noh eun seo 주민등록 번호 비상 연락처 사내 이메일 no 자택 주소 급여 지급 정산 정보 급여 계좌 농협 은행 금주 서다 소속 직급 r d 연구소 과장 hbs 비고 승인 사내 보안 등급 평가 완료 보안 서약 제출 클린룸 연구소 보안 구역 출입 자격 승인 자임 보관
pii_jeh_111.txt,1,사내 보안등 대외 서명 신규 배치 인적 직원 명부 번호 hbs hr 조직 개편 배치 직원 신원 정보 정산 인적 기록 사내 공식 직원 명부 포함 개인정보 사내 인사 관리 복리 후생 적용 급여 정산 목적 활용 무단 유출 법적 책임 사내 징계 조치 대상자 인적 성명 kwon ji ho 주민등록 번호 비상 연락처 사내 이메일 kw 자택 주소 급여 지급 정산 정보 급여 계좌 기업은행 금주 소속 직급 수석 연구원 hbs 비고 승인 사내 보안 등급 평가 완료 보안 서약 제출 클린룸 연구소 보안 구역 출입 자격 승인 자임 보관
pii_jeh_093.txt,1,캠퍼스 외부 협력 출입 신청서 신청 번호 hbs acc 접수 일자 관리 사업 출입 설비 점검 외부 방문 작업 신청 신원 정보 다음 등록 방문 출입 신청 정보 성명 baek seung hyun 주민등록 번호 비상 연락처 이메일 ba 자택 주소 출입 목적 세부 일정 출입 목적 fab 클린룸 노광 에칭 설비 정기 점검 유지 보수 작업 출입 장소 평택 기흥 캠퍼스 fab 출입 기간 보안 약정 동의 사업 내부 촬영 금지 개인 저장매체 반입 제한 동의 완료 안전 보안 교육 이수 서약 제출
pii_jeh_104.txt,1,복리 후생 시스템 경조사 지원 신청서 신청 번호 hbs wel 신청 일자 접수 직원 복리 후생 규정 의거 조비 지급 경조 휴가 신청 신청 직원 인적 성명 주민등록 번호 소속 직급 주임 연구원 비상 연락처 사내 이메일 le 자택 주소 조금 지급 서류 검토 수령 계좌 기업은행 금주 증빙 서류 가족 관계 증명서 경조 증빙 서류 첨부 완료 지급 항목 경조 원금 축하 화환 발송 처리
pii_jeh_091.txt,1,사내 보안등 대외 서명 신규 배치 인적 직원 명부 번호 hbs hr 조직 개편 배치 직원 신원 정보 정산 인적 기록 사내 공식 직원 명부 포함 개인정보 사내 인사 관리 복리 후생 적용 급여 정산 목적 활용 무단 유출 법적 책임 사내 징계 조치 대상자 인적 성명 jeon ye jun 주민등록 번호 비상 연락처 사내 이메일 je 자택 주소 급여 지급 정산 정보 급여 계좌 카카오 뱅크 금주 소속 직급 수석 연구원 hbs 비고 승인 사내 보안 등급 평가 완료 보안 서약 제출 클린룸 연구소 보안 구역 출입 자격 승인 자임 보관
pii_jeh_087.txt,1,영업 관리 시스템 고객 상담 번호 hbs cs 상담 일자 작성자 담당자 주요 고객 기술 자문 견적 산출 제품 샘플 납품 상담 종합 관리 고객 담당자 접수 정보 고객 담당자 성명 직통 연락처 대표 이메일 kw 사업 주소 경기도 수원시 영통구 광교 중앙 주민등록 번호 본인 식별 수집 동의 상담 주문 상세 제품 차세대 ap 실리콘 웨이퍼 패키징 샘플 상담 요약 납기 일정 단축 협의 테스트 수량 추가 발주 검토 완료 단가 협의 진행 예정 샘플 테스트 정산 환불 계좌 정산 계좌 하나은행 금주 비고 정산 수수료 환불 지정 계좌 사전 검증 완료
pii_jeh_089.txt,1,복리 후생 시스템 경조사 지원 신청서 신청 번호 hbs wel 신청 일자 접수 직원 복리 후생 규정 의거 조비 지급 경조 휴가 신청 신청 직원 인적 성명 서다 주민등록 번호 소속 직급 비상 연락처 사내 이메일 se 자택 주소 조금 지급 서류 검토 수령 계좌 농협 은행 금주 서다 증빙 서류 가족 관계 증명서 경조 증빙 서류 첨부 완료 지급 항목 경조 원금 축하 화환 발송 처리
pii_jeh_112.txt,1,영업 관리 시스템 고객 상담 번호 hbs cs 상담 일자 작성자 담당자 주요 고객 기술 자문 견적 산출 제품 샘플 납품 상담 종합 관리 고객 담당자 접수 정보 고객 담당자 성명 직통 연락처 대표 이메일 hw 사업 주소 대전광역시 유성구 대덕대로 주민등록 번호 본인 식별 수집 동의 상담 주문 상세 제품 차세대 ap 실리콘 웨이퍼 패키징 샘플 상담 요약 납기 일정 단축 협의 테스트 수량 추가 발주 검토 완료 단가 협의 진행 예정 샘플 테스트 정산 환불 계좌 정산 계좌 카카오 뱅크 금주 비고 정산 수수료 환불 지정 계좌 사전 검증 완료
pii_jeh_098.txt,1,캠퍼스 외부 협력 출입 신청서 신청 번호 hbs acc 접수 일자 관리 사업 출입 설비 점검 외부 방문 작업 신청 신원 정보 다음 등록 방문 출입 신청 정보 성명 park seo jun 주민등록 번호 비상 연락처 이메일 pa 자택 주소 출입 목적 세부 일정 출입 목적 fab 클린룸 노광 에칭 설비 정기 점검 유지 보수 작업 출입 장소 평택 기흥 캠퍼스 fab 출입 기간 보안 약정 동의 사업 내부 촬영 금지 개인 저장매체 반입 제한 동의 완료 안전 보안 교육 이수 서약 제출
pii_jeh_102.txt,1,영업 관리 시스템 고객 상담 번호 hbs cs 상담 일자 작성자 담당자 주요 고객 기술 자문 견적 산출 제품 샘플 납품 상담 종합 관리 고객 담당자 접수 정보 고객 담당자 성명 직통 연락처 대표 이메일 li 사업 주소 서울특별시 강남구 테헤란로 주민등록 번호 본인 식별 수집 동의 상담 주문 상세 제품 차세대 ap 실리콘 웨이퍼 패키징 샘플 상담 요약 납기 일정 단축 협의 테스트 수량 추가 발주 검토 완료 단가 협의 진행 예정 샘플 테스트 정산 환불 계좌 정산 계좌 우리은행 금주 비고 정산 수수료 환불 지정 계좌 사전 검증 완료
pii_jeh_083.txt,1,캠퍼스 외부 협력 출입 신청서 신청 번호 hbs acc 접수 일자 관리 사업 출입 설비 점검 외부 방문 작업 신청 신원 정보 다음 등록 방문 출입 신청 정보 성명 shin dong hyun 주민등록 번호 비상 연락처 이메일 sh 자택 주소 출입 목적 세부 일정 출입 목적 fab 클린룸 노광 에칭 설비 정기 점검 유지 보수 작업 출입 장소 평택 기흥 캠퍼스 fab 출입 기간 보안 약정 동의 사업 내부 촬영 금지 개인 저장매체 반입 제한 동의 완료 안전 보안 교육 이수 서약 제출
pii_jeh_090.txt,1,사업 안전 보안 비상 연락망 번호 hbs emg 최종 정일 관리 비상 연락망 사업 비상 상황 화재 가스 추다 정전 발생 신속하다 소집 긴급 연락 체계 유지 비상 대응 담당자 인적 담당자 성명 파트장 주민등록 번호 소속 비상 연락처 사내 이메일 an 자택 주소 비상 경비 지원 정산 계좌 비상 정산 계좌 기업은행 금주 비상 상황 발생 상황 즉시 통보 조치 바라다
pii_jeh_100.txt,1,사업 안전 보안 비상 연락망 번호 hbs emg 최종 정일 관리 비상 연락망 사업 비상 상황 화재 가스 추다 정전 발생 신속하다 소집 긴급 연락 체계 유지 비상 대응 담당자 인적 담당자 성명 파트장 주민등록 번호 소속 비상 연락처 사내 이메일 ch 자택 주소 비상 경비 지원 정산 계좌 비상 정산 계좌 국민은행 금주 비상 상황 발생 상황 즉시 통보 조치 바라다
pii_jeh_094.txt,1,복리 후생 시스템 경조사 지원 신청서 신청 번호 hbs wel 신청 일자 접수 직원 복리 후생 규정 의거 조비 지급 경조 휴가 신청 신청 직원 인적 성명 주민등록 번호 소속 직급 주임 연구원 비상 연락처 사내 이메일 mo 자택 주소 조금 지급 서류 검토 수령 계좌 하나은행 금주 증빙 서류 가족 관계 증명서 경조 증빙 서류 첨부 완료 지급 항목 경조 원금 축하 화환 발송 처리
pii_jeh_105.txt,1,사업 안전 보안 비상 연락망 번호 hbs emg 최종 정일 관리 비상 연락망 사업 비상 상황 화재 가스 추다 정전 발생 신속하다 소집 긴급 연락 체계 유지 비상 대응 담당자 인적 담당자 성명 차장 주민등록 번호 소속 평택 fab 비상 연락처 사내 이메일 ha 자택 주소 비상 경비 지원 정산 계좌 비상 정산 계좌 카카오 뱅크 금주 비상 상황 발생 상황 즉시 통보 조치 바라다
pii_jeh_125.docx,1,번호 pii jeh 비상 연락망 개인정보 관리 서식 비상 연락망 처리 지침 상세 명세 비상 연락망 재난 재해 비상 상황 발생 신속하다 상황 공유 비상 소집 목적 비상 연락 체계 유지 주소 전화번호 이메일 변경 즉시 수정 보고 명부 목적 사용 무단 배포 엄격하다 금지 비상 보안 담당자 통제 작동 포함 모든 개인정보 항목 테스트 가상 데이터 실존 관리 id pii jeh 서식 비상 연락망 소속 직급 주민등록 번호 전화번호 he 등록 일자 대구광역시 수성구 달구벌대로 범어동 급여 입금 은행 nh 농협 은행 계좌 번호 정보 구분 가상 식별 정보 테스트 보안 등급 대외 level
pii_jeh_127.docx,1,번호 pii jeh 고객 상담 기록 개인정보 관리 서식 고객 상담 기록 처리 지침 상세 명세 고객 문의 접수 신속하다 해결 처리 공식 상담 기록부 상담 진행 제반 기록 관리 서비스 품질 향상 직원 교육 활용 수집 정보 고객 요청 수집 목적 소멸하다 즉시 파기 처리 포함 모든 개인정보 항목 테스트 가상 데이터 실존 관리 id pii jeh 서식 고객 상담 기록 소속 직급 우수 고객 주민등록 번호 전화번호 yj 등록 일자 광주 광역시 서구 상무 평화로 치평동 급여 입금 은행 토스 뱅크 계좌 번호 정보 구분 가상 식별 정보 테스트 보안 등급 대외 level
pii_jeh_129.docx,1,번호 pii jeh 경조사 지원 신청 개인정보 관리 서식 경조사 지원 신청 처리 지침 상세 명세 신청서 직원 경조사 발생 회사 차원 축하 조의 경조 물품 지급 제출 경조사 발생 일로 이내 증빙 서류 첨부 제출 정상 승인 지급 이루어지다 제출 금융 계좌 정보 원금 차기 급여 입금 포함 모든 개인정보 항목 테스트 가상 데이터 실존 관리 id pii jeh 서식 경조사 지원 신청 소속 직급 선임 매니저 주민등록 번호 전화번호 gw 등록 일자 세종 특별자치시 누리 어진동 급여 입금 은행 kb 국민은행 계좌 번호 정보 구분 가상 식별 정보 테스트 보안 등급 대외 level
pii_jeh_126.docx,1,번호 pii jeh 직원 명부 개인정보 관리 서식 직원 명부 처리 지침 상세 명세 직원 명부 개발 인력 통합 관리 프로젝트 배치 기본 인사 카드 직원 신원 정보 급여 지급 계좌 정보 법령 사내 보안 지침 엄격하다 보관 기재 개인정보 목적 달성 개인정보 파기 절차 안전하다 조치 포함 모든 개인정보 항목 테스트 가상 데이터 실존 관리 id pii jeh 서식 직원 명부 소속 직급 수석 연구원 주민등록 번호 전화번호 hw 등록 일자 대전광역시 유성구 대학로 궁동 급여 입금 은행 카카오 뱅크 계좌 번호 정보 구분 가상 식별 정보 테스트 보안 등급 대외 level
pii_jeh_117.txt,1,영업 관리 시스템 고객 상담 번호 hbs cs 상담 일자 작성자 담당자 주요 고객 기술 자문 견적 산출 제품 샘플 납품 상담 종합 관리 고객 담당자 접수 정보 고객 담당자 성명 직통 연락처 대표 이메일 ba 사업 주소 경기도 평택시 고덕 국제 주민등록 번호 본인 식별 수집 동의 상담 주문 상세 제품 차세대 ap 실리콘 웨이퍼 패키징 샘플 상담 요약 납기 일정 단축 협의 테스트 수량 추가 발주 검토 완료 단가 협의 진행 예정 샘플 테스트 정산 환불 계좌 정산 계좌 농협 은행 금주 비고 정산 수수료 환불 지정 계좌 사전 검증 완료
pii_jeh_137.pdf,1,출입 신청서 기본 인적 성명 관리 번호 doc 주민등록 번호 연락처 이메일 us domain 자택 주소 상세 신청 처리 출입 신청서 처리 내부 정보 관리 서식 개인정보 보호 내부 보안 관리 지침 주민등록 번호 비롯 핵심 고유 정보 식별 절차 거치다 안전하다 관리 제공 해주다 연락처 주소 계좌 번호 정보 목적 달성 급여 지급 조금 지원 출입 관리 비상 소집 구축 규정 즉시 파기 예정 담당자 본인 여부 서류 완료 개인정보 수집 동의 수령 완료 일자 담당
pii_jeh_132.docx,1,번호 pii jeh 고객 상담 기록 개인정보 관리 서식 고객 상담 기록 처리 지침 상세 명세 기록 제품 서비스 만족도 조사 개선 문의 접수 고객 소중하다 의견 서비스 개선 신규 서비스 기획 기초 자료 로만 활용 고객 식별 수집 정보 서비스 목적 완료 관계 법령 파기 포함 모든 개인정보 항목 테스트 가상 데이터 실존 관리 id pii jeh 서식 고객 상담 기록 소속 직급 일반 고객 주민등록 번호 전화번호 su 등록 일자 충청북도 청주시 상당구 사직대로 화동 급여 입금 은행 우리은행 계좌 번호 정보 구분 가상 식별 정보 테스트 보안 등급 대외 level
pii_jeh_121.docx,1,번호 pii jeh 직원 명부 개인정보 관리 서식 직원 명부 처리 지침 상세 명세 직원 명부 카드 사내 인사 관리 시스템 연동 인력 현황 파악 기본 관리 표준 양식 해당 직원 신원 정보 비상 연락망 급여 계좌 정보 인사 기본 규정 철저하다 관리 외부 유출 엄격하다 금지 변경 발생 이내 제출 업데이트 포함 모든 개인정보 항목 테스트 가상 데이터 실존 관리 id pii jeh 서식 직원 명부 소속 직급 선임 연구원 주민등록 번호 전화번호 sj 등록 일자 서울특별시 마포구 월드컵 북로 상암동 급여 입금 은행 kb 국민은행 계좌 번호 정보 구분 가상 식별 정보 테스트 보안 등급 대외 level
pii_jeh_119.txt,1,복리 후생 시스템 경조사 지원 신청서 신청 번호 hbs wel 신청 일자 접수 직원 복리 후생 규정 의거 조비 지급 경조 휴가 신청 신청 직원 인적 성명 주민등록 번호 소속 직급 비상 연락처 사내 이메일 su 자택 주소 조금 지급 서류 검토 수령 계좌 카카오 뱅크 금주 증빙 서류 가족 관계 증명서 경조 증빙 서류 첨부 완료 지급 항목 경조 원금 축하 화환 발송 처리
pii_jeh_140.pdf,1,직원 명부 기본 인적 성명 관리 번호 doc 주민등록 번호 연락처 이메일 us domain 자택 주소 상세 신청 처리 직원 명부 처리 내부 정보 관리 서식 개인정보 보호 내부 보안 관리 지침 주민등록 번호 비롯 핵심 고유 정보 식별 절차 거치다 안전하다 관리 제공 해주다 연락처 주소 계좌 번호 정보 목적 달성 급여 지급 조금 지원 출입 관리 비상 소집 구축 규정 즉시 파기 예정 담당자 본인 여부 서류 완료 개인정보 수집 동의 수령 완료 일자 담당
pii_jeh_120.txt,1,사업 안전 보안 비상 연락망 번호 hbs emg 최종 정일 관리 비상 연락망 사업 비상 상황 화재 가스 추다 정전 발생 신속하다 소집 긴급 연락 체계 유지 비상 대응 담당자 인적 담당자 성명 서다 파트장 주민등록 번호 소속 비상 연락처 사내 이메일 no 자택 주소 비상 경비 지원 정산 계좌 비상 정산 계좌 신한은행 금주 서다 비상 상황 발생 상황 즉시 통보 조치 바라다
pii_jeh_116.txt,1,사내 보안등 대외 서명 신규 배치 인적 직원 명부 번호 hbs hr 조직 개편 배치 직원 신원 정보 정산 인적 기록 사내 공식 직원 명부 포함 개인정보 사내 인사 관리 복리 후생 적용 급여 정산 목적 활용 무단 유출 법적 책임 사내 징계 조치 대상자 인적 성명 hong da eun 주민등록 번호 비상 연락처 사내 이메일 ho 자택 주소 급여 지급 정산 정보 급여 계좌 우리은행 금주 소속 직급 r d 연구소 과장 hbs 비고 승인 사내 보안 등급 평가 완료 보안 서약 제출 클린룸 연구소 보안 구역 출입 자격 승인 자임 보관
pii_jeh_124.docx,1,번호 pii jeh 경조사 지원 신청 개인정보 관리 서식 경조사 지원 신청 처리 지침 상세 명세 신청서 복리 후생 규정 의거 사비 경조 화환 지원 신청 서식 신청서 여부 증빙 서류 청첩장 사망진단서 제출 필수 지급 금액 내부 규정 결정 신청서 제출 다음 급여 지급 해당 계좌 지급 포함 모든 개인정보 항목 테스트 가상 데이터 실존 관리 id pii jeh 서식 경조사 지원 신청 소속 직급 책임 매니저 주민등록 번호 전화번호 jw 등록 일자 부산광역시 해운대구 센텀서 우동 급여 입금 은행 우리은행 계좌 번호 정보 구분 가상 식별 정보 테스트 보안 등급 대외 level
pii_jeh_114.txt,1,복리 후생 시스템 경조사 지원 신청서 신청 번호 hbs wel 신청 일자 접수 직원 복리 후생 규정 의거 조비 지급 경조 휴가 신청 신청 직원 인적 성명 주민등록 번호 소속 직급 주임 연구원 비상 연락처 사내 이메일 an 자택 주소 조금 지급 서류 검토 수령 계좌 국민은행 금주 증빙 서류 가족 관계 증명서 경조 증빙 서류 첨부 완료 지급 항목 경조 원금 축하 화환 발송 처리
pii_jeh_134.docx,1,번호 pii jeh 경조사 지원 신청 개인정보 관리 서식 경조사 지원 신청 처리 지침 상세 명세 신청서 복지 기금 지원 규정 조금 청구 신청 본인 계좌 증빙 서류 여부 서명 제출 바라다 허위 기재 원금 환수 인사 조치 포함 모든 개인정보 항목 테스트 가상 데이터 실존 관리 id pii jeh 서식 경조사 지원 신청 소속 직급 주임 주민등록 번호 전화번호 mj 등록 일자 전라남도 목포시 통일대로 옥암동 급여 입금 은행 카카오 뱅크 계좌 번호 정보 구분 가상 식별 정보 테스트 보안 등급 대외 level
pii_jeh_130.docx,1,번호 pii jeh 비상 연락망 개인정보 관리 서식 비상 연락망 처리 지침 상세 명세 비상 연락망 카드 긴급 사태 대처 해외 사업 비상 대처 수집 개인 신상 정보 최신 비상 연락처 정보 정확하다 기록 분기 점검 실시 무단 복사 외부 전송 행위 제재 관리 철저 기하 시기 바라다 포함 모든 개인정보 항목 테스트 가상 데이터 실존 관리 id pii jeh 서식 비상 연락망 소속 직급 차장 주민등록 번호 전화번호 sa 등록 일자 경기도 수원시 영통구 광교 이의동 급여 입금 은행 신한은행 계좌 번호 정보 구분 가상 식별 정보 테스트 보안 등급 대외 level
pii_jeh_136.pdf,1,고객 상담 기록 기본 인적 성명 희다 관리 번호 doc 주민등록 번호 연락처 이메일 us domain 자택 주소 상세 신청 처리 고객 상담 기록 처리 내부 정보 관리 서식 개인정보 보호 내부 보안 관리 지침 주민등록 번호 비롯 핵심 고유 정보 식별 절차 거치다 안전하다 관리 제공 해주다 연락처 주소 계좌 번호 정보 목적 달성 급여 지급 조금 지원 출입 관리 비상 소집 구축 규정 즉시 파기 예정 담당자 본인 여부 서류 완료 개인정보 수집 동의 수령 완료 일자 담당
pii_jeh_128.docx,1,번호 pii jeh 출입 신청서 개인정보 관리 서식 출입 신청서 처리 지침 상세 명세 출입 신청서 본사 주요 시설 정기 점검 유지 보수 임시 출입 허가증 발급 서식 신청서 모든 개인정보 신원 보안 점검 목적 사용 사업 방문 안내 요원 안내 반입 물품 목록 명확하다 신고 포함 모든 개인정보 항목 테스트 가상 데이터 실존 관리 id pii jeh 서식 출입 신청서 소속 직급 점검 위원 주민등록 번호 전화번호 ja 등록 일자 울산 광역시 남구 삼산로 달동 급여 입금 은행 기업은행 계좌 번호 정보 구분 가상 식별 정보 테스트 보안 등급 대외 level
pii_jeh_122.docx,1,번호 pii jeh 고객 상담 기록 개인정보 관리 서식 고객 상담 기록 처리 지침 상세 명세 기록 vip 고객 종합 상담 서비스 대한 상세 기록 상담 금융 상품 안내 서비스 불편 접수 처리 결과 안내 포함 수집 개인정보 상담 이력 개인정보 보호 의거 상담 목적 달성 안전하다 보관 고객 동의 제공 포함 모든 개인정보 항목 테스트 가상 데이터 실존 관리 id pii jeh 서식 고객 상담 기록 서다 소속 직급 vip 고객 주민등록 번호 전화번호 ms 등록 일자 경기도 성남시 분당구 판교역 백현동 급여 입금 은행 신한은행 계좌 번호 정보 구분 가상 식별 정보 테스트 보안 등급 대외 level
pii_jeh_123.docx,1,번호 pii jeh 출입 신청서 개인정보 관리 서식 출입 신청서 처리 지침 상세 명세 출입 신청서 사내 보안 구역 일시 출입 허가 신청 출입 기간 동안 보안 가이드라인 준수 지정 구역 통제 구역 무단 출입 금지 출입 분실 즉시 안내 데스크 신고 퇴실 출입 반납 포함 모든 개인정보 항목 테스트 가상 데이터 실존 관리 id pii jeh 서식 출입 신청서 소속 직급 수석 엔지니어 주민등록 번호 전화번호 dy 등록 일자 인천광역시 연수구 송도 문화 송도동 급여 입금 은행 하나은행 계좌 번호 정보 구분 가상 식별 정보 테스트 보안 등급 대외 level
pii_jeh_113.txt,1,캠퍼스 외부 협력 출입 신청서 신청 번호 hbs acc 접수 일자 관리 사업 출입 설비 점검 외부 방문 작업 신청 신원 정보 다음 등록 방문 출입 신청 정보 성명 서다 seo keon woo 주민등록 번호 비상 연락처 이메일 se 자택 주소 출입 목적 세부 일정 출입 목적 fab 클린룸 노광 에칭 설비 정기 점검 유지 보수 작업 출입 장소 평택 기흥 캠퍼스 fab 출입 기간 보안 약정 동의 사업 내부 촬영 금지 개인 저장매체 반입 제한 동의 완료 안전 보안 교육 이수 서약 제출
pii_jeh_115.txt,1,사업 안전 보안 비상 연락망 번호 hbs emg 최종 정일 관리 비상 연락망 사업 비상 상황 화재 가스 추다 정전 발생 신속하다 소집 긴급 연락 체계 유지 비상 대응 담당자 인적 담당자 성명 차장 주민등록 번호 소속 평택 fab 비상 연락처 사내 이메일 je 자택 주소 비상 경비 지원 정산 계좌 비상 정산 계좌 하나은행 금주 비상 상황 발생 상황 즉시 통보 조치 바라다
pii_jeh_131.docx,1,번호 pii jeh 직원 명부 개인정보 관리 서식 직원 명부 처리 지침 상세 명세 카드 법무 전담 인력 신원 관리 직무 배치 목적 서식 직원 본인 정보 급여 계좌 엄격하다 보안 데이터베이스 기록 관리 퇴사 규정 의거 법정 보관 기간 준수 즉시 파기 처리 포함 모든 개인정보 항목 테스트 가상 데이터 실존 관리 id pii jeh 서식 직원 명부 소속 직급 변호사 주민등록 번호 전화번호 jw 등록 일자 강원 특별자치도 춘천시 중앙 약사동 급여 입금 은행 하나은행 계좌 번호 정보 구분 가상 식별 정보 테스트 보안 등급 대외 level
pii_jeh_118.txt,1,캠퍼스 외부 협력 출입 신청서 신청 번호 hbs acc 접수 일자 관리 사업 출입 설비 점검 외부 방문 작업 신청 신원 정보 다음 등록 방문 출입 신청 정보 성명 moon ji 주민등록 번호 비상 연락처 이메일 mo 자택 주소 출입 목적 세부 일정 출입 목적 fab 클린룸 노광 에칭 설비 정기 점검 유지 보수 작업 출입 장소 평택 기흥 캠퍼스 fab 출입 기간 보안 약정 동의 사업 내부 촬영 금지 개인 저장매체 반입 제한 동의 완료 안전 보안 교육 이수 서약 제출
pii_jeh_135.docx,1,번호 pii jeh 비상 연락망 개인정보 관리 서식 비상 연락망 처리 지침 상세 명세 비상 연락망 명부 시스템 연구소 비상 상황 발생 빠르다 대응 안전 소속 비상 연락처 주소 정보 기적 갱신 관리 비상 대응 매뉴얼 활용 승인 무단 조회 복사 철저하다 금지 포함 모든 개인정보 항목 테스트 가상 데이터 실존 관리 id pii jeh 서식 비상 연락망 소속 직급 연구원 주민등록 번호 전화번호 sy 등록 일자 경상북도 포항시 남구 지곡로 지곡동 급여 입금 은행 토스 뱅크 계좌 번호 정보 구분 가상 식별 정보 테스트 보안 등급 대외 level
pii_jeh_138.pdf,1,경조사 지원 신청 기본 인적 성명 관리 번호 doc 주민등록 번호 연락처 이메일 us domain 자택 주소 상세 신청 처리 경조사 지원 신청 처리 내부 정보 관리 서식 개인정보 보호 내부 보안 관리 지침 주민등록 번호 비롯 핵심 고유 정보 식별 절차 거치다 안전하다 관리 제공 해주다 연락처 주소 계좌 번호 정보 목적 달성 급여 지급 조금 지원 출입 관리 비상 소집 구축 규정 즉시 파기 예정 담당자 본인 여부 서류 완료 개인정보 수집 동의 수령 완료 일자 담당
pii_jeh_139.pdf,1,비상 연락망 기본 인적 성명 관리 번호 doc 주민등록 번호 연락처 이메일 us domain 자택 주소 상세 신청 처리 비상 연락망 처리 내부 정보 관리 서식 개인정보 보호 내부 보안 관리 지침 주민등록 번호 비롯 핵심 고유 정보 식별 절차 거치다 안전하다 관리 제공 해주다 연락처 주소 계좌 번호 정보 목적 달성 급여 지급 조금 지원 출입 관리 비상 소집 구축 규정 즉시 파기 예정 담당자 본인 여부 서류 완료 개인정보 수집 동의 수령 완료 일자 담당
pii_jeh_133.docx,1,번호 pii jeh 출입 신청서 개인정보 관리 서식 출입 신청서 처리 지침 상세 명세 신청서 사내 정기 보안 감사 외부 전문 위원 방문 출입 신청서 출입 신분증 반드시 지다 차다 지정 회의실 이외 지역 방문 제한 촬영 장비 정보 통신 기기 반입 엄격하다 금지 포함 모든 개인정보 항목 테스트 가상 데이터 실존 관리 id pii jeh 서식 출입 신청서 서다 소속 직급 감리 위원 주민등록 번호 전화번호 yn 등록 일자 전북 특별자치도 전주시 완산구 홍산 효자동 급여 입금 은행 nh 농협 은행 계좌 번호 정보 구분 가상 식별 정보 테스트 보안 등급 대외 level
pii_jeh_141.pdf,1,고객 상담 기록 기본 인적 성명 관리 번호 doc 주민등록 번호 연락처 이메일 us domain 자택 주소 상세 신청 처리 고객 상담 기록 처리 내부 정보 관리 서식 개인정보 보호 내부 보안 관리 지침 주민등록 번호 비롯 핵심 고유 정보 식별 절차 거치다 안전하다 관리 제공 해주다 연락처 주소 계좌 번호 정보 목적 달성 급여 지급 조금 지원 출입 관리 비상 소집 구축 규정 즉시 파기 예정 담당자 본인 여부 서류 완료 개인정보 수집 동의 수령 완료 일자 담당
design_hvx_063.txt,1,내부 제목 hb pmic r soft start 기술 회의 담당 담당자 실험 일자 공정 코드 hb pmic r pmic soft start 개선 검토 설계 공정 합동 회의 진행 회의 온도 구간 단계 단계 세분 적용 고온 실패 결과 timing 영향 가능성 검토 추가 split lot corner simulation 담당
design_utn_090.txt,1,내부 제목 hb logic y fa priority 연구 주간 보고 담당 담당자 실험 일자 공정 코드 hb logic y yield wafer bin map 결함 원인 분석 fa priority 항목 점검 제어 임계 조정 조건 적용 오류 변수 유지 다음 반복 wafer 현재 내부 검증 관리
design_nnd_050.txt,1,내부 제목 hb chiplet c die routing 연구 주간 보고 담당 담당자 실험 일자 공정 코드 hb chiplet c pkg d chiplet 신호 무결 개선 die routing 항목 점검 제어 임계 조정 조건 적용 오류 변수 유지 다음 반복 wafer 현재 내부 검증 관리
design_vje_009.txt,1,내부 제목 hb nand v endpoint 특허 초안 담당 담당자 실험 일자 공정 코드 hb nand v etch endpoint 제어 방법 핵심 발명 포인트 제안 방식 상태 측정 샘플링 간격 축소 조건 선택 적용 후속 평가 재현 수준 확보 여부 보정 갱신 구조 청구 후보 초기 상태 저장 조건 선택 결과 피드백 단계 구성
design_rav_033.txt,1,내부 제목 hb npu a noc arbitration 기술 회의 담당 담당자 실험 일자 공정 코드 hb npu a npu noc arbitration 개선 검토 설계 공정 합동 회의 진행 회의 온도 구간 단계 단계 세분 적용 고온 실패 결과 timing 영향 가능성 검토 추가 split lot corner simulation 담당
design_qcp_017.txt,1,내부 제목 hb dram d down force 공정 사양 담당 담당자 실험 일자 공정 코드 hb dram d cmp down force 항목 개발 잠정 사양 정의 핵심 변경 보정 오프셋 변경 공정 허용 범위 장비 보정 오차 포함 내부 control limit 관리 대표 검증 마진 돼다 lot 투입 chamber 상태 장비 calibration 이탈 발생 이전 승인 조건 복귀
design_ily_106.txt,1,내부 제목 hb logic b barrier thickness 실험 기록 담당 담당자 실험 일자 공정 코드 hb logic b beol cu interconnect 저항 과정 barrier thickness 단일 변수 실험 수행 비교 직전 승인 조건 유지 시험 상향 조정만 적용 측정 결과 편차 돼다 wafer 중앙 edge 분포 별도 비교 장비 interlock 이상은 없다 동일 조건 반복 방향성 나타나다 다음 lot 고온 corner 장시간 drift 추가
design_qrr_006.docx,1,hb nand v 가스 유량 실험 기록 document id hb rd 종횡비 채널 식각 개선 과정 가스 유량 단일 변수 실험 수행 비교 직전 승인 조건 유지 시험 상향 조정만 적용 측정 결과 편차 돼다 wafer 중앙 edge 분포 별도 비교 장비 interlock 이상은 없다 동일 조건 반복 방향성 나타나다 다음 lot 고온 corner 장시간 drift 추가 담당 담당자 일자 공정 코드 hb nand v etch
design_djn_057.txt,1,내부 제목 hb cis m column adc 공정 사양 담당 담당자 실험 일자 공정 코드 hb cis m cis column adc 항목 개발 잠정 사양 정의 핵심 변경 보정 오프셋 변경 공정 허용 범위 장비 보정 오차 포함 내부 control limit 관리 대표 검증 마진 돼다 lot 투입 chamber 상태 장비 calibration 이탈 발생 이전 승인 조건 복귀
design_scb_077.txt,1,내부 제목 hb soc t atpg constraint 공정 사양 담당 담당자 실험 일자 공정 코드 hb soc t dft atpg constraint 항목 개발 잠정 사양 정의 핵심 변경 보정 오프셋 변경 공정 허용 범위 장비 보정 오차 포함 내부 control limit 관리 대표 검증 마진 돼다 lot 투입 chamber 상태 장비 calibration 이탈 발생 이전 승인 조건 복귀
design_sdf_072.txt,1,내부 제목 hb pll q charge pump 공정 사양 담당 담당자 실험 일자 공정 코드 hb pll q pll charge pump 항목 개발 잠정 사양 정의 핵심 변경 보정 오프셋 변경 공정 허용 범위 장비 보정 오차 포함 내부 control limit 관리 대표 검증 마진 돼다 lot 투입 chamber 상태 장비 calibration 이탈 발생 이전 승인 조건 복귀
design_myf_085.pdf,1,hanbit semiconductor r d document 연구 설계 hb rd hb io e i o leakage 연구 주간 보고 document id hb rd 담당 담당자 일자 공정 코드 hb io e esd i o esd 향상 i o leakage 항목 점검 제어 임계 조정 조건 적용 오류 변수 유지 다음 반복 wafer 현재 내부 검증 관리
design_ywu_056.docx,1,hb cis m transfer gate 실험 기록 document id hb rd 픽셀 노이즈 개선 과정 transfer gate 단일 변수 실험 수행 비교 직전 승인 조건 유지 시험 상향 조정만 적용 측정 결과 편차 돼다 wafer 중앙 edge 분포 별도 비교 장비 interlock 이상은 없다 동일 조건 반복 방향성 나타나다 다음 lot 고온 corner 장시간 drift 추가 담당 담당자 일자 공정 코드 hb cis m cis
design_cuu_113.pdf,1,hanbit semiconductor r d document 연구 설계 hb rd hb euv m pellicle 기술 회의 document id hb rd 담당 담당자 김현수 일자 공정 코드 hb euv m mask pellicle 개선 검토 설계 공정 합동 회의 진행 회의 온도 구간 단계 단계 세분 적용 고온 실패 결과 timing 영향 가능성 검토 추가 split lot corner simulation 담당
design_qui_099.docx,1,hb logic i channeling 특허 초안 document id hb rd channeling 제어 방법 핵심 발명 포인트 제안 방식 상태 측정 샘플링 간격 축소 조건 선택 적용 후속 평가 재현 수준 확보 여부 보정 갱신 구조 청구 후보 초기 상태 저장 조건 선택 결과 피드백 단계 구성 공개 논문 차별 순서 적용 범위 중심 선행 기술 검토 출원 구조도 수치 공개 제한 담당 담당자 일자 공정 코드 hb logic i implant
design_dkl_089.pdf,1,hanbit semiconductor r d document 연구 설계 hb rd hb logic y lot genealogy 특허 초안 document id hb rd 담당 담당자 일자 공정 코드 hb logic y yield lot genealogy 제어 방법 핵심 발명 포인트 제안 방식 상태 측정 샘플링 간격 축소 조건 선택 적용 후속 평가 재현 수준 확보 여부 보정 갱신 구조 청구 후보 초기 상태 저장 조건 선택 결과 피드백 단계 구성
design_uym_080.txt,1,내부 제목 hb soc t low power pattern 연구 주간 보고 담당 담당자 실험 일자 공정 코드 hb soc t dft scan mbist 테스트 단축 low power pattern 항목 점검 제어 임계 조정 조건 적용 오류 변수 유지 다음 반복 wafer 현재 내부 검증 관리
design_jsp_044.txt,1,내부 제목 hb ser s tx ffe 특허 초안 담당 담당자 실험 일자 공정 코드 hb ser s serdes tx ffe 제어 방법 핵심 발명 포인트 제안 방식 상태 측정 샘플링 간격 축소 조건 선택 적용 후속 평가 재현 수준 확보 여부 보정 갱신 구조 청구 후보 초기 상태 저장 조건 선택 결과 피드백 단계 구성
design_arw_028.txt,1,내부 제목 hb nand x read reference 기술 회의 담당 담당자 실험 일자 공정 코드 hb nand x nand read reference 개선 검토 설계 공정 합동 회의 진행 회의 온도 구간 단계 단계 세분 적용 고온 실패 결과 timing 영향 가능성 검토 추가 split lot corner simulation 담당
design_mzq_082.pdf,1,hanbit semiconductor r d document 연구 설계 hb rd hb io e scr trigger 공정 사양 document id hb rd 담당 담당자 일자 공정 코드 hb io e esd scr trigger 항목 개발 잠정 사양 정의 핵심 변경 보정 오프셋 변경 공정 허용 범위 장비 보정 오차 포함 내부 control limit 관리 대표 검증 마진 돼다 lot 투입 chamber 상태 장비 calibration 이탈 발생 이전 승인 조건 복귀
design_bsn_102.txt,1,내부 제목 hb nand a ramp rate 공정 사양 담당 담당자 실험 일자 공정 코드 hb nand a anneal ramp rate 항목 개발 잠정 사양 정의 핵심 변경 보정 오프셋 변경 공정 허용 범위 장비 보정 오차 포함 내부 control limit 관리 대표 검증 마진 돼다 lot 투입 chamber 상태 장비 calibration 이탈 발생 이전 승인 조건 복귀
design_nue_104.txt,1,내부 제목 hb nand a ambient 특허 초안 담당 담당자 실험 일자 공정 코드 hb nand a anneal ambient 제어 방법 핵심 발명 포인트 제안 방식 상태 측정 샘플링 간격 축소 조건 선택 적용 후속 평가 재현 수준 확보 여부 보정 갱신 구조 청구 후보 초기 상태 저장 조건 선택 결과 피드백 단계 구성
design_uml_049.txt,1,내부 제목 hb chiplet c thermal via 특허 초안 담당 담당자 실험 일자 공정 코드 hb chiplet c pkg thermal via 제어 방법 핵심 발명 포인트 제안 방식 상태 측정 샘플링 간격 축소 조건 선택 적용 후속 평가 재현 수준 확보 여부 보정 갱신 구조 청구 후보 초기 상태 저장 조건 선택 결과 피드백 단계 구성
design_hiq_092.txt,1,내부 제목 hb dram m focus recipe 공정 사양 담당 담당자 실험 일자 공정 코드 hb dram m metro focus recipe 항목 개발 잠정 사양 정의 핵심 변경 보정 오프셋 변경 공정 허용 범위 장비 보정 오차 포함 내부 control limit 관리 대표 검증 마진 돼다 lot 투입 chamber 상태 장비 calibration 이탈 발생 이전 승인 조건 복귀
design_twc_027.txt,1,내부 제목 hb nand x verify step 공정 사양 담당 담당자 실험 일자 공정 코드 hb nand x nand verify step 항목 개발 잠정 사양 정의 핵심 변경 보정 오프셋 변경 공정 허용 범위 장비 보정 오차 포함 내부 control limit 관리 대표 검증 마진 돼다 lot 투입 chamber 상태 장비 calibration 이탈 발생 이전 승인 조건 복귀
design_ina_078.txt,1,내부 제목 hb soc t mbist sequence 기술 회의 담당 담당자 희다 실험 일자 공정 코드 hb soc t dft mbist sequence 개선 검토 설계 공정 합동 회의 진행 회의 온도 구간 단계 단계 세분 적용 고온 실패 결과 timing 영향 가능성 검토 추가 split lot corner simulation 담당
design_vrr_035.docx,1,hb npu a pipeline stage 연구 주간 보고 document id hb rd npu 연산 블록 전력 pipeline stage 항목 점검 제어 임계 조정 조건 적용 오류 변수 유지 다음 반복 wafer 현재 내부 검증 관리 담당 담당자 일자 공정 코드 hb npu a npu
design_fzg_001.txt,1,내부 제목 hb dram d dose focus matrix 실험 기록 담당 담당자 실험 일자 공정 코드 hb dram d euv euv 노광 공정 최적화 과정 dose focus matrix 단일 변수 실험 수행 비교 직전 승인 조건 유지 시험 상향 조정만 적용 측정 결과 편차 돼다 wafer 중앙 edge 분포 별도 비교 장비 interlock 이상은 없다 동일 조건 반복 방향성 나타나다 다음 lot 고온 corner 장시간 drift 추가
design_maz_002.txt,1,내부 제목 hb dram d scanner overlay 공정 사양 담당 담당자 실험 일자 공정 코드 hb dram d euv scanner overlay 항목 개발 잠정 사양 정의 핵심 변경 보정 오프셋 변경 공정 허용 범위 장비 보정 오차 포함 내부 control limit 관리 대표 검증 마진 돼다 lot 투입 chamber 상태 장비 calibration 이탈 발생 이전 승인 조건 복귀
design_cop_103.txt,1,내부 제목 hb nand a soak time 기술 회의 담당 담당자 실험 일자 공정 코드 hb nand a anneal soak time 개선 검토 설계 공정 합동 회의 진행 회의 온도 구간 단계 단계 세분 적용 고온 실패 결과 timing 영향 가능성 검토 추가 split lot corner simulation 담당
design_fln_121.txt,1,내부 제목 hb fet n vth tuning 실험 기록 담당 담당자 실험 일자 공정 코드 hb fet n device nanosheet fet 전기 특성 개선 과정 vth tuning 단일 변수 실험 수행 비교 직전 승인 조건 유지 시험 상향 조정만 적용 측정 결과 편차 돼다 wafer 중앙 edge 분포 별도 비교 장비 interlock 이상은 없다 동일 조건 반복 방향성 나타나다 다음 lot 고온 corner 장시간 drift 추가
design_pxq_040.txt,1,내부 제목 hb hbm h temperature compensation 연구 주간 보고 담당 담당자 실험 일자 공정 코드 hb hbm h hbm hbm phy training margin 확대 temperature compensation 항목 점검 제어 임계 조정 조건 적용 오류 다음 반복 wafer
design_wfl_094.txt,1,내부 제목 hb dram m calibration 특허 초안 담당 담당자 실험 일자 공정 코드 hb dram m metro calibration 제어 방법 핵심 발명 포인트 제안 방식 상태 측정 샘플링 간격 축소 조건 선택 적용 후속 평가 재현 수준 확보 여부 보정 갱신 구조 청구 후보 초기 상태 저장 조건 선택 결과 피드백 단계 구성
design_hpi_019.txt,1,내부 제목 hb dram d endpoint gain 특허 초안 담당 담당자 실험 일자 공정 코드 hb dram d cmp endpoint gain 제어 방법 핵심 발명 포인트 제안 방식 상태 측정 샘플링 간격 축소 조건 선택 적용 후속 평가 재현 수준 확보 여부 보정 갱신 구조 청구 후보 초기 상태 저장 조건 선택 결과 피드백 단계 구성
design_mbt_054.txt,1,내부 제목 hb sic p termination ring 특허 초안 담당 담당자 실험 일자 공정 코드 hb sic p sic termination ring 제어 방법 핵심 발명 포인트 제안 방식 상태 측정 샘플링 간격 축소 조건 선택 적용 후속 평가 재현 수준 확보 여부 보정 갱신 구조 청구 후보 초기 상태 저장 조건 선택 결과 피드백 단계 구성
design_gpp_051.txt,1,내부 제목 hb sic p cell pitch 실험 기록 담당 담당자 실험 일자 공정 코드 hb sic p sic v sic mosfet 손실 과정 cell pitch 단일 변수 실험 수행 비교 직전 승인 조건 유지 시험 상향 조정만 적용 측정 결과 편차 돼다 wafer 중앙 edge 분포 별도 비교 장비 interlock 이상은 없다 동일 조건 반복 방향성 나타나다 다음 lot 고온 corner 장시간 drift 추가
design_luv_109.txt,1,내부 제목 hb logic b low k cure 특허 초안 담당 담당자 실험 일자 공정 코드 hb logic b beol low k cure 제어 방법 핵심 발명 포인트 제안 방식 상태 측정 샘플링 간격 축소 조건 선택 적용 후속 평가 재현 수준 확보 여부 보정 갱신 구조 청구 후보 초기 상태 저장 조건 선택 결과 피드백 단계 구성 공개 논문 차별 순서 적용 범위 중심 선행 기술 검토 출원 구조도 수치 공개 제한
design_lgq_087.pdf,1,hanbit semiconductor r d document 연구 설계 hb rd hb logic y defect threshold 공정 사양 document id hb rd 담당 담당자 일자 공정 코드 hb logic y yield defect threshold 항목 개발 잠정 사양 정의 핵심 변경 보정 오프셋 변경 공정 허용 범위 장비 보정 오차 포함 내부 control limit 관리 대표 검증 마진 돼다 lot 투입 chamber 상태 장비 calibration 이탈 발생 이전 승인 조건 복귀
design_ubg_003.txt,1,내부 제목 hb dram d edge field 기술 회의 담당 담당자 실험 일자 공정 코드 hb dram d euv edge field 개선 검토 설계 공정 합동 회의 진행 회의 온도 구간 단계 단계 세분 적용 고온 실패 결과 timing 영향 가능성 검토 추가 split lot corner simulation 담당 결과 방향 다음 revision 반영 현재 수치 의사결정 프로젝트 내부 검토 자료 유지
design_ovx_020.txt,1,내부 제목 hb dram d edge pressure 연구 주간 보고 담당 담당자 실험 일자 공정 코드 hb dram d cmp 금속 cmp 평탄 개선 edge pressure 항목 점검 제어 임계 조정 조건 적용 오류 변수 유지 다음 반복 wafer 현재 내부 검증 관리
design_odb_116.pdf,1,hanbit semiconductor r d document 연구 설계 hb rd hb logic g sheet release 실험 기록 document id hb rd 담당 담당자 일자 공정 코드 hb logic g gaa gaa nanosheet 공정 통합 과정 sheet release 단일 변수 실험 수행 비교 직전 승인 조건 유지 시험 상향 조정만 적용 측정 결과 편차 돼다 wafer 중앙 edge 분포 별도 비교 장비 interlock 이상은 없다 동일 조건 반복 방향성 나타나다 다음 lot 고온 corner 장시간 drift 추가 원시 로그 세부 recipe 승인 인원 공유
design_yoh_117.txt,1,내부 제목 hb logic g inner spacer 공정 사양 담당 담당자 실험 일자 공정 코드 hb logic g gaa inner spacer 항목 개발 잠정 사양 정의 핵심 변경 보정 오프셋 변경 공정 허용 범위 장비 보정 오차 포함 내부 control limit 관리 대표 검증 마진 돼다 lot 투입 chamber 상태 장비 calibration 이탈 발생 이전 승인 조건 복귀
design_wmo_026.pdf,1,hanbit semiconductor r d document 연구 설계 hb rd hb nand x program pulse 실험 기록 document id hb rd 담당 담당자 일자 공정 코드 hb nand x nand d nand program 알고리즘 개선 과정 program pulse 단일 변수 실험 수행 비교 직전 승인 조건 유지 시험 상향 조정만 적용 측정 결과 편차 돼다 wafer 중앙 edge 분포 별도 비교 장비 interlock 이상은 없다 동일 조건 반복 방향성 나타나다 다음 lot 고온 corner 장시간 drift 추가 원시 로그 세부 recipe 승인 인원 공유
design_zmr_096.txt,1,내부 제목 hb logic i implant dose 실험 기록 담당 담당자 실험 일자 공정 코드 hb logic i implant 손상 implantation 조건 개발 과정 implant dose 단일 변수 실험 수행 비교 직전 승인 조건 유지 시험 상향 조정만 적용 측정 결과 편차 돼다 wafer 중앙 edge 분포 별도 비교 장비 interlock 이상은 없다 동일 조건 반복 방향성 나타나다 다음 lot 고온 corner 장시간 drift 추가
design_tom_126.txt,1,내부 제목 hb dram r nbti 실험 기록 담당 담당자 실험 일자 공정 코드 hb dram r rel bti tddb 모델 정교 과정 nbti 단일 변수 실험 수행 비교 직전 승인 조건 유지 시험 상향 조정만 적용 측정 결과 편차 돼다 wafer 중앙 edge 분포 별도 비교 장비 interlock 이상은 없다 동일 조건 반복 방향성 나타나다 다음 lot 고온 corner 장시간 drift 추가
design_eyo_011.txt,1,내부 제목 hb logic l precursor pulse 실험 기록 담당 담당자 실험 일자 공정 코드 hb logic l ald high k ald 막다 개선 과정 precursor pulse 단일 변수 실험 수행 비교 직전 승인 조건 유지 시험 상향 조정만 적용 측정 결과 편차 돼다 wafer 중앙 edge 분포 별도 비교 장비 interlock 이상은 없다 동일 조건 반복 방향성 나타나다 다음 lot 고온 corner 장시간 drift 추가 원시 로그 세부 recipe 승인 인원 공유
design_kdq_055.txt,1,내부 제목 hb sic p source metal 연구 주간 보고 담당 담당자 실험 일자 공정 코드 hb sic p sic v sic mosfet 손실 source metal 항목 점검 제어 임계 조정 조건 적용 오류 변수 유지 다음 반복 wafer 현재 내부 검증 관리
design_usq_053.docx,1,hb sic p gate oxide 기술 회의 document id hb rd gate oxide 개선 검토 설계 공정 합동 회의 진행 회의 온도 구간 단계 단계 세분 적용 고온 실패 결과 timing 영향 가능성 검토 추가 split lot corner simulation 담당 담당 담당자 일자 공정 코드 hb sic p sic
design_mlg_045.txt,1,내부 제목 hb ser s pll bias 연구 주간 보고 담당 담당자 실험 일자 공정 코드 hb ser s serdes g serdes 수신 마진 개선 pll bias 항목 점검 제어 임계 조정 조건 적용 오류 변수 유지 다음 반복 wafer 현재 내부 검증 관리
design_ods_122.txt,1,내부 제목 hb fet n idsat 공정 사양 담당 담당자 실험 일자 공정 코드 hb fet n device idsat 항목 개발 잠정 사양 정의 핵심 변경 보정 오프셋 변경 공정 허용 범위 장비 보정 오차 포함 내부 control limit 관리 대표 검증 마진 돼다 lot 투입 chamber 상태 장비 calibration 이탈 발생 이전 승인 조건 복귀
design_qut_059.txt,1,내부 제목 hb cis m cds window 특허 초안 담당 담당자 실험 일자 공정 코드 hb cis m cis cds window 제어 방법 핵심 발명 포인트 제안 방식 상태 측정 샘플링 간격 축소 조건 선택 적용 후속 평가 재현 수준 확보 여부 보정 갱신 구조 청구 후보 초기 상태 저장 조건 선택 결과 피드백 단계 구성
design_vyp_097.txt,1,내부 제목 hb logic i implant energy 공정 사양 담당 담당자 실험 일자 공정 코드 hb logic i implant implant energy 항목 개발 잠정 사양 정의 핵심 변경 보정 오프셋 변경 공정 허용 범위 장비 보정 오차 포함 내부 control limit 관리 대표 검증 마진 돼다 lot 투입 chamber 상태 장비 calibration 이탈 발생 이전 승인 조건 복귀
design_gve_088.txt,1,내부 제목 hb logic y tool matching 기술 회의 담당 담당자 실험 일자 공정 코드 hb logic y yield tool matching 개선 검토 설계 공정 합동 회의 진행 회의 온도 구간 단계 단계 세분 적용 고온 실패 결과 timing 영향 가능성 검토 추가 split lot corner simulation 담당
design_kma_030.docx,1,hb nand x read disturb 연구 주간 보고 document id hb rd d nand program 알고리즘 개선 read disturb 항목 점검 제어 임계 조정 조건 적용 오류 변수 유지 다음 반복 wafer 현재 내부 검증 관리 담당 담당자 일자 공정 코드 hb nand x nand
design_gmh_124.txt,1,내부 제목 hb fet n dibl 특허 초안 담당 담당자 실험 일자 공정 코드 hb fet n device dibl 제어 방법 핵심 발명 포인트 제안 방식 상태 측정 샘플링 간격 축소 조건 선택 적용 후속 평가 재현 수준 확보 여부 보정 갱신 구조 청구 후보 초기 상태 저장 조건 선택 결과 피드백 단계 구성 공개 논문 차별 순서 적용 범위 중심 선행 기술 검토 출원 구조도 수치 공개 제한
design_kwl_041.docx,1,hb ser s ctle gain 실험 기록 document id hb rd g serdes 수신 마진 개선 과정 ctle gain 단일 변수 실험 수행 비교 직전 승인 조건 유지 시험 상향 조정만 적용 측정 결과 편차 돼다 wafer 중앙 edge 분포 별도 비교 장비 interlock 이상은 없다 동일 조건 반복 방향성 나타나다 다음 lot 고온 corner 장시간 drift 추가 담당 담당자 일자 공정 코드 hb ser s serdes
design_nmf_037.txt,1,내부 제목 hb hbm h vref training 공정 사양 담당 담당자 실험 일자 공정 코드 hb hbm h hbm vref training 항목 개발 잠정 사양 정의 핵심 변경 보정 오프셋 변경 공정 허용 범위 장비 보정 오차 포함 내부 control limit 관리 대표 검증 마진 돼다 lot 투입 chamber 상태 장비 calibration 이탈 발생 이전 승인 조건 복귀
design_fle_098.txt,1,내부 제목 hb logic i tilt angle 기술 회의 담당 담당자 희다 실험 일자 공정 코드 hb logic i implant tilt angle 개선 검토 설계 공정 합동 회의 진행 회의 온도 구간 단계 단계 세분 적용 고온 실패 결과 timing 영향 가능성 검토 추가 split lot corner simulation 담당
design_fia_052.txt,1,내부 제목 hb sic p jfet width 공정 사양 담당 담당자 실험 일자 공정 코드 hb sic p sic jfet width 항목 개발 잠정 사양 정의 핵심 변경 보정 오프셋 변경 공정 허용 범위 장비 보정 오차 포함 내부 control limit 관리 대표 검증 마진 돼다 lot 투입 chamber 상태 장비 calibration 이탈 발생 이전 승인 조건 복귀
design_kjt_108.txt,1,내부 제목 hb logic b cu anneal 기술 회의 담당 담당자 실험 일자 공정 코드 hb logic b beol cu anneal 개선 검토 설계 공정 합동 회의 진행 회의 온도 구간 단계 단계 세분 적용 고온 실패 결과 timing 영향 가능성 검토 추가 split lot corner simulation 담당
design_fks_079.pdf,1,hanbit semiconductor r d document 연구 설계 hb rd hb soc t bisr logic 특허 초안 document id hb rd 담당 담당자 일자 공정 코드 hb soc t dft bisr logic 제어 방법 핵심 발명 포인트 제안 방식 상태 측정 샘플링 간격 축소 조건 선택 적용 후속 평가 재현 수준 확보 여부 보정 갱신 구조 청구 후보 초기 상태 저장 조건 선택 결과 피드백 단계 구성
design_ejh_005.txt,1,내부 제목 hb dram d resist peb 연구 주간 보고 담당 담당자 실험 일자 공정 코드 hb dram d euv euv 노광 공정 최적화 resist peb 항목 점검 제어 임계 조정 조건 적용 오류 변수 유지 다음 반복 wafer 현재 내부 검증 관리
design_ewo_060.txt,1,내부 제목 hb cis m black level 연구 주간 보고 담당 담당자 실험 일자 공정 코드 hb cis m cis 픽셀 노이즈 개선 black level 항목 점검 제어 임계 조정 조건 적용 오류 변수 유지 다음 반복 wafer 현재 내부 검증 관리
design_jwn_066.txt,1,내부 제목 hb sram s cell ratio 실험 기록 담당 담당자 실험 일자 공정 코드 hb sram s sram 전압 sram vmin 개선 과정 cell ratio 단일 변수 실험 수행 비교 직전 승인 조건 유지 시험 상향 조정만 적용 측정 결과 편차 돼다 wafer 중앙 edge 분포 별도 비교 장비 interlock 이상은 없다 동일 조건 반복 방향성 나타나다 다음 lot 고온 corner 장시간 drift 추가
design_qcq_069.txt,1,내부 제목 hb sram s sense enable 특허 초안 담당 담당자 실험 일자 공정 코드 hb sram s sram sense enable 제어 방법 핵심 발명 포인트 제안 방식 상태 측정 샘플링 간격 축소 조건 선택 적용 후속 평가 재현 수준 확보 여부 보정 갱신 구조 청구 후보 초기 상태 저장 조건 선택 결과 피드백 단계 구성
design_pzb_067.txt,1,내부 제목 hb sram s read assist 공정 사양 담당 담당자 실험 일자 공정 코드 hb sram s sram read assist 항목 개발 잠정 사양 정의 핵심 변경 보정 오프셋 변경 공정 허용 범위 장비 보정 오차 포함 내부 control limit 관리 대표 검증 마진 돼다 lot 투입 chamber 상태 장비 calibration 이탈 발생 이전 승인 조건 복귀
design_myr_024.txt,1,내부 제목 hb dram d bitline precharge 특허 초안 담당 담당자 실험 일자 공정 코드 hb dram d dram bitline precharge 제어 방법 핵심 발명 포인트 제안 방식 상태 측정 샘플링 간격 축소 조건 선택 적용 후속 평가 재현 수준 확보 여부 보정 갱신 구조 청구 후보 초기 상태 저장 조건 선택 결과 피드백 단계 구성
design_hrz_058.txt,1,내부 제목 hb cis m photodiode implant 기술 회의 담당 담당자 희다 실험 일자 공정 코드 hb cis m cis photodiode implant 개선 검토 설계 공정 합동 회의 진행 회의 온도 구간 단계 단계 세분 적용 고온 실패 결과 timing 영향 가능성 검토 추가 split lot corner simulation 담당
design_sje_083.txt,1,내부 제목 hb io e guard ring 기술 회의 담당 담당자 실험 일자 공정 코드 hb io e esd guard ring 개선 검토 설계 공정 합동 회의 진행 회의 온도 구간 단계 단계 세분 적용 고온 실패 결과 timing 영향 가능성 검토 추가 split lot corner simulation 담당 결과 방향 다음 revision 반영 현재 수치 의사결정 프로젝트 내부 검토 자료 유지
design_xvn_073.txt,1,내부 제목 hb pll q loop bandwidth 기술 회의 담당 담당자 실험 일자 공정 코드 hb pll q pll loop bandwidth 개선 검토 설계 공정 합동 회의 진행 회의 온도 구간 단계 단계 세분 적용 고온 실패 결과 timing 영향 가능성 검토 추가 split lot corner simulation 담당
design_qtb_034.txt,1,내부 제목 hb npu a prefetch window 특허 초안 담당 담당자 실험 일자 공정 코드 hb npu a npu prefetch window 제어 방법 핵심 발명 포인트 제안 방식 상태 측정 샘플링 간격 축소 조건 선택 적용 후속 평가 재현 수준 확보 여부 보정 갱신 구조 청구 후보 초기 상태 저장 조건 선택 결과 피드백 단계 구성 공개 논문 차별 순서 적용 범위 중심 선행 기술 검토 출원 구조도 수치 공개 제한
design_vet_086.txt,1,내부 제목 hb logic y cluster rule 실험 기록 담당 담당자 실험 일자 공정 코드 hb logic y yield wafer bin map 결함 원인 분석 과정 cluster rule 단일 변수 실험 수행 비교 직전 승인 조건 유지 시험 상향 조정만 적용 측정 결과 편차 돼다 wafer 중앙 edge 분포 별도 비교 장비 interlock 이상은 없다 동일 조건 반복 방향성 나타나다 다음 lot 고온 corner 장시간 drift 추가
design_qhv_112.pdf,1,hanbit semiconductor r d document 연구 설계 hb rd hb euv m defect repair 공정 사양 document id hb rd 담당 담당자 일자 공정 코드 hb euv m mask defect repair 항목 개발 잠정 사양 정의 핵심 변경 보정 오프셋 변경 공정 허용 범위 장비 보정 오차 포함 내부 control limit 관리 대표 검증 마진 돼다 lot 투입 chamber 상태 장비 calibration 이탈 발생 이전 승인 조건 복귀
design_yqy_074.txt,1,내부 제목 hb pll q divider path 특허 초안 담당 담당자 실험 일자 공정 코드 hb pll q pll divider path 제어 방법 핵심 발명 포인트 제안 방식 상태 측정 샘플링 간격 축소 조건 선택 적용 후속 평가 재현 수준 확보 여부 보정 갱신 구조 청구 후보 초기 상태 저장 조건 선택 결과 피드백 단계 구성 공개 논문 차별 순서 적용 범위 중심 선행 기술 검토 출원 구조도 수치 공개 제한
design_edf_111.pdf,1,hanbit semiconductor r d document 연구 설계 hb rd hb euv m absorber cd 실험 기록 document id hb rd 담당 담당자 일자 공정 코드 hb euv m mask euv mask defect 보정 과정 absorber cd 단일 변수 실험 수행 비교 직전 승인 조건 유지 시험 상향 조정만 적용 측정 결과 편차 돼다 wafer 중앙 edge 분포 별도 비교 장비 interlock 이상은 없다 동일 조건 반복 방향성 나타나다 다음 lot 고온 corner 장시간 drift 추가 원시 로그 세부 recipe 승인 인원 공유
design_ciw_064.txt,1,내부 제목 hb pmic r dvfs table 특허 초안 담당 담당자 실험 일자 공정 코드 hb pmic r pmic dvfs table 제어 방법 핵심 발명 포인트 제안 방식 상태 측정 샘플링 간격 축소 조건 선택 적용 후속 평가 재현 수준 확보 여부 보정 갱신 구조 청구 후보 초기 상태 저장 조건 선택 결과 피드백 단계 구성
design_lxo_042.txt,1,내부 제목 hb ser s dfe tap 공정 사양 담당 담당자 실험 일자 공정 코드 hb ser s serdes dfe tap 항목 개발 잠정 사양 정의 핵심 변경 보정 오프셋 변경 공정 허용 범위 장비 보정 오차 포함 내부 control limit 관리 대표 검증 마진 돼다 lot 투입 chamber 상태 장비 calibration 이탈 발생 이전 승인 조건 복귀
design_rpa_114.txt,1,내부 제목 hb euv m opc rule 특허 초안 담당 담당자 실험 일자 공정 코드 hb euv m mask opc rule 제어 방법 핵심 발명 포인트 제안 방식 상태 측정 샘플링 간격 축소 조건 선택 적용 후속 평가 재현 수준 확보 여부 보정 갱신 구조 청구 후보 초기 상태 저장 조건 선택 결과 피드백 단계 구성
design_bsh_025.txt,1,내부 제목 hb dram d redundancy 연구 주간 보고 담당 담당자 실험 일자 공정 코드 hb dram d dram 전압 안정 확보 redundancy 항목 점검 제어 임계 조정 조건 적용 오류 변수 유지 다음 반복 wafer 현재 내부 검증 관리
design_kjx_130.txt,1,내부 제목 hb dram r thermal cycling 연구 주간 보고 담당 담당자 실험 일자 공정 코드 hb dram r rel bti tddb 모델 정교 thermal cycling 항목 점검 제어 임계 조정 조건 적용 오류 변수 유지 다음 반복 wafer 현재 내부 검증 관리
design_oxh_029.pdf,1,hanbit semiconductor r d document 연구 설계 hb rd hb nand x retention 보정 특허 초안 document id hb rd 담당 담당자 일자 공정 코드 hb nand x nand retention 보정 제어 방법 핵심 발명 포인트 제안 방식 상태 측정 샘플링 간격 축소 조건 선택 적용 후속 평가 재현 수준 확보 여부 보정 갱신 구조 청구 후보 초기 상태 저장 조건 선택 결과 피드백 단계 구성 공개 논문 차별 순서 적용 범위 중심 선행 기술 검토 출원 구조도 수치 공개 제한
design_abj_081.docx,1,hb io e ggnmos width 실험 기록 document id hb rd i o esd 향상 과정 ggnmos width 단일 변수 실험 수행 비교 직전 승인 조건 유지 시험 상향 조정만 적용 측정 결과 편차 돼다 wafer 중앙 edge 분포 별도 비교 장비 interlock 이상은 없다 동일 조건 반복 방향성 나타나다 다음 lot 고온 corner 장시간 drift 추가 담당 담당자 일자 공정 코드 hb io e esd
design_nen_068.txt,1,내부 제목 hb sram s write assist 기술 회의 담당 담당자 실험 일자 공정 코드 hb sram s sram write assist 개선 검토 설계 공정 합동 회의 진행 회의 온도 구간 단계 단계 세분 적용 고온 실패 결과 timing 영향 가능성 검토 추가 split lot corner simulation 담당
design_kzb_105.txt,1,내부 제목 hb nand a wafer spacing 연구 주간 보고 담당 담당자 실험 일자 공정 코드 hb nand a anneal rta 활성화 개선 wafer spacing 항목 점검 제어 임계 조정 조건 적용 오류 변수 유지 다음 반복 wafer 현재 내부 검증 관리
design_wou_120.txt,1,내부 제목 hb logic g variability 연구 주간 보고 담당 담당자 실험 일자 공정 코드 hb logic g gaa gaa nanosheet 공정 통합 variability 항목 점검 제어 임계 조정 조건 적용 오류 변수 유지 다음 반복 wafer 현재 내부 검증 관리
design_nfk_046.txt,1,내부 제목 hb chiplet c rdl stack 실험 기록 담당 담당자 실험 일자 공정 코드 hb chiplet c pkg d chiplet 신호 무결 개선 과정 rdl stack 단일 변수 실험 수행 비교 직전 승인 조건 유지 시험 상향 조정만 적용 측정 결과 편차 돼다 wafer 중앙 edge 분포 별도 비교 장비 interlock 이상은 없다 동일 조건 반복 방향성 나타나다 다음 lot 고온 corner 장시간 drift 추가 원시 로그 세부 recipe 승인 인원 공유
design_vdx_091.txt,1,내부 제목 hb dram m sampling plan 실험 기록 담당 담당자 실험 일자 공정 코드 hb dram m metro cd sem 오차 축소 과정 sampling plan 단일 변수 실험 수행 비교 직전 승인 조건 유지 시험 상향 조정만 적용 측정 결과 편차 돼다 wafer 중앙 edge 분포 별도 비교 장비 interlock 이상은 없다 동일 조건 반복 방향성 나타나다 다음 lot 고온 corner 장시간 drift 추가
design_rsa_128.txt,1,내부 제목 hb dram r electromigration 기술 회의 담당 담당자 실험 일자 공정 코드 hb dram r rel electromigration 개선 검토 설계 공정 합동 회의 진행 회의 온도 구간 단계 단계 세분 적용 고온 실패 결과 timing 영향 가능성 검토 추가 split lot corner simulation 담당
design_avb_012.txt,1,내부 제목 hb logic l purge time 공정 사양 담당 담당자 실험 일자 공정 코드 hb logic l ald purge time 항목 개발 잠정 사양 정의 핵심 변경 보정 오프셋 변경 공정 허용 범위 장비 보정 오차 포함 내부 control limit 관리 대표 검증 마진 돼다 lot 투입 chamber 상태 장비 calibration 이탈 발생 이전 승인 조건 복귀
design_nfe_016.pdf,1,hanbit semiconductor r d document 연구 설계 hb rd hb dram d slurry flow 실험 기록 document id hb rd 담당 담당자 일자 공정 코드 hb dram d cmp 금속 cmp 평탄 개선 과정 slurry flow 단일 변수 실험 수행 비교 직전 승인 조건 유지 시험 상향 조정만 적용 측정 결과 편차 돼다 wafer 중앙 edge 분포 별도 비교 장비 interlock 이상은 없다 동일 조건 반복 방향성 나타나다 다음 lot 고온 corner 장시간 drift 추가
design_wzm_123.txt,1,내부 제목 hb fet n subthreshold swing 기술 회의 담당 담당자 실험 일자 공정 코드 hb fet n device subthreshold swing 개선 검토 설계 공정 합동 회의 진행 회의 온도 구간 단계 단계 세분 적용 고온 실패 결과 timing 영향 가능성 검토 추가 split lot corner simulation 담당
design_cje_023.txt,1,내부 제목 hb dram d refresh interval 기술 회의 담당 담당자 실험 일자 공정 코드 hb dram d dram refresh interval 개선 검토 설계 공정 합동 회의 진행 회의 온도 구간 단계 단계 세분 적용 고온 실패 결과 timing 영향 가능성 검토 추가 split lot corner simulation 담당
design_bqt_004.txt,1,내부 제목 hb dram d reticle bias 특허 초안 담당 담당자 실험 일자 공정 코드 hb dram d euv reticle bias 제어 방법 핵심 발명 포인트 제안 방식 상태 측정 샘플링 간격 축소 조건 선택 적용 후속 평가 재현 수준 확보 여부 보정 갱신 구조 청구 후보 초기 상태 저장 조건 선택 결과 피드백 단계 구성
design_cvy_043.txt,1,내부 제목 hb ser s cdr bandwidth 기술 회의 담당 담당자 실험 일자 공정 코드 hb ser s serdes cdr bandwidth 개선 검토 설계 공정 합동 회의 진행 회의 온도 구간 단계 단계 세분 적용 고온 실패 결과 timing 영향 가능성 검토 추가 split lot corner simulation 담당
design_tnh_070.docx,1,hb sram s redundancy 연구 주간 보고 document id hb rd 전압 sram vmin 개선 redundancy 항목 점검 제어 임계 조정 조건 적용 오류 변수 유지 다음 반복 wafer 현재 내부 검증 관리 담당 담당자 일자 공정 코드 hb sram s sram
design_tkd_038.txt,1,내부 제목 hb hbm h strobe gate 기술 회의 담당 담당자 희다 실험 일자 공정 코드 hb hbm h hbm strobe gate 개선 검토 설계 공정 합동 회의 진행 회의 온도 구간 단계 단계 세분 적용 고온 실패 결과 timing 영향 가능성 검토 추가 split lot corner simulation 담당
design_rjv_032.txt,1,내부 제목 hb npu a sram banking 공정 사양 담당 담당자 실험 일자 공정 코드 hb npu a npu sram banking 항목 개발 잠정 사양 정의 핵심 변경 보정 오프셋 변경 공정 허용 범위 장비 보정 오차 포함 내부 control limit 관리 대표 검증 마진 돼다 lot 투입 chamber 상태 장비 calibration 이탈 발생 이전 승인 조건 복귀
design_egu_008.txt,1,내부 제목 hb nand v chamber pressure 기술 회의 담당 담당자 실험 일자 공정 코드 hb nand v etch chamber pressure 개선 검토 설계 공정 합동 회의 진행 회의 온도 구간 단계 단계 세분 적용 고온 실패 결과 timing 영향 가능성 검토 추가 split lot corner simulation 담당
design_zyj_047.txt,1,내부 제목 hb chiplet c micro bump map 공정 사양 담당 담당자 실험 일자 공정 코드 hb chiplet c pkg micro bump map 항목 개발 잠정 사양 정의 핵심 변경 보정 오프셋 변경 공정 허용 범위 장비 보정 오차 포함 내부 control limit 관리 대표 검증 마진 돼다 lot 투입 chamber 상태 장비 calibration 이탈 발생 이전 승인 조건 복귀
design_ccn_013.txt,1,내부 제목 hb logic l wafer temperature 기술 회의 담당 담당자 실험 일자 공정 코드 hb logic l ald wafer temperature 개선 검토 설계 공정 합동 회의 진행 회의 온도 구간 단계 단계 세분 적용 고온 실패 결과 timing 영향 가능성 검토 추가 split lot corner simulation 담당
design_efg_014.txt,1,내부 제목 hb logic l plasma power 특허 초안 담당 담당자 실험 일자 공정 코드 hb logic l ald plasma power 제어 방법 핵심 발명 포인트 제안 방식 상태 측정 샘플링 간격 축소 조건 선택 적용 후속 평가 재현 수준 확보 여부 보정 갱신 구조 청구 후보 초기 상태 저장 조건 선택 결과 피드백 단계 구성
design_pgx_010.docx,1,hb nand v seasoning 연구 주간 보고 document id hb rd 종횡비 채널 식각 개선 seasoning 항목 점검 제어 임계 조정 조건 적용 오류 변수 유지 다음 반복 wafer 현재 내부 검증 관리 담당 담당자 일자 공정 코드 hb nand v etch
design_gqr_141_edge.txt,1,연구 설계 제목 기술 세미나 운영 안내 담당 담당자 서다 일자 공정 코드 hb ops sem 기술 세미나 본관 세미 시작 발표 자료 제출 마감 행사 이틀 전이 참석자 원증 지다 차다 장비 반입 목록 프로젝터 데모 보드 대가 포함 준비 정표 hb hbm f 고객 샘플 출고 예정일 두다 데모 검증 마치다 표시 발표 순서 좌석 배치 행사 전날 확정
design_xay_015.pdf,1,hanbit semiconductor r d document 연구 설계 hb rd hb logic l nucleation 연구 주간 보고 document id hb rd 담당 담당자 일자 공정 코드 hb logic l ald high k ald 막다 개선 nucleation 항목 점검 제어 임계 조정 조건 적용 오류 변수 유지 다음 반복 wafer 현재 내부 검증 관리
design_iaq_076.txt,1,내부 제목 hb soc t scan compression 실험 기록 담당 담당자 실험 일자 공정 코드 hb soc t dft scan mbist 테스트 단축 과정 scan compression 단일 변수 실험 수행 비교 직전 승인 조건 유지 시험 상향 조정만 적용 측정 결과 편차 돼다 wafer 중앙 edge 분포 별도 비교 장비 interlock 이상은 없다 동일 조건 반복 방향성 나타나다 다음 lot 고온 corner 장시간 drift 추가
design_mkd_093.txt,1,내부 제목 hb dram m tool matching 기술 회의 담당 담당자 실험 일자 공정 코드 hb dram m metro tool matching 개선 검토 설계 공정 합동 회의 진행 회의 온도 구간 단계 단계 세분 적용 고온 실패 결과 timing 영향 가능성 검토 추가 split lot corner simulation 담당
design_tlp_021.txt,1,내부 제목 hb dram d sense amp offset 실험 기록 담당 담당자 실험 일자 공정 코드 hb dram d dram 전압 안정 확보 과정 sense amp offset 단일 변수 실험 수행 비교 직전 승인 조건 유지 시험 상향 조정만 적용 측정 결과 편차 돼다 wafer 중앙 edge 분포 별도 비교 장비 interlock 이상은 없다 동일 조건 반복 방향성 나타나다 다음 lot 고온 corner 장시간 drift 추가
design_vbp_125.txt,1,내부 제목 hb fet n mobility 연구 주간 보고 담당 담당자 실험 일자 공정 코드 hb fet n device nanosheet fet 전기 특성 개선 mobility 항목 점검 제어 임계 조정 조건 적용 오류 변수 유지 다음 반복 wafer 현재 내부 검증 관리
design_rcm_039.txt,1,내부 제목 hb hbm h tsv thermal model 특허 초안 담당 담당자 실험 일자 공정 코드 hb hbm h hbm tsv thermal model 제어 방법 핵심 발명 포인트 제안 방식 상태 측정 샘플링 간격 축소 조건 선택 적용 후속 평가 재현 수준 확보 여부 보정 갱신 구조 청구 후보 초기 상태 저장 조건 선택 결과 피드백 단계 구성
design_nzf_071.docx,1,hb pll q vco bias 실험 기록 document id hb rd fractional n pll 위상 잡음 개선 과정 vco bias 단일 변수 실험 수행 비교 직전 승인 조건 유지 시험 상향 조정만 적용 측정 결과 편차 돼다 wafer 중앙 edge 분포 별도 비교 장비 interlock 이상은 없다 동일 조건 반복 방향성 나타나다 다음 lot 고온 corner 장시간 drift 추가 담당 담당자 일자 공정 코드 hb pll q pll
design_sdq_145_edge.txt,1,연구 설계 제목 신입 엔지니어 교육 일정 담당 담당자 일자 공정 코드 hb hr edu 신입 엔지니어 교육 회사 소개 둘째 공정 기초 실습 순서 진행 실습 편성 단위 교육장 r 제품 로드맵 소개 세션 코드명 m tape out 예정일 고객 평가 시작 시점 메모 포함 세부 강사 교육 일주일 확정
design_nvg_018.txt,1,내부 제목 hb dram d pad conditioning 기술 회의 담당 담당자 희다 실험 일자 공정 코드 hb dram d cmp pad conditioning 개선 검토 설계 공정 합동 회의 진행 회의 온도 구간 단계 단계 세분 적용 고온 실패 결과 timing 영향 가능성 검토 추가 split lot corner simulation 담당
design_nco_084.txt,1,내부 제목 hb io e power clamp 특허 초안 담당 담당자 실험 일자 공정 코드 hb io e esd power clamp 제어 방법 핵심 발명 포인트 제안 방식 상태 측정 샘플링 간격 축소 조건 선택 적용 후속 평가 재현 수준 확보 여부 보정 갱신 구조 청구 후보 초기 상태 저장 조건 선택 결과 피드백 단계 구성
design_yeo_107.txt,1,내부 제목 hb logic b via fill 공정 사양 담당 담당자 실험 일자 공정 코드 hb logic b beol via fill 항목 개발 잠정 사양 정의 핵심 변경 보정 오프셋 변경 공정 허용 범위 장비 보정 오차 포함 내부 control limit 관리 대표 검증 마진 돼다 lot 투입 chamber 상태 장비 calibration 이탈 발생 이전 승인 조건 복귀
design_yba_022.docx,1,hb dram d wordline boost 공정 사양 document id hb rd wordline boost 항목 개발 잠정 사양 정의 핵심 변경 보정 오프셋 변경 공정 허용 범위 장비 보정 오차 포함 내부 control limit 관리 대표 검증 마진 돼다 lot 투입 chamber 상태 장비 calibration 이탈 발생 이전 승인 조건 복귀 사양 양산 확정 내부 고객 협력 전달 세부 포함 담당 담당자 일자 공정 코드 hb dram d dram
design_kls_147_edge.txt,1,연구 설계 제목 장비 예약 안내 담당 담당자 일자 공정 코드 hb lab book 분석 sem tem 예약 포털 단위 신청 야간 사용자 당직 출입 남기다 수요일 예약 메모 m mask 보정 평가 조건 absorber cd 목표 overlay 입력 장비 사용 시료 holder 지정 위치 반납
design_dla_036.txt,1,내부 제목 hb hbm h dq deskew 실험 기록 담당 담당자 실험 일자 공정 코드 hb hbm h hbm hbm phy training margin 확대 과정 dq deskew 단일 변수 실험 수행 비교 직전 승인 조건 유지 시험 상향 조정만 적용 측정 결과 편차 돼다 wafer 중앙 edge 분포 별도 비교 장비 interlock 이상은 없다 동일 조건 반복 방향성 나타나다 다음 lot 고온 corner 장시간 drift 추가
design_vnj_075.txt,1,내부 제목 hb pll q spur cancellation 연구 주간 보고 담당 담당자 실험 일자 공정 코드 hb pll q pll fractional n pll 위상 잡음 개선 spur cancellation 항목 점검 제어 임계 조정 조건 적용 오류 변수 유지 다음 반복 wafer 현재 내부 검증 관리
design_fdo_115.txt,1,내부 제목 hb euv m mask cleaning 연구 주간 보고 담당 담당자 실험 일자 공정 코드 hb euv m mask euv mask defect 보정 mask cleaning 항목 점검 제어 임계 조정 조건 적용 오류 변수 유지 다음 반복 wafer 현재 내부 검증 관리
design_snr_129.txt,1,내부 제목 hb dram r retention 특허 초안 담당 담당자 실험 일자 공정 코드 hb dram r rel retention 제어 방법 핵심 발명 포인트 제안 방식 상태 측정 샘플링 간격 축소 조건 선택 적용 후속 평가 재현 수준 확보 여부 보정 갱신 구조 청구 후보 초기 상태 저장 조건 선택 결과 피드백 단계 구성
design_nhk_007.pdf,1,hanbit semiconductor r d document 연구 설계 hb rd hb nand v rf bias 공정 사양 document id hb rd 담당 담당자 일자 공정 코드 hb nand v etch rf bias 항목 개발 잠정 사양 정의 핵심 변경 보정 오프셋 변경 공정 허용 범위 장비 보정 오차 포함 내부 control limit 관리 대표 검증 마진 돼다 lot 투입 chamber 상태 장비 calibration 이탈 발생 이전 승인 조건 복귀
design_yuu_127.txt,1,내부 제목 hb dram r tddb 공정 사양 담당 담당자 실험 일자 공정 코드 hb dram r rel tddb 항목 개발 잠정 사양 정의 핵심 변경 보정 오프셋 변경 공정 허용 범위 장비 보정 오차 포함 내부 control limit 관리 대표 검증 마진 돼다 lot 투입 chamber 상태 장비 calibration 이탈 발생 이전 승인 조건 복귀
design_eky_062.txt,1,내부 제목 hb pmic r ldo dropout 공정 사양 담당 담당자 실험 일자 공정 코드 hb pmic r pmic ldo dropout 항목 개발 잠정 사양 정의 핵심 변경 보정 오프셋 변경 공정 허용 범위 장비 보정 오차 포함 내부 control limit 관리 대표 검증 마진 돼다 lot 투입 chamber 상태 장비 calibration 이탈 발생 이전 승인 조건 복귀
design_njv_118.txt,1,내부 제목 hb logic g gate stack 기술 회의 담당 담당자 희다 실험 일자 공정 코드 hb logic g gaa gate stack 개선 검토 설계 공정 합동 회의 진행 회의 온도 구간 단계 단계 세분 적용 고온 실패 결과 timing 영향 가능성 검토 추가 split lot corner simulation 담당
design_afx_031.txt,1,내부 제목 hb npu a clock gating 실험 기록 담당 담당자 실험 일자 공정 코드 hb npu a npu npu 연산 블록 전력 과정 clock gating 단일 변수 실험 수행 비교 직전 승인 조건 유지 시험 상향 조정만 적용 측정 결과 편차 돼다 wafer 중앙 edge 분포 별도 비교 장비 interlock 이상은 없다 동일 조건 반복 방향성 나타나다 다음 lot 고온 corner 장시간 drift 추가
design_bga_065.docx,1,hb pmic r power sequence 연구 주간 보고 document id hb rd 모바일 pmic 효율 최적화 power sequence 항목 점검 제어 임계 조정 조건 적용 오류 변수 유지 다음 반복 wafer 현재 내부 검증 관리 담당 담당자 일자 공정 코드 hb pmic r pmic
design_cyd_101.txt,1,내부 제목 hb nand a peak temperature 실험 기록 담당 담당자 실험 일자 공정 코드 hb nand a anneal rta 활성화 개선 과정 peak temperature 단일 변수 실험 수행 비교 직전 승인 조건 유지 시험 상향 조정만 적용 측정 결과 편차 돼다 wafer 중앙 edge 분포 별도 비교 장비 interlock 이상은 없다 동일 조건 반복 방향성 나타나다 다음 lot 고온 corner 장시간 drift 추가
design_uja_048.txt,1,내부 제목 hb chiplet c underfill 기술 회의 담당 담당자 실험 일자 공정 코드 hb chiplet c pkg underfill 개선 검토 설계 공정 합동 회의 진행 회의 온도 구간 단계 단계 세분 적용 고온 실패 결과 timing 영향 가능성 검토 추가 split lot corner simulation 담당
design_cye_119.txt,1,내부 제목 hb logic g contact 특허 초안 담당 담당자 실험 일자 공정 코드 hb logic g gaa contact 제어 방법 핵심 발명 포인트 제안 방식 상태 측정 샘플링 간격 축소 조건 선택 적용 후속 평가 재현 수준 확보 여부 보정 갱신 구조 청구 후보 초기 상태 저장 조건 선택 결과 피드백 단계 구성
design_evt_061.txt,1,내부 제목 hb pmic r buck compensation 실험 기록 담당 담당자 실험 일자 공정 코드 hb pmic r pmic 모바일 pmic 효율 최적화 과정 buck compensation 단일 변수 실험 수행 비교 직전 승인 조건 유지 시험 상향 조정만 적용 측정 결과 편차 돼다 wafer 중앙 edge 분포 별도 비교 장비 interlock 이상은 없다 동일 조건 반복 방향성 나타나다 다음 lot 고온 corner 장시간 drift 추가
design_frc_142_edge.txt,1,연구 설계 제목 주간 회의실 예약 현황 담당 담당자 일자 공정 코드 hb ga meet 월요일 금요일 본관 회의실 a b c 예약 현황 화요일 오전 공정 교육 수요일 오후 신규 입사 오리엔테이션 예정 목요일 z 성능 검토 예약 안건 메모 현재 처리 tops 전력 w 기록 나머지 일반 예약 운영
design_ing_095.txt,1,내부 제목 hb dram m gauge r r 연구 주간 보고 담당 담당자 실험 일자 공정 코드 hb dram m metro cd sem 오차 축소 gauge r r 항목 점검 제어 임계 조정 조건 적용 오류 변수 유지 다음 반복 wafer 현재 내부 검증 관리
design_nyl_100.pdf,1,hanbit semiconductor r d document 연구 설계 hb rd hb logic i anneal coupling 연구 주간 보고 document id hb rd 담당 담당자 일자 공정 코드 hb logic i implant 손상 implantation 조건 개발 anneal coupling 항목 점검 제어 임계 조정 조건 적용 오류 변수 유지 다음 반복 wafer 현재 내부 검증 관리
design_dwu_110.txt,1,내부 제목 hb logic b em margin 연구 주간 보고 담당 담당자 실험 일자 공정 코드 hb logic b beol cu interconnect 저항 em margin 항목 점검 제어 임계 조정 조건 적용 오류 변수 유지 다음 반복 wafer 현재 내부 검증 관리
design_omp_149_edge.docx,1,하반기 채용 설명 준비 메모 document id hb edge 채용 설명 부스 직무 소개 패널 상담 테이블 설치 발표 자료 회사 소개 직무 q a 중심 구성 보상 질문 대응 메모 차기 npu 설계 제안 범위 잡고 최대 센티 검토 포함 인쇄물 수량 예상 방문자 준비 담당 담당자 일자 공정 코드 hb hr rec
design_fgz_143_edge.txt,1,연구 설계 제목 제품 홈페이지 faq 문구 검토 담당 담당자 일자 공정 코드 hb pr faq 제품 홈페이지 faq 지원 운영체제 보증 기간 문의 채널 문구 점검 공개 페이지 표현 기존 버전 유지 성능 질문 답변 후보 f 양산 평가 현재 도달 목표 문장 추가 두다 최종 문구 길이 모바일 화면
design_drp_150_edge.txt,1,연구 설계 제목 주간 일정 담당 담당자 일자 공정 코드 hb str cal 첫째 시장 동향 회의 둘째 기술 세미나 예산 검토 예정 공용 캘린더 오후 f 최종 review 비우다 두다 현재 목표 양산 승인 목표 메모 적히다 회의 자료 취합 담당자 일정 이틀 파일
design_its_144_edge.txt,1,연구 설계 제목 협력 방문 정표 담당 담당자 일자 공정 코드 hb scm visit 다음 협력 방문 화요일 목요일 진행 출입 등록 오전 이전 완료 안전교육 회의실 이동 목요일 패키지 업체 미팅 준비 차기 hbm 인터 포저 제품 단가 개다 협의 중이 적히다 식사 인원 차량 번호 방문 전날 총무 전달
design_iio_148_edge.docx,1,고객 데모 행사 체크 리스트 document id hb edge 데모 행사 전날 모니터 네트워크 전원 안내 배너 점검 발표 시작 리허설 진행 고객 명찰 안내 데스크 배부 성능 표기 항목 z engineering sample 검증 latency ms 다음 revision 목표 ms 기재 행사 종료 장비 발동 회수 담당 담당자 일자 공정 코드 hb biz demo
design_dda_146_edge.txt,1,연구 설계 제목 사내 뉴스레터 초안 담당 담당자 일자 공정 코드 hb com news 뉴스레터 동호회 활동 사내 카페 메뉴 봉사활동 소식 싣다 연구개발 조직 소개 코너 인터뷰 형식 구성 편집 메모 내년 hbm 설계 조직 증원 핵심 인력 평균 센티 예산 기본 수준 편성 계획 적히다 사진 촬영 일정 다음 수요일
sales_cyh_004.txt,1,영업 기밀 대외 번호 doc 메모리 솔루션 영업 작성자 프로 거래처 컴퓨터 제품 서버 ddr 종류 계약 검토 메일 공급 단가 할인 기존 제안 치열하다 시장 경쟁 상황 컴퓨터 요구 반영 기본 공급 단가 조정 또한 초도 물량 확보 독점 공급 계약 체결 전제 특별 할인 적용 계획 최종 공급 협상 달라지다 이익 훼손 타결 입찰 전략 대응 방안 서버 ddr 입찰 가장 중요하다 납기 안정 성과 품질 경쟁력 타다 대비 불량 dppm 현저 낮다 데이터 시트 전면 예정 컴퓨터 최근 시장 점유 확대 전략 포트 제조 라인 가동 최대로 끌다 올리다 적기 납품 just in time 보장 핵심 셀링 포인트 강조 바라다 계약 조건 리스크 검토 현재 협상 중인 계약 조건 납기 지연 지체상금 일일 방어 또한 원자재 가격 상승 환율 변동 리스크 헷지 특정 환율 구간 이탈 공급 단가 협상 조항 반드시 포함 계약 기간 기본 연장 옵션 두다 방향 최종 검토
sales_cyh_016.txt,1,영업 기밀 대외 번호 doc 장용 작성자 매니저 거래처 미래 모바일 제품 차세대 모바일 ap 종류 거래처 협상 기록 공급 단가 할인 기존 제안 치열하다 시장 경쟁 상황 미래 모바일 요구 반영 기본 공급 단가 조정 또한 초도 물량 확보 독점 공급 계약 체결 전제 특별 할인 적용 계획 최종 공급 협상 달라지다 이익 훼손 타결 입찰 전략 대응 방안 차세대 모바일 ap 입찰 가장 중요하다 납기 안정 성과 품질 경쟁력 타다 대비 불량 dppm 현저 낮다 데이터 시트 전면 예정 미래 모바일 최근 시장 점유 확대 전략 포트 제조 라인 가동 최대로 끌다 올리다 적기 납품 just in time 보장 핵심 셀링 포인트 강조 바라다 계약 조건 리스크 검토 현재 협상 중인 계약 조건 납기 지연 지체상금 일일 방어 또한 원자재 가격 상승 환율 변동 리스크 헷지 특정 환율 구간 이탈 공급 단가 협상 조항 반드시 포함 계약 기간 기본 연장 옵션 두다 방향 최종 검토
sales_cyh_002.txt,1,영업 기밀 대외 번호 doc 글로벌 b b 작성자 선임 거래처 오션 테크놀로지 제품 서버 ddr 종류 요약 입찰 대응 전략 공급 단가 할인 기존 제안 치열하다 시장 경쟁 상황 오션 테크놀로지 요구 반영 기본 공급 단가 조정 또한 초도 물량 확보 독점 공급 계약 체결 전제 특별 할인 적용 계획 최종 공급 협상 달라지다 이익 훼손 타결 입찰 전략 대응 방안 서버 ddr 입찰 가장 중요하다 납기 안정 성과 품질 경쟁력 타다 대비 불량 dppm 현저 낮다 데이터 시트 전면 예정 오션 테크놀로지 최근 시장 점유 확대 전략 포트 제조 라인 가동 최대로 끌다 올리다 적기 납품 just in time 보장 핵심 셀링 포인트 강조 바라다 계약 조건 리스크 검토 현재 협상 중인 계약 조건 납기 지연 지체상금 일일 방어 또한 원자재 가격 상승 환율 변동 리스크 헷지 특정 환율 구간 이탈 공급 단가 협상 조항 반드시 포함 계약 기간 기본 연장 옵션 두다 방향 최종 검토
sales_cyh_017.txt,1,영업 기밀 대외 번호 doc 글로벌 b b 작성자 프로 거래처 글로벌 오토 모티브 제품 차량 전력 pmic 종류 매출 전망 내부 보고 공급 단가 할인 기존 제안 치열하다 시장 경쟁 상황 글로벌 오토 모티브 요구 반영 기본 공급 단가 조정 또한 초도 물량 확보 독점 공급 계약 체결 전제 특별 할인 적용 계획 최종 공급 협상 달라지다 이익 훼손 타결 입찰 전략 대응 방안 차량 전력 pmic 입찰 가장 중요하다 납기 안정 성과 품질 경쟁력 타다 대비 불량 dppm 현저 낮다 데이터 시트 전면 예정 글로벌 오토 모티브 최근 시장 점유 확대 전략 포트 제조 라인 가동 최대로 끌다 올리다 적기 납품 just in time 보장 핵심 셀링 포인트 강조 바라다 계약 조건 리스크 검토 현재 협상 중인 계약 조건 납기 지연 지체상금 일일 방어 또한 원자재 가격 상승 환율 변동 리스크 헷지 특정 환율 구간 이탈 공급 단가 협상 조항 반드시 포함 계약 기간 기본 연장 옵션 두다 방향 최종 검토
sales_cyh_011.txt,1,영업 기밀 대외 번호 doc 글로벌 b b 작성자 선임 거래처 글로벌 오토 모티브 제품 자율 주행 mcu 종류 계약 검토 메일 공급 단가 할인 기존 제안 치열하다 시장 경쟁 상황 글로벌 오토 모티브 요구 반영 기본 공급 단가 조정 또한 초도 물량 확보 독점 공급 계약 체결 전제 특별 할인 적용 계획 최종 공급 협상 달라지다 이익 훼손 타결 입찰 전략 대응 방안 자율 주행 mcu 입찰 가장 중요하다 납기 안정 성과 품질 경쟁력 타다 대비 불량 dppm 현저 낮다 데이터 시트 전면 예정 글로벌 오토 모티브 최근 시장 점유 확대 전략 포트 제조 라인 가동 최대로 끌다 올리다 적기 납품 just in time 보장 핵심 셀링 포인트 강조 바라다 계약 조건 리스크 검토 현재 협상 중인 계약 조건 납기 지연 지체상금 일일 방어 또한 원자재 가격 상승 환율 변동 리스크 헷지 특정 환율 구간 이탈 공급 단가 협상 조항 반드시 포함 계약 기간 기본 연장 옵션 두다 방향 최종 검토
sales_cyh_008.txt,1,영업 기밀 대외 번호 doc 메모리 솔루션 영업 작성자 매니저 거래처 오션 테크놀로지 제품 ai 가속 npu 종류 거래처 협상 기록 공급 단가 할인 기존 제안 치열하다 시장 경쟁 상황 오션 테크놀로지 요구 반영 기본 공급 단가 조정 또한 초도 물량 확보 독점 공급 계약 체결 전제 특별 할인 적용 계획 최종 공급 협상 달라지다 이익 훼손 타결 입찰 전략 대응 방안 ai 가속 npu 입찰 가장 중요하다 납기 안정 성과 품질 경쟁력 타다 대비 불량 dppm 현저 낮다 데이터 시트 전면 예정 오션 테크놀로지 최근 시장 점유 확대 전략 포트 제조 라인 가동 최대로 끌다 올리다 적기 납품 just in time 보장 핵심 셀링 포인트 강조 바라다 계약 조건 리스크 검토 현재 협상 중인 계약 조건 납기 지연 지체상금 일일 방어 또한 원자재 가격 상승 환율 변동 리스크 헷지 특정 환율 구간 이탈 공급 단가 협상 조항 반드시 포함 계약 기간 기본 연장 옵션 두다 방향 최종 검토
sales_cyh_026.txt,1,영업 기밀 대외 번호 doc 글로벌 b b 작성자 수석 거래처 오션 테크놀로지 제품 대역폭 메모리 hbm e 종류 거래처 협상 기록 공급 단가 할인 기존 제안 치열하다 시장 경쟁 상황 오션 테크놀로지 요구 반영 기본 공급 단가 조정 또한 초도 물량 확보 독점 공급 계약 체결 전제 특별 할인 적용 계획 최종 공급 협상 달라지다 이익 훼손 타결 입찰 전략 대응 방안 대역폭 메모리 hbm e 입찰 가장 중요하다 납기 안정 성과 품질 경쟁력 타다 대비 불량 dppm 현저 낮다 데이터 시트 전면 예정 오션 테크놀로지 최근 시장 점유 확대 전략 포트 제조 라인 가동 최대로 끌다 올리다 적기 납품 just in time 보장 핵심 셀링 포인트 강조 바라다 계약 조건 리스크 검토 현재 협상 중인 계약 조건 납기 지연 지체상금 일일 방어 또한 원자재 가격 상승 환율 변동 리스크 헷지 특정 환율 구간 이탈 공급 단가 협상 조항 반드시 포함 계약 기간 기본 연장 옵션 두다 방향 최종 검토
sales_cyh_009.txt,1,영업 기밀 대외 번호 doc 장용 작성자 거래처 넥스트 비다 제품 서버 ddr 종류 매출 전망 내부 보고 공급 단가 할인 기존 제안 치열하다 시장 경쟁 상황 넥스트 비다 요구 반영 기본 공급 단가 조정 또한 초도 물량 확보 독점 공급 계약 체결 전제 특별 할인 적용 계획 최종 공급 협상 달라지다 이익 훼손 타결 입찰 전략 대응 방안 서버 ddr 입찰 가장 중요하다 납기 안정 성과 품질 경쟁력 타다 대비 불량 dppm 현저 낮다 데이터 시트 전면 예정 넥스트 비다 최근 시장 점유 확대 전략 포트 제조 라인 가동 최대로 끌다 올리다 적기 납품 just in time 보장 핵심 셀링 포인트 강조 바라다 계약 조건 리스크 검토 현재 협상 중인 계약 조건 납기 지연 지체상금 일일 방어 또한 원자재 가격 상승 환율 변동 리스크 헷지 특정 환율 구간 이탈 공급 단가 협상 조항 반드시 포함 계약 기간 기본 연장 옵션 두다 방향 최종 검토
sales_cyh_019.txt,1,영업 기밀 대외 번호 doc 파운드리 작성자 선임 거래처 컴퓨터 제품 차량 전력 pmic 종류 계약 검토 메일 공급 단가 할인 기존 제안 치열하다 시장 경쟁 상황 컴퓨터 요구 반영 기본 공급 단가 조정 또한 초도 물량 확보 독점 공급 계약 체결 전제 특별 할인 적용 계획 최종 공급 협상 달라지다 이익 훼손 타결 입찰 전략 대응 방안 차량 전력 pmic 입찰 가장 중요하다 납기 안정 성과 품질 경쟁력 타다 대비 불량 dppm 현저 낮다 데이터 시트 전면 예정 컴퓨터 최근 시장 점유 확대 전략 포트 제조 라인 가동 최대로 끌다 올리다 적기 납품 just in time 보장 핵심 셀링 포인트 강조 바라다 계약 조건 리스크 검토 현재 협상 중인 계약 조건 납기 지연 지체상금 일일 방어 또한 원자재 가격 상승 환율 변동 리스크 헷지 특정 환율 구간 이탈 공급 단가 협상 조항 반드시 포함 계약 기간 기본 연장 옵션 두다 방향 최종 검토
sales_cyh_030.txt,1,영업 기밀 대외 번호 doc 글로벌 b b 작성자 매니저 거래처 미래 모바일 제품 차량 전력 pmic 종류 매출 전망 내부 보고 공급 단가 할인 기존 제안 치열하다 시장 경쟁 상황 미래 모바일 요구 반영 기본 공급 단가 조정 또한 초도 물량 확보 독점 공급 계약 체결 전제 특별 할인 적용 계획 최종 공급 협상 달라지다 이익 훼손 타결 입찰 전략 대응 방안 차량 전력 pmic 입찰 가장 중요하다 납기 안정 성과 품질 경쟁력 타다 대비 불량 dppm 현저 낮다 데이터 시트 전면 예정 미래 모바일 최근 시장 점유 확대 전략 포트 제조 라인 가동 최대로 끌다 올리다 적기 납품 just in time 보장 핵심 셀링 포인트 강조 바라다 계약 조건 리스크 검토 현재 협상 중인 계약 조건 납기 지연 지체상금 일일 방어 또한 원자재 가격 상승 환율 변동 리스크 헷지 특정 환율 구간 이탈 공급 단가 협상 조항 반드시 포함 계약 기간 기본 연장 옵션 두다 방향 최종 검토
sales_cyh_021.txt,1,영업 기밀 대외 번호 doc 메모리 솔루션 영업 작성자 수석 거래처 전자 제품 서버 ddr 종류 계약 검토 메일 공급 단가 할인 기존 제안 치열하다 시장 경쟁 상황 전자 요구 반영 기본 공급 단가 조정 또한 초도 물량 확보 독점 공급 계약 체결 전제 특별 할인 적용 계획 최종 공급 협상 달라지다 이익 훼손 타결 입찰 전략 대응 방안 서버 ddr 입찰 가장 중요하다 납기 안정 성과 품질 경쟁력 타다 대비 불량 dppm 현저 낮다 데이터 시트 전면 예정 전자 최근 시장 점유 확대 전략 포트 제조 라인 가동 최대로 끌다 올리다 적기 납품 just in time 보장 핵심 셀링 포인트 강조 바라다 계약 조건 리스크 검토 현재 협상 중인 계약 조건 납기 지연 지체상금 일일 방어 또한 원자재 가격 상승 환율 변동 리스크 헷지 특정 환율 구간 이탈 공급 단가 협상 조항 반드시 포함 계약 기간 기본 연장 옵션 두다 방향 최종 검토
sales_cyh_012.txt,1,영업 기밀 대외 번호 doc 메모리 솔루션 영업 작성자 프로 거래처 오션 테크놀로지 제품 차량 전력 pmic 종류 거래처 협상 기록 공급 단가 할인 기존 제안 치열하다 시장 경쟁 상황 오션 테크놀로지 요구 반영 기본 공급 단가 조정 또한 초도 물량 확보 독점 공급 계약 체결 전제 특별 할인 적용 계획 최종 공급 협상 달라지다 이익 훼손 타결 입찰 전략 대응 방안 차량 전력 pmic 입찰 가장 중요하다 납기 안정 성과 품질 경쟁력 타다 대비 불량 dppm 현저 낮다 데이터 시트 전면 예정 오션 테크놀로지 최근 시장 점유 확대 전략 포트 제조 라인 가동 최대로 끌다 올리다 적기 납품 just in time 보장 핵심 셀링 포인트 강조 바라다 계약 조건 리스크 검토 현재 협상 중인 계약 조건 납기 지연 지체상금 일일 방어 또한 원자재 가격 상승 환율 변동 리스크 헷지 특정 환율 구간 이탈 공급 단가 협상 조항 반드시 포함 계약 기간 기본 연장 옵션 두다 방향 최종 검토
sales_cyh_022.txt,1,영업 기밀 대외 번호 doc 메모리 솔루션 영업 작성자 매니저 거래처 컴퓨터 제품 차세대 모바일 ap 종류 계약 검토 메일 공급 단가 할인 기존 제안 치열하다 시장 경쟁 상황 컴퓨터 요구 반영 기본 공급 단가 조정 또한 초도 물량 확보 독점 공급 계약 체결 전제 특별 할인 적용 계획 최종 공급 협상 달라지다 이익 훼손 타결 입찰 전략 대응 방안 차세대 모바일 ap 입찰 가장 중요하다 납기 안정 성과 품질 경쟁력 타다 대비 불량 dppm 현저 낮다 데이터 시트 전면 예정 컴퓨터 최근 시장 점유 확대 전략 포트 제조 라인 가동 최대로 끌다 올리다 적기 납품 just in time 보장 핵심 셀링 포인트 강조 바라다 계약 조건 리스크 검토 현재 협상 중인 계약 조건 납기 지연 지체상금 일일 방어 또한 원자재 가격 상승 환율 변동 리스크 헷지 특정 환율 구간 이탈 공급 단가 협상 조항 반드시 포함 계약 기간 기본 연장 옵션 두다 방향 최종 검토
sales_cyh_005.txt,1,영업 기밀 대외 번호 doc 글로벌 b b 작성자 프로 거래처 글로벌 오토 모티브 제품 대역폭 메모리 hbm e 종류 계약 검토 메일 공급 단가 할인 기존 제안 치열하다 시장 경쟁 상황 글로벌 오토 모티브 요구 반영 기본 공급 단가 조정 또한 초도 물량 확보 독점 공급 계약 체결 전제 특별 할인 적용 계획 최종 공급 협상 달라지다 이익 훼손 타결 입찰 전략 대응 방안 대역폭 메모리 hbm e 입찰 가장 중요하다 납기 안정 성과 품질 경쟁력 타다 대비 불량 dppm 현저 낮다 데이터 시트 전면 예정 글로벌 오토 모티브 최근 시장 점유 확대 전략 포트 제조 라인 가동 최대로 끌다 올리다 적기 납품 just in time 보장 핵심 셀링 포인트 강조 바라다 계약 조건 리스크 검토 현재 협상 중인 계약 조건 납기 지연 지체상금 일일 방어 또한 원자재 가격 상승 환율 변동 리스크 헷지 특정 환율 구간 이탈 공급 단가 협상 조항 반드시 포함 계약 기간 기본 연장 옵션 두다 방향 최종 검토
sales_cyh_028.txt,1,영업 기밀 대외 번호 doc 글로벌 b b 작성자 거래처 오션 테크놀로지 제품 대역폭 메모리 hbm e 종류 요약 입찰 대응 전략 공급 단가 할인 기존 제안 치열하다 시장 경쟁 상황 오션 테크놀로지 요구 반영 기본 공급 단가 조정 또한 초도 물량 확보 독점 공급 계약 체결 전제 특별 할인 적용 계획 최종 공급 협상 달라지다 이익 훼손 타결 입찰 전략 대응 방안 대역폭 메모리 hbm e 입찰 가장 중요하다 납기 안정 성과 품질 경쟁력 타다 대비 불량 dppm 현저 낮다 데이터 시트 전면 예정 오션 테크놀로지 최근 시장 점유 확대 전략 포트 제조 라인 가동 최대로 끌다 올리다 적기 납품 just in time 보장 핵심 셀링 포인트 강조 바라다 계약 조건 리스크 검토 현재 협상 중인 계약 조건 납기 지연 지체상금 일일 방어 또한 원자재 가격 상승 환율 변동 리스크 헷지 특정 환율 구간 이탈 공급 단가 협상 조항 반드시 포함 계약 기간 기본 연장 옵션 두다 방향 최종 검토
sales_cyh_013.txt,1,영업 기밀 대외 번호 doc 장용 작성자 책임 거래처 전자 제품 서버 ddr 종류 계약 검토 메일 공급 단가 할인 기존 제안 치열하다 시장 경쟁 상황 전자 요구 반영 기본 공급 단가 조정 또한 초도 물량 확보 독점 공급 계약 체결 전제 특별 할인 적용 계획 최종 공급 협상 달라지다 이익 훼손 타결 입찰 전략 대응 방안 서버 ddr 입찰 가장 중요하다 납기 안정 성과 품질 경쟁력 타다 대비 불량 dppm 현저 낮다 데이터 시트 전면 예정 전자 최근 시장 점유 확대 전략 포트 제조 라인 가동 최대로 끌다 올리다 적기 납품 just in time 보장 핵심 셀링 포인트 강조 바라다 계약 조건 리스크 검토 현재 협상 중인 계약 조건 납기 지연 지체상금 일일 방어 또한 원자재 가격 상승 환율 변동 리스크 헷지 특정 환율 구간 이탈 공급 단가 협상 조항 반드시 포함 계약 기간 기본 연장 옵션 두다 방향 최종 검토
sales_cyh_018.txt,1,영업 기밀 대외 번호 doc 모바일 ap 영업 작성자 수석 거래처 넥스트 비다 제품 대역폭 메모리 hbm e 종류 요약 입찰 대응 전략 공급 단가 할인 기존 제안 치열하다 시장 경쟁 상황 넥스트 비다 요구 반영 기본 공급 단가 조정 또한 초도 물량 확보 독점 공급 계약 체결 전제 특별 할인 적용 계획 최종 공급 협상 달라지다 이익 훼손 타결 입찰 전략 대응 방안 대역폭 메모리 hbm e 입찰 가장 중요하다 납기 안정 성과 품질 경쟁력 타다 대비 불량 dppm 현저 낮다 데이터 시트 전면 예정 넥스트 비다 최근 시장 점유 확대 전략 포트 제조 라인 가동 최대로 끌다 올리다 적기 납품 just in time 보장 핵심 셀링 포인트 강조 바라다 계약 조건 리스크 검토 현재 협상 중인 계약 조건 납기 지연 지체상금 일일 방어 또한 원자재 가격 상승 환율 변동 리스크 헷지 특정 환율 구간 이탈 공급 단가 협상 조항 반드시 포함 계약 기간 기본 연장 옵션 두다 방향 최종 검토
sales_cyh_007.txt,1,영업 기밀 대외 번호 doc 파운드리 작성자 선임 거래처 글로벌 오토 모티브 제품 대역폭 메모리 hbm e 종류 매출 전망 내부 보고 공급 단가 할인 기존 제안 치열하다 시장 경쟁 상황 글로벌 오토 모티브 요구 반영 기본 공급 단가 조정 또한 초도 물량 확보 독점 공급 계약 체결 전제 특별 할인 적용 계획 최종 공급 협상 달라지다 이익 훼손 타결 입찰 전략 대응 방안 대역폭 메모리 hbm e 입찰 가장 중요하다 납기 안정 성과 품질 경쟁력 타다 대비 불량 dppm 현저 낮다 데이터 시트 전면 예정 글로벌 오토 모티브 최근 시장 점유 확대 전략 포트 제조 라인 가동 최대로 끌다 올리다 적기 납품 just in time 보장 핵심 셀링 포인트 강조 바라다 계약 조건 리스크 검토 현재 협상 중인 계약 조건 납기 지연 지체상금 일일 방어 또한 원자재 가격 상승 환율 변동 리스크 헷지 특정 환율 구간 이탈 공급 단가 협상 조항 반드시 포함 계약 기간 기본 연장 옵션 두다 방향 최종 검토
sales_cyh_003.txt,1,영업 기밀 대외 번호 doc 글로벌 b b 작성자 책임 거래처 스타 네트웍 제품 ai 가속 npu 종류 계약 검토 메일 공급 단가 할인 기존 제안 치열하다 시장 경쟁 상황 스타 네트웍 요구 반영 기본 공급 단가 조정 또한 초도 물량 확보 독점 공급 계약 체결 전제 특별 할인 적용 계획 최종 공급 협상 달라지다 이익 훼손 타결 입찰 전략 대응 방안 ai 가속 npu 입찰 가장 중요하다 납기 안정 성과 품질 경쟁력 타다 대비 불량 dppm 현저 낮다 데이터 시트 전면 예정 스타 네트웍 최근 시장 점유 확대 전략 포트 제조 라인 가동 최대로 끌다 올리다 적기 납품 just in time 보장 핵심 셀링 포인트 강조 바라다 계약 조건 리스크 검토 현재 협상 중인 계약 조건 납기 지연 지체상금 일일 방어 또한 원자재 가격 상승 환율 변동 리스크 헷지 특정 환율 구간 이탈 공급 단가 협상 조항 반드시 포함 계약 기간 기본 연장 옵션 두다 방향 최종 검토
sales_cyh_023.txt,1,영업 기밀 대외 번호 doc 파운드리 작성자 프로 거래처 미래 모바일 제품 서버 ddr 종류 계약 검토 메일 공급 단가 할인 기존 제안 치열하다 시장 경쟁 상황 미래 모바일 요구 반영 기본 공급 단가 조정 또한 초도 물량 확보 독점 공급 계약 체결 전제 특별 할인 적용 계획 최종 공급 협상 달라지다 이익 훼손 타결 입찰 전략 대응 방안 서버 ddr 입찰 가장 중요하다 납기 안정 성과 품질 경쟁력 타다 대비 불량 dppm 현저 낮다 데이터 시트 전면 예정 미래 모바일 최근 시장 점유 확대 전략 포트 제조 라인 가동 최대로 끌다 올리다 적기 납품 just in time 보장 핵심 셀링 포인트 강조 바라다 계약 조건 리스크 검토 현재 협상 중인 계약 조건 납기 지연 지체상금 일일 방어 또한 원자재 가격 상승 환율 변동 리스크 헷지 특정 환율 구간 이탈 공급 단가 협상 조항 반드시 포함 계약 기간 기본 연장 옵션 두다 방향 최종 검토
sales_cyh_027.txt,1,영업 기밀 대외 번호 doc 메모리 솔루션 영업 작성자 수석 거래처 넥스트 비다 제품 차량 전력 pmic 종류 거래처 협상 기록 공급 단가 할인 기존 제안 치열하다 시장 경쟁 상황 넥스트 비다 요구 반영 기본 공급 단가 조정 또한 초도 물량 확보 독점 공급 계약 체결 전제 특별 할인 적용 계획 최종 공급 협상 달라지다 이익 훼손 타결 입찰 전략 대응 방안 차량 전력 pmic 입찰 가장 중요하다 납기 안정 성과 품질 경쟁력 타다 대비 불량 dppm 현저 낮다 데이터 시트 전면 예정 넥스트 비다 최근 시장 점유 확대 전략 포트 제조 라인 가동 최대로 끌다 올리다 적기 납품 just in time 보장 핵심 셀링 포인트 강조 바라다 계약 조건 리스크 검토 현재 협상 중인 계약 조건 납기 지연 지체상금 일일 방어 또한 원자재 가격 상승 환율 변동 리스크 헷지 특정 환율 구간 이탈 공급 단가 협상 조항 반드시 포함 계약 기간 기본 연장 옵션 두다 방향 최종 검토
sales_cyh_025.txt,1,영업 기밀 대외 번호 doc 파운드리 작성자 선임 거래처 오션 테크놀로지 제품 서버 ddr 종류 매출 전망 내부 보고 공급 단가 할인 기존 제안 치열하다 시장 경쟁 상황 오션 테크놀로지 요구 반영 기본 공급 단가 조정 또한 초도 물량 확보 독점 공급 계약 체결 전제 특별 할인 적용 계획 최종 공급 협상 달라지다 이익 훼손 타결 입찰 전략 대응 방안 서버 ddr 입찰 가장 중요하다 납기 안정 성과 품질 경쟁력 타다 대비 불량 dppm 현저 낮다 데이터 시트 전면 예정 오션 테크놀로지 최근 시장 점유 확대 전략 포트 제조 라인 가동 최대로 끌다 올리다 적기 납품 just in time 보장 핵심 셀링 포인트 강조 바라다 계약 조건 리스크 검토 현재 협상 중인 계약 조건 납기 지연 지체상금 일일 방어 또한 원자재 가격 상승 환율 변동 리스크 헷지 특정 환율 구간 이탈 공급 단가 협상 조항 반드시 포함 계약 기간 기본 연장 옵션 두다 방향 최종 검토
sales_cyh_015.txt,1,영업 기밀 대외 번호 doc 메모리 솔루션 영업 작성자 책임 거래처 미래 모바일 제품 차량 전력 pmic 종류 계약 검토 메일 공급 단가 할인 기존 제안 치열하다 시장 경쟁 상황 미래 모바일 요구 반영 기본 공급 단가 조정 또한 초도 물량 확보 독점 공급 계약 체결 전제 특별 할인 적용 계획 최종 공급 협상 달라지다 이익 훼손 타결 입찰 전략 대응 방안 차량 전력 pmic 입찰 가장 중요하다 납기 안정 성과 품질 경쟁력 타다 대비 불량 dppm 현저 낮다 데이터 시트 전면 예정 미래 모바일 최근 시장 점유 확대 전략 포트 제조 라인 가동 최대로 끌다 올리다 적기 납품 just in time 보장 핵심 셀링 포인트 강조 바라다 계약 조건 리스크 검토 현재 협상 중인 계약 조건 납기 지연 지체상금 일일 방어 또한 원자재 가격 상승 환율 변동 리스크 헷지 특정 환율 구간 이탈 공급 단가 협상 조항 반드시 포함 계약 기간 기본 연장 옵션 두다 방향 최종 검토
sales_cyh_014.txt,1,영업 기밀 대외 번호 doc 메모리 솔루션 영업 작성자 책임 거래처 컴퓨터 제품 차세대 모바일 ap 종류 요약 입찰 대응 전략 공급 단가 할인 기존 제안 치열하다 시장 경쟁 상황 컴퓨터 요구 반영 기본 공급 단가 조정 또한 초도 물량 확보 독점 공급 계약 체결 전제 특별 할인 적용 계획 최종 공급 협상 달라지다 이익 훼손 타결 입찰 전략 대응 방안 차세대 모바일 ap 입찰 가장 중요하다 납기 안정 성과 품질 경쟁력 타다 대비 불량 dppm 현저 낮다 데이터 시트 전면 예정 컴퓨터 최근 시장 점유 확대 전략 포트 제조 라인 가동 최대로 끌다 올리다 적기 납품 just in time 보장 핵심 셀링 포인트 강조 바라다 계약 조건 리스크 검토 현재 협상 중인 계약 조건 납기 지연 지체상금 일일 방어 또한 원자재 가격 상승 환율 변동 리스크 헷지 특정 환율 구간 이탈 공급 단가 협상 조항 반드시 포함 계약 기간 기본 연장 옵션 두다 방향 최종 검토
sales_cyh_001.txt,1,영업 기밀 대외 번호 doc 파운드리 작성자 책임 거래처 스타 네트웍 제품 자율 주행 mcu 종류 거래처 협상 기록 공급 단가 할인 기존 제안 치열하다 시장 경쟁 상황 스타 네트웍 요구 반영 기본 공급 단가 조정 또한 초도 물량 확보 독점 공급 계약 체결 전제 특별 할인 적용 계획 최종 공급 협상 달라지다 이익 훼손 타결 입찰 전략 대응 방안 자율 주행 mcu 입찰 가장 중요하다 납기 안정 성과 품질 경쟁력 타다 대비 불량 dppm 현저 낮다 데이터 시트 전면 예정 스타 네트웍 최근 시장 점유 확대 전략 포트 제조 라인 가동 최대로 끌다 올리다 적기 납품 just in time 보장 핵심 셀링 포인트 강조 바라다 계약 조건 리스크 검토 현재 협상 중인 계약 조건 납기 지연 지체상금 일일 방어 또한 원자재 가격 상승 환율 변동 리스크 헷지 특정 환율 구간 이탈 공급 단가 협상 조항 반드시 포함 계약 기간 기본 연장 옵션 두다 방향 최종 검토
sales_cyh_029.txt,1,영업 기밀 대외 번호 doc 모바일 ap 영업 작성자 수석 거래처 컴퓨터 제품 차량 전력 pmic 종류 요약 입찰 대응 전략 공급 단가 할인 기존 제안 치열하다 시장 경쟁 상황 컴퓨터 요구 반영 기본 공급 단가 조정 또한 초도 물량 확보 독점 공급 계약 체결 전제 특별 할인 적용 계획 최종 공급 협상 달라지다 이익 훼손 타결 입찰 전략 대응 방안 차량 전력 pmic 입찰 가장 중요하다 납기 안정 성과 품질 경쟁력 타다 대비 불량 dppm 현저 낮다 데이터 시트 전면 예정 컴퓨터 최근 시장 점유 확대 전략 포트 제조 라인 가동 최대로 끌다 올리다 적기 납품 just in time 보장 핵심 셀링 포인트 강조 바라다 계약 조건 리스크 검토 현재 협상 중인 계약 조건 납기 지연 지체상금 일일 방어 또한 원자재 가격 상승 환율 변동 리스크 헷지 특정 환율 구간 이탈 공급 단가 협상 조항 반드시 포함 계약 기간 기본 연장 옵션 두다 방향 최종 검토
sales_cyh_024.txt,1,영업 기밀 대외 번호 doc 장용 작성자 책임 거래처 스타 네트웍 제품 대역폭 메모리 hbm e 종류 요약 입찰 대응 전략 공급 단가 할인 기존 제안 치열하다 시장 경쟁 상황 스타 네트웍 요구 반영 기본 공급 단가 조정 또한 초도 물량 확보 독점 공급 계약 체결 전제 특별 할인 적용 계획 최종 공급 협상 달라지다 이익 훼손 타결 입찰 전략 대응 방안 대역폭 메모리 hbm e 입찰 가장 중요하다 납기 안정 성과 품질 경쟁력 타다 대비 불량 dppm 현저 낮다 데이터 시트 전면 예정 스타 네트웍 최근 시장 점유 확대 전략 포트 제조 라인 가동 최대로 끌다 올리다 적기 납품 just in time 보장 핵심 셀링 포인트 강조 바라다 계약 조건 리스크 검토 현재 협상 중인 계약 조건 납기 지연 지체상금 일일 방어 또한 원자재 가격 상승 환율 변동 리스크 헷지 특정 환율 구간 이탈 공급 단가 협상 조항 반드시 포함 계약 기간 기본 연장 옵션 두다 방향 최종 검토
sales_cyh_006.txt,1,영업 기밀 대외 번호 doc 모바일 ap 영업 작성자 프로 거래처 전자 제품 차량 전력 pmic 종류 계약 검토 메일 공급 단가 할인 기존 제안 치열하다 시장 경쟁 상황 전자 요구 반영 기본 공급 단가 조정 또한 초도 물량 확보 독점 공급 계약 체결 전제 특별 할인 적용 계획 최종 공급 협상 달라지다 이익 훼손 타결 입찰 전략 대응 방안 차량 전력 pmic 입찰 가장 중요하다 납기 안정 성과 품질 경쟁력 타다 대비 불량 dppm 현저 낮다 데이터 시트 전면 예정 전자 최근 시장 점유 확대 전략 포트 제조 라인 가동 최대로 끌다 올리다 적기 납품 just in time 보장 핵심 셀링 포인트 강조 바라다 계약 조건 리스크 검토 현재 협상 중인 계약 조건 납기 지연 지체상금 일일 방어 또한 원자재 가격 상승 환율 변동 리스크 헷지 특정 환율 구간 이탈 공급 단가 협상 조항 반드시 포함 계약 기간 기본 연장 옵션 두다 방향 최종 검토
sales_cyh_020.txt,1,영업 기밀 대외 번호 doc 장용 작성자 수석 거래처 넥스트 비다 제품 차세대 모바일 ap 종류 계약 검토 메일 공급 단가 할인 기존 제안 치열하다 시장 경쟁 상황 넥스트 비다 요구 반영 기본 공급 단가 조정 또한 초도 물량 확보 독점 공급 계약 체결 전제 특별 할인 적용 계획 최종 공급 협상 달라지다 이익 훼손 타결 입찰 전략 대응 방안 차세대 모바일 ap 입찰 가장 중요하다 납기 안정 성과 품질 경쟁력 타다 대비 불량 dppm 현저 낮다 데이터 시트 전면 예정 넥스트 비다 최근 시장 점유 확대 전략 포트 제조 라인 가동 최대로 끌다 올리다 적기 납품 just in time 보장 핵심 셀링 포인트 강조 바라다 계약 조건 리스크 검토 현재 협상 중인 계약 조건 납기 지연 지체상금 일일 방어 또한 원자재 가격 상승 환율 변동 리스크 헷지 특정 환율 구간 이탈 공급 단가 협상 조항 반드시 포함 계약 기간 기본 연장 옵션 두다 방향 최종 검토
sales_cyh_010.txt,1,영업 기밀 대외 번호 doc 모바일 ap 영업 작성자 거래처 스타 네트웍 제품 차세대 모바일 ap 종류 매출 전망 내부 보고 공급 단가 할인 기존 제안 치열하다 시장 경쟁 상황 스타 네트웍 요구 반영 기본 공급 단가 조정 또한 초도 물량 확보 독점 공급 계약 체결 전제 특별 할인 적용 계획 최종 공급 협상 달라지다 이익 훼손 타결 입찰 전략 대응 방안 차세대 모바일 ap 입찰 가장 중요하다 납기 안정 성과 품질 경쟁력 타다 대비 불량 dppm 현저 낮다 데이터 시트 전면 예정 스타 네트웍 최근 시장 점유 확대 전략 포트 제조 라인 가동 최대로 끌다 올리다 적기 납품 just in time 보장 핵심 셀링 포인트 강조 바라다 계약 조건 리스크 검토 현재 협상 중인 계약 조건 납기 지연 지체상금 일일 방어 또한 원자재 가격 상승 환율 변동 리스크 헷지 특정 환율 구간 이탈 공급 단가 협상 조항 반드시 포함 계약 기간 기본 연장 옵션 두다 방향 최종 검토
sales_cyh_045.txt,1,영업 기밀 대외 번호 doc 메모리 솔루션 영업 작성자 프로 거래처 컴퓨터 제품 대역폭 메모리 hbm e 종류 매출 전망 내부 보고 공급 단가 할인 기존 제안 치열하다 시장 경쟁 상황 컴퓨터 요구 반영 기본 공급 단가 조정 또한 초도 물량 확보 독점 공급 계약 체결 전제 특별 할인 적용 계획 최종 공급 협상 달라지다 이익 훼손 타결 입찰 전략 대응 방안 대역폭 메모리 hbm e 입찰 가장 중요하다 납기 안정 성과 품질 경쟁력 타다 대비 불량 dppm 현저 낮다 데이터 시트 전면 예정 컴퓨터 최근 시장 점유 확대 전략 포트 제조 라인 가동 최대로 끌다 올리다 적기 납품 just in time 보장 핵심 셀링 포인트 강조 바라다 계약 조건 리스크 검토 현재 협상 중인 계약 조건 납기 지연 지체상금 일일 방어 또한 원자재 가격 상승 환율 변동 리스크 헷지 특정 환율 구간 이탈 공급 단가 협상 조항 반드시 포함 계약 기간 기본 연장 옵션 두다 방향 최종 검토
sales_cyh_057.txt,1,영업 기밀 대외 번호 doc 모바일 ap 영업 작성자 매니저 거래처 전자 제품 ai 가속 npu 종류 요약 입찰 대응 전략 공급 단가 할인 기존 제안 치열하다 시장 경쟁 상황 전자 요구 반영 기본 공급 단가 조정 또한 초도 물량 확보 독점 공급 계약 체결 전제 특별 할인 적용 계획 최종 공급 협상 달라지다 이익 훼손 타결 입찰 전략 대응 방안 ai 가속 npu 입찰 가장 중요하다 납기 안정 성과 품질 경쟁력 타다 대비 불량 dppm 현저 낮다 데이터 시트 전면 예정 전자 최근 시장 점유 확대 전략 포트 제조 라인 가동 최대로 끌다 올리다 적기 납품 just in time 보장 핵심 셀링 포인트 강조 바라다 계약 조건 리스크 검토 현재 협상 중인 계약 조건 납기 지연 지체상금 일일 방어 또한 원자재 가격 상승 환율 변동 리스크 헷지 특정 환율 구간 이탈 공급 단가 협상 조항 반드시 포함 계약 기간 기본 연장 옵션 두다 방향 최종 검토
sales_cyh_051.txt,1,영업 기밀 대외 번호 doc 파운드리 작성자 수석 거래처 스타 네트웍 제품 대역폭 메모리 hbm e 종류 거래처 협상 기록 공급 단가 할인 기존 제안 치열하다 시장 경쟁 상황 스타 네트웍 요구 반영 기본 공급 단가 조정 또한 초도 물량 확보 독점 공급 계약 체결 전제 특별 할인 적용 계획 최종 공급 협상 달라지다 이익 훼손 타결 입찰 전략 대응 방안 대역폭 메모리 hbm e 입찰 가장 중요하다 납기 안정 성과 품질 경쟁력 타다 대비 불량 dppm 현저 낮다 데이터 시트 전면 예정 스타 네트웍 최근 시장 점유 확대 전략 포트 제조 라인 가동 최대로 끌다 올리다 적기 납품 just in time 보장 핵심 셀링 포인트 강조 바라다 계약 조건 리스크 검토 현재 협상 중인 계약 조건 납기 지연 지체상금 일일 방어 또한 원자재 가격 상승 환율 변동 리스크 헷지 특정 환율 구간 이탈 공급 단가 협상 조항 반드시 포함 계약 기간 기본 연장 옵션 두다 방향 최종 검토
sales_cyh_043.txt,1,영업 기밀 대외 번호 doc 모바일 ap 영업 작성자 거래처 스타 네트웍 제품 대역폭 메모리 hbm e 종류 요약 입찰 대응 전략 공급 단가 할인 기존 제안 치열하다 시장 경쟁 상황 스타 네트웍 요구 반영 기본 공급 단가 조정 또한 초도 물량 확보 독점 공급 계약 체결 전제 특별 할인 적용 계획 최종 공급 협상 달라지다 이익 훼손 타결 입찰 전략 대응 방안 대역폭 메모리 hbm e 입찰 가장 중요하다 납기 안정 성과 품질 경쟁력 타다 대비 불량 dppm 현저 낮다 데이터 시트 전면 예정 스타 네트웍 최근 시장 점유 확대 전략 포트 제조 라인 가동 최대로 끌다 올리다 적기 납품 just in time 보장 핵심 셀링 포인트 강조 바라다 계약 조건 리스크 검토 현재 협상 중인 계약 조건 납기 지연 지체상금 일일 방어 또한 원자재 가격 상승 환율 변동 리스크 헷지 특정 환율 구간 이탈 공급 단가 협상 조항 반드시 포함 계약 기간 기본 연장 옵션 두다 방향 최종 검토
sales_cyh_063.txt,1,영업 기밀 대외 번호 doc 글로벌 b b 작성자 수석 거래처 넥스트 비다 제품 차량 전력 pmic 종류 요약 입찰 대응 전략 공급 단가 할인 기존 제안 치열하다 시장 경쟁 상황 넥스트 비다 요구 반영 기본 공급 단가 조정 또한 초도 물량 확보 독점 공급 계약 체결 전제 특별 할인 적용 계획 최종 공급 협상 달라지다 이익 훼손 타결 입찰 전략 대응 방안 차량 전력 pmic 입찰 가장 중요하다 납기 안정 성과 품질 경쟁력 타다 대비 불량 dppm 현저 낮다 데이터 시트 전면 예정 넥스트 비다 최근 시장 점유 확대 전략 포트 제조 라인 가동 최대로 끌다 올리다 적기 납품 just in time 보장 핵심 셀링 포인트 강조 바라다 계약 조건 리스크 검토 현재 협상 중인 계약 조건 납기 지연 지체상금 일일 방어 또한 원자재 가격 상승 환율 변동 리스크 헷지 특정 환율 구간 이탈 공급 단가 협상 조항 반드시 포함 계약 기간 기본 연장 옵션 두다 방향 최종 검토
sales_cyh_066.txt,1,영업 기밀 대외 번호 doc 메모리 솔루션 영업 작성자 매니저 거래처 글로벌 오토 모티브 제품 자율 주행 mcu 종류 매출 전망 내부 보고 공급 단가 할인 기존 제안 치열하다 시장 경쟁 상황 글로벌 오토 모티브 요구 반영 기본 공급 단가 조정 또한 초도 물량 확보 독점 공급 계약 체결 전제 특별 할인 적용 계획 최종 공급 협상 달라지다 이익 훼손 타결 입찰 전략 대응 방안 자율 주행 mcu 입찰 가장 중요하다 납기 안정 성과 품질 경쟁력 타다 대비 불량 dppm 현저 낮다 데이터 시트 전면 예정 글로벌 오토 모티브 최근 시장 점유 확대 전략 포트 제조 라인 가동 최대로 끌다 올리다 적기 납품 just in time 보장 핵심 셀링 포인트 강조 바라다 계약 조건 리스크 검토 현재 협상 중인 계약 조건 납기 지연 지체상금 일일 방어 또한 원자재 가격 상승 환율 변동 리스크 헷지 특정 환율 구간 이탈 공급 단가 협상 조항 반드시 포함 계약 기간 기본 연장 옵션 두다 방향 최종 검토
sales_cyh_064.txt,1,영업 기밀 대외 번호 doc 모바일 ap 영업 작성자 수석 거래처 컴퓨터 제품 대역폭 메모리 hbm e 종류 매출 전망 내부 보고 공급 단가 할인 기존 제안 치열하다 시장 경쟁 상황 컴퓨터 요구 반영 기본 공급 단가 조정 또한 초도 물량 확보 독점 공급 계약 체결 전제 특별 할인 적용 계획 최종 공급 협상 달라지다 이익 훼손 타결 입찰 전략 대응 방안 대역폭 메모리 hbm e 입찰 가장 중요하다 납기 안정 성과 품질 경쟁력 타다 대비 불량 dppm 현저 낮다 데이터 시트 전면 예정 컴퓨터 최근 시장 점유 확대 전략 포트 제조 라인 가동 최대로 끌다 올리다 적기 납품 just in time 보장 핵심 셀링 포인트 강조 바라다 계약 조건 리스크 검토 현재 협상 중인 계약 조건 납기 지연 지체상금 일일 방어 또한 원자재 가격 상승 환율 변동 리스크 헷지 특정 환율 구간 이탈 공급 단가 협상 조항 반드시 포함 계약 기간 기본 연장 옵션 두다 방향 최종 검토
sales_cyh_035.txt,1,영업 기밀 대외 번호 doc 모바일 ap 영업 작성자 프로 거래처 전자 제품 차세대 모바일 ap 종류 계약 검토 메일 공급 단가 할인 기존 제안 치열하다 시장 경쟁 상황 전자 요구 반영 기본 공급 단가 조정 또한 초도 물량 확보 독점 공급 계약 체결 전제 특별 할인 적용 계획 최종 공급 협상 달라지다 이익 훼손 타결 입찰 전략 대응 방안 차세대 모바일 ap 입찰 가장 중요하다 납기 안정 성과 품질 경쟁력 타다 대비 불량 dppm 현저 낮다 데이터 시트 전면 예정 전자 최근 시장 점유 확대 전략 포트 제조 라인 가동 최대로 끌다 올리다 적기 납품 just in time 보장 핵심 셀링 포인트 강조 바라다 계약 조건 리스크 검토 현재 협상 중인 계약 조건 납기 지연 지체상금 일일 방어 또한 원자재 가격 상승 환율 변동 리스크 헷지 특정 환율 구간 이탈 공급 단가 협상 조항 반드시 포함 계약 기간 기본 연장 옵션 두다 방향 최종 검토
sales_cyh_046.txt,1,영업 기밀 대외 번호 doc 장용 작성자 선임 거래처 전자 제품 대역폭 메모리 hbm e 종류 요약 입찰 대응 전략 공급 단가 할인 기존 제안 치열하다 시장 경쟁 상황 전자 요구 반영 기본 공급 단가 조정 또한 초도 물량 확보 독점 공급 계약 체결 전제 특별 할인 적용 계획 최종 공급 협상 달라지다 이익 훼손 타결 입찰 전략 대응 방안 대역폭 메모리 hbm e 입찰 가장 중요하다 납기 안정 성과 품질 경쟁력 타다 대비 불량 dppm 현저 낮다 데이터 시트 전면 예정 전자 최근 시장 점유 확대 전략 포트 제조 라인 가동 최대로 끌다 올리다 적기 납품 just in time 보장 핵심 셀링 포인트 강조 바라다 계약 조건 리스크 검토 현재 협상 중인 계약 조건 납기 지연 지체상금 일일 방어 또한 원자재 가격 상승 환율 변동 리스크 헷지 특정 환율 구간 이탈 공급 단가 협상 조항 반드시 포함 계약 기간 기본 연장 옵션 두다 방향 최종 검토
sales_cyh_040.txt,1,영업 기밀 대외 번호 doc 메모리 솔루션 영업 작성자 선임 거래처 넥스트 비다 제품 자율 주행 mcu 종류 매출 전망 내부 보고 공급 단가 할인 기존 제안 치열하다 시장 경쟁 상황 넥스트 비다 요구 반영 기본 공급 단가 조정 또한 초도 물량 확보 독점 공급 계약 체결 전제 특별 할인 적용 계획 최종 공급 협상 달라지다 이익 훼손 타결 입찰 전략 대응 방안 자율 주행 mcu 입찰 가장 중요하다 납기 안정 성과 품질 경쟁력 타다 대비 불량 dppm 현저 낮다 데이터 시트 전면 예정 넥스트 비다 최근 시장 점유 확대 전략 포트 제조 라인 가동 최대로 끌다 올리다 적기 납품 just in time 보장 핵심 셀링 포인트 강조 바라다 계약 조건 리스크 검토 현재 협상 중인 계약 조건 납기 지연 지체상금 일일 방어 또한 원자재 가격 상승 환율 변동 리스크 헷지 특정 환율 구간 이탈 공급 단가 협상 조항 반드시 포함 계약 기간 기본 연장 옵션 두다 방향 최종 검토
sales_cyh_068.txt,1,영업 기밀 대외 번호 doc 파운드리 작성자 수석 거래처 스타 네트웍 제품 차량 전력 pmic 종류 계약 검토 메일 공급 단가 할인 기존 제안 치열하다 시장 경쟁 상황 스타 네트웍 요구 반영 기본 공급 단가 조정 또한 초도 물량 확보 독점 공급 계약 체결 전제 특별 할인 적용 계획 최종 공급 협상 달라지다 이익 훼손 타결 입찰 전략 대응 방안 차량 전력 pmic 입찰 가장 중요하다 납기 안정 성과 품질 경쟁력 타다 대비 불량 dppm 현저 낮다 데이터 시트 전면 예정 스타 네트웍 최근 시장 점유 확대 전략 포트 제조 라인 가동 최대로 끌다 올리다 적기 납품 just in time 보장 핵심 셀링 포인트 강조 바라다 계약 조건 리스크 검토 현재 협상 중인 계약 조건 납기 지연 지체상금 일일 방어 또한 원자재 가격 상승 환율 변동 리스크 헷지 특정 환율 구간 이탈 공급 단가 협상 조항 반드시 포함 계약 기간 기본 연장 옵션 두다 방향 최종 검토
sales_cyh_054.txt,1,영업 기밀 대외 번호 doc 메모리 솔루션 영업 작성자 프로 거래처 넥스트 비다 제품 서버 ddr 종류 계약 검토 메일 공급 단가 할인 기존 제안 치열하다 시장 경쟁 상황 넥스트 비다 요구 반영 기본 공급 단가 조정 또한 초도 물량 확보 독점 공급 계약 체결 전제 특별 할인 적용 계획 최종 공급 협상 달라지다 이익 훼손 타결 입찰 전략 대응 방안 서버 ddr 입찰 가장 중요하다 납기 안정 성과 품질 경쟁력 타다 대비 불량 dppm 현저 낮다 데이터 시트 전면 예정 넥스트 비다 최근 시장 점유 확대 전략 포트 제조 라인 가동 최대로 끌다 올리다 적기 납품 just in time 보장 핵심 셀링 포인트 강조 바라다 계약 조건 리스크 검토 현재 협상 중인 계약 조건 납기 지연 지체상금 일일 방어 또한 원자재 가격 상승 환율 변동 리스크 헷지 특정 환율 구간 이탈 공급 단가 협상 조항 반드시 포함 계약 기간 기본 연장 옵션 두다 방향 최종 검토
sales_cyh_053.txt,1,영업 기밀 대외 번호 doc 장용 작성자 거래처 컴퓨터 제품 자율 주행 mcu 종류 요약 입찰 대응 전략 공급 단가 할인 기존 제안 치열하다 시장 경쟁 상황 컴퓨터 요구 반영 기본 공급 단가 조정 또한 초도 물량 확보 독점 공급 계약 체결 전제 특별 할인 적용 계획 최종 공급 협상 달라지다 이익 훼손 타결 입찰 전략 대응 방안 자율 주행 mcu 입찰 가장 중요하다 납기 안정 성과 품질 경쟁력 타다 대비 불량 dppm 현저 낮다 데이터 시트 전면 예정 컴퓨터 최근 시장 점유 확대 전략 포트 제조 라인 가동 최대로 끌다 올리다 적기 납품 just in time 보장 핵심 셀링 포인트 강조 바라다 계약 조건 리스크 검토 현재 협상 중인 계약 조건 납기 지연 지체상금 일일 방어 또한 원자재 가격 상승 환율 변동 리스크 헷지 특정 환율 구간 이탈 공급 단가 협상 조항 반드시 포함 계약 기간 기본 연장 옵션 두다 방향 최종 검토
sales_cyh_055.txt,1,영업 기밀 대외 번호 doc 글로벌 b b 작성자 매니저 거래처 전자 제품 ai 가속 npu 종류 매출 전망 내부 보고 공급 단가 할인 기존 제안 치열하다 시장 경쟁 상황 전자 요구 반영 기본 공급 단가 조정 또한 초도 물량 확보 독점 공급 계약 체결 전제 특별 할인 적용 계획 최종 공급 협상 달라지다 이익 훼손 타결 입찰 전략 대응 방안 ai 가속 npu 입찰 가장 중요하다 납기 안정 성과 품질 경쟁력 타다 대비 불량 dppm 현저 낮다 데이터 시트 전면 예정 전자 최근 시장 점유 확대 전략 포트 제조 라인 가동 최대로 끌다 올리다 적기 납품 just in time 보장 핵심 셀링 포인트 강조 바라다 계약 조건 리스크 검토 현재 협상 중인 계약 조건 납기 지연 지체상금 일일 방어 또한 원자재 가격 상승 환율 변동 리스크 헷지 특정 환율 구간 이탈 공급 단가 협상 조항 반드시 포함 계약 기간 기본 연장 옵션 두다 방향 최종 검토
sales_cyh_058.txt,1,영업 기밀 대외 번호 doc 파운드리 작성자 선임 거래처 넥스트 비다 제품 ai 가속 npu 종류 요약 입찰 대응 전략 공급 단가 할인 기존 제안 치열하다 시장 경쟁 상황 넥스트 비다 요구 반영 기본 공급 단가 조정 또한 초도 물량 확보 독점 공급 계약 체결 전제 특별 할인 적용 계획 최종 공급 협상 달라지다 이익 훼손 타결 입찰 전략 대응 방안 ai 가속 npu 입찰 가장 중요하다 납기 안정 성과 품질 경쟁력 타다 대비 불량 dppm 현저 낮다 데이터 시트 전면 예정 넥스트 비다 최근 시장 점유 확대 전략 포트 제조 라인 가동 최대로 끌다 올리다 적기 납품 just in time 보장 핵심 셀링 포인트 강조 바라다 계약 조건 리스크 검토 현재 협상 중인 계약 조건 납기 지연 지체상금 일일 방어 또한 원자재 가격 상승 환율 변동 리스크 헷지 특정 환율 구간 이탈 공급 단가 협상 조항 반드시 포함 계약 기간 기본 연장 옵션 두다 방향 최종 검토
sales_cyh_059.txt,1,영업 기밀 대외 번호 doc 글로벌 b b 작성자 선임 거래처 전자 제품 ai 가속 npu 종류 계약 검토 메일 공급 단가 할인 기존 제안 치열하다 시장 경쟁 상황 전자 요구 반영 기본 공급 단가 조정 또한 초도 물량 확보 독점 공급 계약 체결 전제 특별 할인 적용 계획 최종 공급 협상 달라지다 이익 훼손 타결 입찰 전략 대응 방안 ai 가속 npu 입찰 가장 중요하다 납기 안정 성과 품질 경쟁력 타다 대비 불량 dppm 현저 낮다 데이터 시트 전면 예정 전자 최근 시장 점유 확대 전략 포트 제조 라인 가동 최대로 끌다 올리다 적기 납품 just in time 보장 핵심 셀링 포인트 강조 바라다 계약 조건 리스크 검토 현재 협상 중인 계약 조건 납기 지연 지체상금 일일 방어 또한 원자재 가격 상승 환율 변동 리스크 헷지 특정 환율 구간 이탈 공급 단가 협상 조항 반드시 포함 계약 기간 기본 연장 옵션 두다 방향 최종 검토
sales_cyh_049.txt,1,영업 기밀 대외 번호 doc 파운드리 작성자 거래처 미래 모바일 제품 차량 전력 pmic 종류 계약 검토 메일 공급 단가 할인 기존 제안 치열하다 시장 경쟁 상황 미래 모바일 요구 반영 기본 공급 단가 조정 또한 초도 물량 확보 독점 공급 계약 체결 전제 특별 할인 적용 계획 최종 공급 협상 달라지다 이익 훼손 타결 입찰 전략 대응 방안 차량 전력 pmic 입찰 가장 중요하다 납기 안정 성과 품질 경쟁력 타다 대비 불량 dppm 현저 낮다 데이터 시트 전면 예정 미래 모바일 최근 시장 점유 확대 전략 포트 제조 라인 가동 최대로 끌다 올리다 적기 납품 just in time 보장 핵심 셀링 포인트 강조 바라다 계약 조건 리스크 검토 현재 협상 중인 계약 조건 납기 지연 지체상금 일일 방어 또한 원자재 가격 상승 환율 변동 리스크 헷지 특정 환율 구간 이탈 공급 단가 협상 조항 반드시 포함 계약 기간 기본 연장 옵션 두다 방향 최종 검토
sales_cyh_032.txt,1,영업 기밀 대외 번호 doc 파운드리 작성자 프로 거래처 미래 모바일 제품 차세대 모바일 ap 종류 요약 입찰 대응 전략 공급 단가 할인 기존 제안 치열하다 시장 경쟁 상황 미래 모바일 요구 반영 기본 공급 단가 조정 또한 초도 물량 확보 독점 공급 계약 체결 전제 특별 할인 적용 계획 최종 공급 협상 달라지다 이익 훼손 타결 입찰 전략 대응 방안 차세대 모바일 ap 입찰 가장 중요하다 납기 안정 성과 품질 경쟁력 타다 대비 불량 dppm 현저 낮다 데이터 시트 전면 예정 미래 모바일 최근 시장 점유 확대 전략 포트 제조 라인 가동 최대로 끌다 올리다 적기 납품 just in time 보장 핵심 셀링 포인트 강조 바라다 계약 조건 리스크 검토 현재 협상 중인 계약 조건 납기 지연 지체상금 일일 방어 또한 원자재 가격 상승 환율 변동 리스크 헷지 특정 환율 구간 이탈 공급 단가 협상 조항 반드시 포함 계약 기간 기본 연장 옵션 두다 방향 최종 검토
sales_cyh_041.txt,1,영업 기밀 대외 번호 doc 장용 작성자 매니저 거래처 컴퓨터 제품 대역폭 메모리 hbm e 종류 계약 검토 메일 공급 단가 할인 기존 제안 치열하다 시장 경쟁 상황 컴퓨터 요구 반영 기본 공급 단가 조정 또한 초도 물량 확보 독점 공급 계약 체결 전제 특별 할인 적용 계획 최종 공급 협상 달라지다 이익 훼손 타결 입찰 전략 대응 방안 대역폭 메모리 hbm e 입찰 가장 중요하다 납기 안정 성과 품질 경쟁력 타다 대비 불량 dppm 현저 낮다 데이터 시트 전면 예정 컴퓨터 최근 시장 점유 확대 전략 포트 제조 라인 가동 최대로 끌다 올리다 적기 납품 just in time 보장 핵심 셀링 포인트 강조 바라다 계약 조건 리스크 검토 현재 협상 중인 계약 조건 납기 지연 지체상금 일일 방어 또한 원자재 가격 상승 환율 변동 리스크 헷지 특정 환율 구간 이탈 공급 단가 협상 조항 반드시 포함 계약 기간 기본 연장 옵션 두다 방향 최종 검토
sales_cyh_061.txt,1,영업 기밀 대외 번호 doc 파운드리 작성자 거래처 미래 모바일 제품 서버 ddr 종류 요약 입찰 대응 전략 공급 단가 할인 기존 제안 치열하다 시장 경쟁 상황 미래 모바일 요구 반영 기본 공급 단가 조정 또한 초도 물량 확보 독점 공급 계약 체결 전제 특별 할인 적용 계획 최종 공급 협상 달라지다 이익 훼손 타결 입찰 전략 대응 방안 서버 ddr 입찰 가장 중요하다 납기 안정 성과 품질 경쟁력 타다 대비 불량 dppm 현저 낮다 데이터 시트 전면 예정 미래 모바일 최근 시장 점유 확대 전략 포트 제조 라인 가동 최대로 끌다 올리다 적기 납품 just in time 보장 핵심 셀링 포인트 강조 바라다 계약 조건 리스크 검토 현재 협상 중인 계약 조건 납기 지연 지체상금 일일 방어 또한 원자재 가격 상승 환율 변동 리스크 헷지 특정 환율 구간 이탈 공급 단가 협상 조항 반드시 포함 계약 기간 기본 연장 옵션 두다 방향 최종 검토
sales_cyh_056.txt,1,영업 기밀 대외 번호 doc 모바일 ap 영업 작성자 매니저 거래처 글로벌 오토 모티브 제품 차세대 모바일 ap 종류 매출 전망 내부 보고 공급 단가 할인 기존 제안 치열하다 시장 경쟁 상황 글로벌 오토 모티브 요구 반영 기본 공급 단가 조정 또한 초도 물량 확보 독점 공급 계약 체결 전제 특별 할인 적용 계획 최종 공급 협상 달라지다 이익 훼손 타결 입찰 전략 대응 방안 차세대 모바일 ap 입찰 가장 중요하다 납기 안정 성과 품질 경쟁력 타다 대비 불량 dppm 현저 낮다 데이터 시트 전면 예정 글로벌 오토 모티브 최근 시장 점유 확대 전략 포트 제조 라인 가동 최대로 끌다 올리다 적기 납품 just in time 보장 핵심 셀링 포인트 강조 바라다 계약 조건 리스크 검토 현재 협상 중인 계약 조건 납기 지연 지체상금 일일 방어 또한 원자재 가격 상승 환율 변동 리스크 헷지 특정 환율 구간 이탈 공급 단가 협상 조항 반드시 포함 계약 기간 기본 연장 옵션 두다 방향 최종 검토
sales_cyh_044.txt,1,영업 기밀 대외 번호 doc 파운드리 작성자 프로 거래처 전자 제품 차량 전력 pmic 종류 계약 검토 메일 공급 단가 할인 기존 제안 치열하다 시장 경쟁 상황 전자 요구 반영 기본 공급 단가 조정 또한 초도 물량 확보 독점 공급 계약 체결 전제 특별 할인 적용 계획 최종 공급 협상 달라지다 이익 훼손 타결 입찰 전략 대응 방안 차량 전력 pmic 입찰 가장 중요하다 납기 안정 성과 품질 경쟁력 타다 대비 불량 dppm 현저 낮다 데이터 시트 전면 예정 전자 최근 시장 점유 확대 전략 포트 제조 라인 가동 최대로 끌다 올리다 적기 납품 just in time 보장 핵심 셀링 포인트 강조 바라다 계약 조건 리스크 검토 현재 협상 중인 계약 조건 납기 지연 지체상금 일일 방어 또한 원자재 가격 상승 환율 변동 리스크 헷지 특정 환율 구간 이탈 공급 단가 협상 조항 반드시 포함 계약 기간 기본 연장 옵션 두다 방향 최종 검토
sales_cyh_048.txt,1,영업 기밀 대외 번호 doc 글로벌 b b 작성자 수석 거래처 글로벌 오토 모티브 제품 차량 전력 pmic 종류 계약 검토 메일 공급 단가 할인 기존 제안 치열하다 시장 경쟁 상황 글로벌 오토 모티브 요구 반영 기본 공급 단가 조정 또한 초도 물량 확보 독점 공급 계약 체결 전제 특별 할인 적용 계획 최종 공급 협상 달라지다 이익 훼손 타결 입찰 전략 대응 방안 차량 전력 pmic 입찰 가장 중요하다 납기 안정 성과 품질 경쟁력 타다 대비 불량 dppm 현저 낮다 데이터 시트 전면 예정 글로벌 오토 모티브 최근 시장 점유 확대 전략 포트 제조 라인 가동 최대로 끌다 올리다 적기 납품 just in time 보장 핵심 셀링 포인트 강조 바라다 계약 조건 리스크 검토 현재 협상 중인 계약 조건 납기 지연 지체상금 일일 방어 또한 원자재 가격 상승 환율 변동 리스크 헷지 특정 환율 구간 이탈 공급 단가 협상 조항 반드시 포함 계약 기간 기본 연장 옵션 두다 방향 최종 검토
sales_cyh_031.txt,1,영업 기밀 대외 번호 doc 장용 작성자 수석 거래처 넥스트 비다 제품 서버 ddr 종류 매출 전망 내부 보고 공급 단가 할인 기존 제안 치열하다 시장 경쟁 상황 넥스트 비다 요구 반영 기본 공급 단가 조정 또한 초도 물량 확보 독점 공급 계약 체결 전제 특별 할인 적용 계획 최종 공급 협상 달라지다 이익 훼손 타결 입찰 전략 대응 방안 서버 ddr 입찰 가장 중요하다 납기 안정 성과 품질 경쟁력 타다 대비 불량 dppm 현저 낮다 데이터 시트 전면 예정 넥스트 비다 최근 시장 점유 확대 전략 포트 제조 라인 가동 최대로 끌다 올리다 적기 납품 just in time 보장 핵심 셀링 포인트 강조 바라다 계약 조건 리스크 검토 현재 협상 중인 계약 조건 납기 지연 지체상금 일일 방어 또한 원자재 가격 상승 환율 변동 리스크 헷지 특정 환율 구간 이탈 공급 단가 협상 조항 반드시 포함 계약 기간 기본 연장 옵션 두다 방향 최종 검토
sales_cyh_039.txt,1,영업 기밀 대외 번호 doc 장용 작성자 매니저 거래처 오션 테크놀로지 제품 대역폭 메모리 hbm e 종류 계약 검토 메일 공급 단가 할인 기존 제안 치열하다 시장 경쟁 상황 오션 테크놀로지 요구 반영 기본 공급 단가 조정 또한 초도 물량 확보 독점 공급 계약 체결 전제 특별 할인 적용 계획 최종 공급 협상 달라지다 이익 훼손 타결 입찰 전략 대응 방안 대역폭 메모리 hbm e 입찰 가장 중요하다 납기 안정 성과 품질 경쟁력 타다 대비 불량 dppm 현저 낮다 데이터 시트 전면 예정 오션 테크놀로지 최근 시장 점유 확대 전략 포트 제조 라인 가동 최대로 끌다 올리다 적기 납품 just in time 보장 핵심 셀링 포인트 강조 바라다 계약 조건 리스크 검토 현재 협상 중인 계약 조건 납기 지연 지체상금 일일 방어 또한 원자재 가격 상승 환율 변동 리스크 헷지 특정 환율 구간 이탈 공급 단가 협상 조항 반드시 포함 계약 기간 기본 연장 옵션 두다 방향 최종 검토
sales_cyh_037.txt,1,영업 기밀 대외 번호 doc 파운드리 작성자 책임 거래처 미래 모바일 제품 대역폭 메모리 hbm e 종류 매출 전망 내부 보고 공급 단가 할인 기존 제안 치열하다 시장 경쟁 상황 미래 모바일 요구 반영 기본 공급 단가 조정 또한 초도 물량 확보 독점 공급 계약 체결 전제 특별 할인 적용 계획 최종 공급 협상 달라지다 이익 훼손 타결 입찰 전략 대응 방안 대역폭 메모리 hbm e 입찰 가장 중요하다 납기 안정 성과 품질 경쟁력 타다 대비 불량 dppm 현저 낮다 데이터 시트 전면 예정 미래 모바일 최근 시장 점유 확대 전략 포트 제조 라인 가동 최대로 끌다 올리다 적기 납품 just in time 보장 핵심 셀링 포인트 강조 바라다 계약 조건 리스크 검토 현재 협상 중인 계약 조건 납기 지연 지체상금 일일 방어 또한 원자재 가격 상승 환율 변동 리스크 헷지 특정 환율 구간 이탈 공급 단가 협상 조항 반드시 포함 계약 기간 기본 연장 옵션 두다 방향 최종 검토
sales_cyh_047.txt,1,영업 기밀 대외 번호 doc 장용 작성자 매니저 거래처 미래 모바일 제품 서버 ddr 종류 거래처 협상 기록 공급 단가 할인 기존 제안 치열하다 시장 경쟁 상황 미래 모바일 요구 반영 기본 공급 단가 조정 또한 초도 물량 확보 독점 공급 계약 체결 전제 특별 할인 적용 계획 최종 공급 협상 달라지다 이익 훼손 타결 입찰 전략 대응 방안 서버 ddr 입찰 가장 중요하다 납기 안정 성과 품질 경쟁력 타다 대비 불량 dppm 현저 낮다 데이터 시트 전면 예정 미래 모바일 최근 시장 점유 확대 전략 포트 제조 라인 가동 최대로 끌다 올리다 적기 납품 just in time 보장 핵심 셀링 포인트 강조 바라다 계약 조건 리스크 검토 현재 협상 중인 계약 조건 납기 지연 지체상금 일일 방어 또한 원자재 가격 상승 환율 변동 리스크 헷지 특정 환율 구간 이탈 공급 단가 협상 조항 반드시 포함 계약 기간 기본 연장 옵션 두다 방향 최종 검토
sales_cyh_036.txt,1,영업 기밀 대외 번호 doc 글로벌 b b 작성자 거래처 미래 모바일 제품 자율 주행 mcu 종류 매출 전망 내부 보고 공급 단가 할인 기존 제안 치열하다 시장 경쟁 상황 미래 모바일 요구 반영 기본 공급 단가 조정 또한 초도 물량 확보 독점 공급 계약 체결 전제 특별 할인 적용 계획 최종 공급 협상 달라지다 이익 훼손 타결 입찰 전략 대응 방안 자율 주행 mcu 입찰 가장 중요하다 납기 안정 성과 품질 경쟁력 타다 대비 불량 dppm 현저 낮다 데이터 시트 전면 예정 미래 모바일 최근 시장 점유 확대 전략 포트 제조 라인 가동 최대로 끌다 올리다 적기 납품 just in time 보장 핵심 셀링 포인트 강조 바라다 계약 조건 리스크 검토 현재 협상 중인 계약 조건 납기 지연 지체상금 일일 방어 또한 원자재 가격 상승 환율 변동 리스크 헷지 특정 환율 구간 이탈 공급 단가 협상 조항 반드시 포함 계약 기간 기본 연장 옵션 두다 방향 최종 검토
sales_cyh_060.txt,1,영업 기밀 대외 번호 doc 장용 작성자 책임 거래처 컴퓨터 제품 차량 전력 pmic 종류 요약 입찰 대응 전략 공급 단가 할인 기존 제안 치열하다 시장 경쟁 상황 컴퓨터 요구 반영 기본 공급 단가 조정 또한 초도 물량 확보 독점 공급 계약 체결 전제 특별 할인 적용 계획 최종 공급 협상 달라지다 이익 훼손 타결 입찰 전략 대응 방안 차량 전력 pmic 입찰 가장 중요하다 납기 안정 성과 품질 경쟁력 타다 대비 불량 dppm 현저 낮다 데이터 시트 전면 예정 컴퓨터 최근 시장 점유 확대 전략 포트 제조 라인 가동 최대로 끌다 올리다 적기 납품 just in time 보장 핵심 셀링 포인트 강조 바라다 계약 조건 리스크 검토 현재 협상 중인 계약 조건 납기 지연 지체상금 일일 방어 또한 원자재 가격 상승 환율 변동 리스크 헷지 특정 환율 구간 이탈 공급 단가 협상 조항 반드시 포함 계약 기간 기본 연장 옵션 두다 방향 최종 검토
sales_cyh_062.txt,1,영업 기밀 대외 번호 doc 파운드리 작성자 거래처 미래 모바일 제품 대역폭 메모리 hbm e 종류 계약 검토 메일 공급 단가 할인 기존 제안 치열하다 시장 경쟁 상황 미래 모바일 요구 반영 기본 공급 단가 조정 또한 초도 물량 확보 독점 공급 계약 체결 전제 특별 할인 적용 계획 최종 공급 협상 달라지다 이익 훼손 타결 입찰 전략 대응 방안 대역폭 메모리 hbm e 입찰 가장 중요하다 납기 안정 성과 품질 경쟁력 타다 대비 불량 dppm 현저 낮다 데이터 시트 전면 예정 미래 모바일 최근 시장 점유 확대 전략 포트 제조 라인 가동 최대로 끌다 올리다 적기 납품 just in time 보장 핵심 셀링 포인트 강조 바라다 계약 조건 리스크 검토 현재 협상 중인 계약 조건 납기 지연 지체상금 일일 방어 또한 원자재 가격 상승 환율 변동 리스크 헷지 특정 환율 구간 이탈 공급 단가 협상 조항 반드시 포함 계약 기간 기본 연장 옵션 두다 방향 최종 검토
sales_cyh_065.txt,1,영업 기밀 대외 번호 doc 모바일 ap 영업 작성자 매니저 거래처 넥스트 비다 제품 자율 주행 mcu 종류 매출 전망 내부 보고 공급 단가 할인 기존 제안 치열하다 시장 경쟁 상황 넥스트 비다 요구 반영 기본 공급 단가 조정 또한 초도 물량 확보 독점 공급 계약 체결 전제 특별 할인 적용 계획 최종 공급 협상 달라지다 이익 훼손 타결 입찰 전략 대응 방안 자율 주행 mcu 입찰 가장 중요하다 납기 안정 성과 품질 경쟁력 타다 대비 불량 dppm 현저 낮다 데이터 시트 전면 예정 넥스트 비다 최근 시장 점유 확대 전략 포트 제조 라인 가동 최대로 끌다 올리다 적기 납품 just in time 보장 핵심 셀링 포인트 강조 바라다 계약 조건 리스크 검토 현재 협상 중인 계약 조건 납기 지연 지체상금 일일 방어 또한 원자재 가격 상승 환율 변동 리스크 헷지 특정 환율 구간 이탈 공급 단가 협상 조항 반드시 포함 계약 기간 기본 연장 옵션 두다 방향 최종 검토
sales_cyh_042.txt,1,영업 기밀 대외 번호 doc 글로벌 b b 작성자 책임 거래처 넥스트 비다 제품 차세대 모바일 ap 종류 거래처 협상 기록 공급 단가 할인 기존 제안 치열하다 시장 경쟁 상황 넥스트 비다 요구 반영 기본 공급 단가 조정 또한 초도 물량 확보 독점 공급 계약 체결 전제 특별 할인 적용 계획 최종 공급 협상 달라지다 이익 훼손 타결 입찰 전략 대응 방안 차세대 모바일 ap 입찰 가장 중요하다 납기 안정 성과 품질 경쟁력 타다 대비 불량 dppm 현저 낮다 데이터 시트 전면 예정 넥스트 비다 최근 시장 점유 확대 전략 포트 제조 라인 가동 최대로 끌다 올리다 적기 납품 just in time 보장 핵심 셀링 포인트 강조 바라다 계약 조건 리스크 검토 현재 협상 중인 계약 조건 납기 지연 지체상금 일일 방어 또한 원자재 가격 상승 환율 변동 리스크 헷지 특정 환율 구간 이탈 공급 단가 협상 조항 반드시 포함 계약 기간 기본 연장 옵션 두다 방향 최종 검토
sales_cyh_067.txt,1,영업 기밀 대외 번호 doc 파운드리 작성자 프로 거래처 전자 제품 자율 주행 mcu 종류 요약 입찰 대응 전략 공급 단가 할인 기존 제안 치열하다 시장 경쟁 상황 전자 요구 반영 기본 공급 단가 조정 또한 초도 물량 확보 독점 공급 계약 체결 전제 특별 할인 적용 계획 최종 공급 협상 달라지다 이익 훼손 타결 입찰 전략 대응 방안 자율 주행 mcu 입찰 가장 중요하다 납기 안정 성과 품질 경쟁력 타다 대비 불량 dppm 현저 낮다 데이터 시트 전면 예정 전자 최근 시장 점유 확대 전략 포트 제조 라인 가동 최대로 끌다 올리다 적기 납품 just in time 보장 핵심 셀링 포인트 강조 바라다 계약 조건 리스크 검토 현재 협상 중인 계약 조건 납기 지연 지체상금 일일 방어 또한 원자재 가격 상승 환율 변동 리스크 헷지 특정 환율 구간 이탈 공급 단가 협상 조항 반드시 포함 계약 기간 기본 연장 옵션 두다 방향 최종 검토
sales_cyh_050.txt,1,영업 기밀 대외 번호 doc 글로벌 b b 작성자 거래처 넥스트 비다 제품 차세대 모바일 ap 종류 매출 전망 내부 보고 공급 단가 할인 기존 제안 치열하다 시장 경쟁 상황 넥스트 비다 요구 반영 기본 공급 단가 조정 또한 초도 물량 확보 독점 공급 계약 체결 전제 특별 할인 적용 계획 최종 공급 협상 달라지다 이익 훼손 타결 입찰 전략 대응 방안 차세대 모바일 ap 입찰 가장 중요하다 납기 안정 성과 품질 경쟁력 타다 대비 불량 dppm 현저 낮다 데이터 시트 전면 예정 넥스트 비다 최근 시장 점유 확대 전략 포트 제조 라인 가동 최대로 끌다 올리다 적기 납품 just in time 보장 핵심 셀링 포인트 강조 바라다 계약 조건 리스크 검토 현재 협상 중인 계약 조건 납기 지연 지체상금 일일 방어 또한 원자재 가격 상승 환율 변동 리스크 헷지 특정 환율 구간 이탈 공급 단가 협상 조항 반드시 포함 계약 기간 기본 연장 옵션 두다 방향 최종 검토
sales_cyh_033.txt,1,영업 기밀 대외 번호 doc 장용 작성자 매니저 거래처 오션 테크놀로지 제품 대역폭 메모리 hbm e 종류 거래처 협상 기록 공급 단가 할인 기존 제안 치열하다 시장 경쟁 상황 오션 테크놀로지 요구 반영 기본 공급 단가 조정 또한 초도 물량 확보 독점 공급 계약 체결 전제 특별 할인 적용 계획 최종 공급 협상 달라지다 이익 훼손 타결 입찰 전략 대응 방안 대역폭 메모리 hbm e 입찰 가장 중요하다 납기 안정 성과 품질 경쟁력 타다 대비 불량 dppm 현저 낮다 데이터 시트 전면 예정 오션 테크놀로지 최근 시장 점유 확대 전략 포트 제조 라인 가동 최대로 끌다 올리다 적기 납품 just in time 보장 핵심 셀링 포인트 강조 바라다 계약 조건 리스크 검토 현재 협상 중인 계약 조건 납기 지연 지체상금 일일 방어 또한 원자재 가격 상승 환율 변동 리스크 헷지 특정 환율 구간 이탈 공급 단가 협상 조항 반드시 포함 계약 기간 기본 연장 옵션 두다 방향 최종 검토
sales_cyh_034.txt,1,영업 기밀 대외 번호 doc 파운드리 작성자 선임 거래처 넥스트 비다 제품 자율 주행 mcu 종류 매출 전망 내부 보고 공급 단가 할인 기존 제안 치열하다 시장 경쟁 상황 넥스트 비다 요구 반영 기본 공급 단가 조정 또한 초도 물량 확보 독점 공급 계약 체결 전제 특별 할인 적용 계획 최종 공급 협상 달라지다 이익 훼손 타결 입찰 전략 대응 방안 자율 주행 mcu 입찰 가장 중요하다 납기 안정 성과 품질 경쟁력 타다 대비 불량 dppm 현저 낮다 데이터 시트 전면 예정 넥스트 비다 최근 시장 점유 확대 전략 포트 제조 라인 가동 최대로 끌다 올리다 적기 납품 just in time 보장 핵심 셀링 포인트 강조 바라다 계약 조건 리스크 검토 현재 협상 중인 계약 조건 납기 지연 지체상금 일일 방어 또한 원자재 가격 상승 환율 변동 리스크 헷지 특정 환율 구간 이탈 공급 단가 협상 조항 반드시 포함 계약 기간 기본 연장 옵션 두다 방향 최종 검토
sales_cyh_052.txt,1,영업 기밀 대외 번호 doc 파운드리 작성자 책임 거래처 글로벌 오토 모티브 제품 대역폭 메모리 hbm e 종류 요약 입찰 대응 전략 공급 단가 할인 기존 제안 치열하다 시장 경쟁 상황 글로벌 오토 모티브 요구 반영 기본 공급 단가 조정 또한 초도 물량 확보 독점 공급 계약 체결 전제 특별 할인 적용 계획 최종 공급 협상 달라지다 이익 훼손 타결 입찰 전략 대응 방안 대역폭 메모리 hbm e 입찰 가장 중요하다 납기 안정 성과 품질 경쟁력 타다 대비 불량 dppm 현저 낮다 데이터 시트 전면 예정 글로벌 오토 모티브 최근 시장 점유 확대 전략 포트 제조 라인 가동 최대로 끌다 올리다 적기 납품 just in time 보장 핵심 셀링 포인트 강조 바라다 계약 조건 리스크 검토 현재 협상 중인 계약 조건 납기 지연 지체상금 일일 방어 또한 원자재 가격 상승 환율 변동 리스크 헷지 특정 환율 구간 이탈 공급 단가 협상 조항 반드시 포함 계약 기간 기본 연장 옵션 두다 방향 최종 검토
sales_cyh_038.txt,1,영업 기밀 대외 번호 doc 파운드리 작성자 프로 거래처 전자 제품 서버 ddr 종류 매출 전망 내부 보고 공급 단가 할인 기존 제안 치열하다 시장 경쟁 상황 전자 요구 반영 기본 공급 단가 조정 또한 초도 물량 확보 독점 공급 계약 체결 전제 특별 할인 적용 계획 최종 공급 협상 달라지다 이익 훼손 타결 입찰 전략 대응 방안 서버 ddr 입찰 가장 중요하다 납기 안정 성과 품질 경쟁력 타다 대비 불량 dppm 현저 낮다 데이터 시트 전면 예정 전자 최근 시장 점유 확대 전략 포트 제조 라인 가동 최대로 끌다 올리다 적기 납품 just in time 보장 핵심 셀링 포인트 강조 바라다 계약 조건 리스크 검토 현재 협상 중인 계약 조건 납기 지연 지체상금 일일 방어 또한 원자재 가격 상승 환율 변동 리스크 헷지 특정 환율 구간 이탈 공급 단가 협상 조항 반드시 포함 계약 기간 기본 연장 옵션 두다 방향 최종 검토
sales_cyh_104.txt,1,영업 기밀 대외 번호 doc 메모리 솔루션 영업 작성자 매니저 거래처 스타 네트웍 제품 자율 주행 mcu 종류 매출 전망 내부 보고 공급 단가 할인 기존 제안 치열하다 시장 경쟁 상황 스타 네트웍 요구 반영 기본 공급 단가 조정 또한 초도 물량 확보 독점 공급 계약 체결 전제 특별 할인 적용 계획 최종 공급 협상 달라지다 이익 훼손 타결 입찰 전략 대응 방안 자율 주행 mcu 입찰 가장 중요하다 납기 안정 성과 품질 경쟁력 타다 대비 불량 dppm 현저 낮다 데이터 시트 전면 예정 스타 네트웍 최근 시장 점유 확대 전략 포트 제조 라인 가동 최대로 끌다 올리다 적기 납품 just in time 보장 핵심 셀링 포인트 강조 바라다 계약 조건 리스크 검토 현재 협상 중인 계약 조건 납기 지연 지체상금 일일 방어 또한 원자재 가격 상승 환율 변동 리스크 헷지 특정 환율 구간 이탈 공급 단가 협상 조항 반드시 포함 계약 기간 기본 연장 옵션 두다 방향 최종 검토
sales_cyh_070.txt,1,영업 기밀 대외 번호 doc 파운드리 작성자 선임 거래처 오션 테크놀로지 제품 차량 전력 pmic 종류 거래처 협상 기록 공급 단가 할인 기존 제안 치열하다 시장 경쟁 상황 오션 테크놀로지 요구 반영 기본 공급 단가 조정 또한 초도 물량 확보 독점 공급 계약 체결 전제 특별 할인 적용 계획 최종 공급 협상 달라지다 이익 훼손 타결 입찰 전략 대응 방안 차량 전력 pmic 입찰 가장 중요하다 납기 안정 성과 품질 경쟁력 타다 대비 불량 dppm 현저 낮다 데이터 시트 전면 예정 오션 테크놀로지 최근 시장 점유 확대 전략 포트 제조 라인 가동 최대로 끌다 올리다 적기 납품 just in time 보장 핵심 셀링 포인트 강조 바라다 계약 조건 리스크 검토 현재 협상 중인 계약 조건 납기 지연 지체상금 일일 방어 또한 원자재 가격 상승 환율 변동 리스크 헷지 특정 환율 구간 이탈 공급 단가 협상 조항 반드시 포함 계약 기간 기본 연장 옵션 두다 방향 최종 검토
sales_cyh_072.txt,1,영업 기밀 대외 번호 doc 장용 작성자 프로 거래처 미래 모바일 제품 차세대 모바일 ap 종류 계약 검토 메일 공급 단가 할인 기존 제안 치열하다 시장 경쟁 상황 미래 모바일 요구 반영 기본 공급 단가 조정 또한 초도 물량 확보 독점 공급 계약 체결 전제 특별 할인 적용 계획 최종 공급 협상 달라지다 이익 훼손 타결 입찰 전략 대응 방안 차세대 모바일 ap 입찰 가장 중요하다 납기 안정 성과 품질 경쟁력 타다 대비 불량 dppm 현저 낮다 데이터 시트 전면 예정 미래 모바일 최근 시장 점유 확대 전략 포트 제조 라인 가동 최대로 끌다 올리다 적기 납품 just in time 보장 핵심 셀링 포인트 강조 바라다 계약 조건 리스크 검토 현재 협상 중인 계약 조건 납기 지연 지체상금 일일 방어 또한 원자재 가격 상승 환율 변동 리스크 헷지 특정 환율 구간 이탈 공급 단가 협상 조항 반드시 포함 계약 기간 기본 연장 옵션 두다 방향 최종 검토
sales_cyh_089.txt,1,영업 기밀 대외 번호 doc 모바일 ap 영업 작성자 매니저 거래처 컴퓨터 제품 대역폭 메모리 hbm e 종류 거래처 협상 기록 공급 단가 할인 기존 제안 치열하다 시장 경쟁 상황 컴퓨터 요구 반영 기본 공급 단가 조정 또한 초도 물량 확보 독점 공급 계약 체결 전제 특별 할인 적용 계획 최종 공급 협상 달라지다 이익 훼손 타결 입찰 전략 대응 방안 대역폭 메모리 hbm e 입찰 가장 중요하다 납기 안정 성과 품질 경쟁력 타다 대비 불량 dppm 현저 낮다 데이터 시트 전면 예정 컴퓨터 최근 시장 점유 확대 전략 포트 제조 라인 가동 최대로 끌다 올리다 적기 납품 just in time 보장 핵심 셀링 포인트 강조 바라다 계약 조건 리스크 검토 현재 협상 중인 계약 조건 납기 지연 지체상금 일일 방어 또한 원자재 가격 상승 환율 변동 리스크 헷지 특정 환율 구간 이탈 공급 단가 협상 조항 반드시 포함 계약 기간 기본 연장 옵션 두다 방향 최종 검토
sales_cyh_088.txt,1,영업 기밀 대외 번호 doc 파운드리 작성자 프로 거래처 컴퓨터 제품 ai 가속 npu 종류 매출 전망 내부 보고 공급 단가 할인 기존 제안 치열하다 시장 경쟁 상황 컴퓨터 요구 반영 기본 공급 단가 조정 또한 초도 물량 확보 독점 공급 계약 체결 전제 특별 할인 적용 계획 최종 공급 협상 달라지다 이익 훼손 타결 입찰 전략 대응 방안 ai 가속 npu 입찰 가장 중요하다 납기 안정 성과 품질 경쟁력 타다 대비 불량 dppm 현저 낮다 데이터 시트 전면 예정 컴퓨터 최근 시장 점유 확대 전략 포트 제조 라인 가동 최대로 끌다 올리다 적기 납품 just in time 보장 핵심 셀링 포인트 강조 바라다 계약 조건 리스크 검토 현재 협상 중인 계약 조건 납기 지연 지체상금 일일 방어 또한 원자재 가격 상승 환율 변동 리스크 헷지 특정 환율 구간 이탈 공급 단가 협상 조항 반드시 포함 계약 기간 기본 연장 옵션 두다 방향 최종 검토
sales_cyh_074.txt,1,영업 기밀 대외 번호 doc 모바일 ap 영업 작성자 책임 거래처 미래 모바일 제품 서버 ddr 종류 거래처 협상 기록 공급 단가 할인 기존 제안 치열하다 시장 경쟁 상황 미래 모바일 요구 반영 기본 공급 단가 조정 또한 초도 물량 확보 독점 공급 계약 체결 전제 특별 할인 적용 계획 최종 공급 협상 달라지다 이익 훼손 타결 입찰 전략 대응 방안 서버 ddr 입찰 가장 중요하다 납기 안정 성과 품질 경쟁력 타다 대비 불량 dppm 현저 낮다 데이터 시트 전면 예정 미래 모바일 최근 시장 점유 확대 전략 포트 제조 라인 가동 최대로 끌다 올리다 적기 납품 just in time 보장 핵심 셀링 포인트 강조 바라다 계약 조건 리스크 검토 현재 협상 중인 계약 조건 납기 지연 지체상금 일일 방어 또한 원자재 가격 상승 환율 변동 리스크 헷지 특정 환율 구간 이탈 공급 단가 협상 조항 반드시 포함 계약 기간 기본 연장 옵션 두다 방향 최종 검토
sales_cyh_092.txt,1,영업 기밀 대외 번호 doc 메모리 솔루션 영업 작성자 프로 거래처 전자 제품 대역폭 메모리 hbm e 종류 매출 전망 내부 보고 공급 단가 할인 기존 제안 치열하다 시장 경쟁 상황 전자 요구 반영 기본 공급 단가 조정 또한 초도 물량 확보 독점 공급 계약 체결 전제 특별 할인 적용 계획 최종 공급 협상 달라지다 이익 훼손 타결 입찰 전략 대응 방안 대역폭 메모리 hbm e 입찰 가장 중요하다 납기 안정 성과 품질 경쟁력 타다 대비 불량 dppm 현저 낮다 데이터 시트 전면 예정 전자 최근 시장 점유 확대 전략 포트 제조 라인 가동 최대로 끌다 올리다 적기 납품 just in time 보장 핵심 셀링 포인트 강조 바라다 계약 조건 리스크 검토 현재 협상 중인 계약 조건 납기 지연 지체상금 일일 방어 또한 원자재 가격 상승 환율 변동 리스크 헷지 특정 환율 구간 이탈 공급 단가 협상 조항 반드시 포함 계약 기간 기본 연장 옵션 두다 방향 최종 검토
sales_cyh_080.txt,1,영업 기밀 대외 번호 doc 모바일 ap 영업 작성자 매니저 거래처 미래 모바일 제품 자율 주행 mcu 종류 매출 전망 내부 보고 공급 단가 할인 기존 제안 치열하다 시장 경쟁 상황 미래 모바일 요구 반영 기본 공급 단가 조정 또한 초도 물량 확보 독점 공급 계약 체결 전제 특별 할인 적용 계획 최종 공급 협상 달라지다 이익 훼손 타결 입찰 전략 대응 방안 자율 주행 mcu 입찰 가장 중요하다 납기 안정 성과 품질 경쟁력 타다 대비 불량 dppm 현저 낮다 데이터 시트 전면 예정 미래 모바일 최근 시장 점유 확대 전략 포트 제조 라인 가동 최대로 끌다 올리다 적기 납품 just in time 보장 핵심 셀링 포인트 강조 바라다 계약 조건 리스크 검토 현재 협상 중인 계약 조건 납기 지연 지체상금 일일 방어 또한 원자재 가격 상승 환율 변동 리스크 헷지 특정 환율 구간 이탈 공급 단가 협상 조항 반드시 포함 계약 기간 기본 연장 옵션 두다 방향 최종 검토
sales_cyh_102.txt,1,영업 기밀 대외 번호 doc 장용 작성자 선임 거래처 컴퓨터 제품 대역폭 메모리 hbm e 종류 계약 검토 메일 공급 단가 할인 기존 제안 치열하다 시장 경쟁 상황 컴퓨터 요구 반영 기본 공급 단가 조정 또한 초도 물량 확보 독점 공급 계약 체결 전제 특별 할인 적용 계획 최종 공급 협상 달라지다 이익 훼손 타결 입찰 전략 대응 방안 대역폭 메모리 hbm e 입찰 가장 중요하다 납기 안정 성과 품질 경쟁력 타다 대비 불량 dppm 현저 낮다 데이터 시트 전면 예정 컴퓨터 최근 시장 점유 확대 전략 포트 제조 라인 가동 최대로 끌다 올리다 적기 납품 just in time 보장 핵심 셀링 포인트 강조 바라다 계약 조건 리스크 검토 현재 협상 중인 계약 조건 납기 지연 지체상금 일일 방어 또한 원자재 가격 상승 환율 변동 리스크 헷지 특정 환율 구간 이탈 공급 단가 협상 조항 반드시 포함 계약 기간 기본 연장 옵션 두다 방향 최종 검토
sales_cyh_082.txt,1,영업 기밀 대외 번호 doc 글로벌 b b 작성자 수석 거래처 스타 네트웍 제품 대역폭 메모리 hbm e 종류 계약 검토 메일 공급 단가 할인 기존 제안 치열하다 시장 경쟁 상황 스타 네트웍 요구 반영 기본 공급 단가 조정 또한 초도 물량 확보 독점 공급 계약 체결 전제 특별 할인 적용 계획 최종 공급 협상 달라지다 이익 훼손 타결 입찰 전략 대응 방안 대역폭 메모리 hbm e 입찰 가장 중요하다 납기 안정 성과 품질 경쟁력 타다 대비 불량 dppm 현저 낮다 데이터 시트 전면 예정 스타 네트웍 최근 시장 점유 확대 전략 포트 제조 라인 가동 최대로 끌다 올리다 적기 납품 just in time 보장 핵심 셀링 포인트 강조 바라다 계약 조건 리스크 검토 현재 협상 중인 계약 조건 납기 지연 지체상금 일일 방어 또한 원자재 가격 상승 환율 변동 리스크 헷지 특정 환율 구간 이탈 공급 단가 협상 조항 반드시 포함 계약 기간 기본 연장 옵션 두다 방향 최종 검토
sales_cyh_103.txt,1,영업 기밀 대외 번호 doc 글로벌 b b 작성자 수석 거래처 컴퓨터 제품 대역폭 메모리 hbm e 종류 계약 검토 메일 공급 단가 할인 기존 제안 치열하다 시장 경쟁 상황 컴퓨터 요구 반영 기본 공급 단가 조정 또한 초도 물량 확보 독점 공급 계약 체결 전제 특별 할인 적용 계획 최종 공급 협상 달라지다 이익 훼손 타결 입찰 전략 대응 방안 대역폭 메모리 hbm e 입찰 가장 중요하다 납기 안정 성과 품질 경쟁력 타다 대비 불량 dppm 현저 낮다 데이터 시트 전면 예정 컴퓨터 최근 시장 점유 확대 전략 포트 제조 라인 가동 최대로 끌다 올리다 적기 납품 just in time 보장 핵심 셀링 포인트 강조 바라다 계약 조건 리스크 검토 현재 협상 중인 계약 조건 납기 지연 지체상금 일일 방어 또한 원자재 가격 상승 환율 변동 리스크 헷지 특정 환율 구간 이탈 공급 단가 협상 조항 반드시 포함 계약 기간 기본 연장 옵션 두다 방향 최종 검토
sales_cyh_090.txt,1,영업 기밀 대외 번호 doc 장용 작성자 책임 거래처 미래 모바일 제품 자율 주행 mcu 종류 계약 검토 메일 공급 단가 할인 기존 제안 치열하다 시장 경쟁 상황 미래 모바일 요구 반영 기본 공급 단가 조정 또한 초도 물량 확보 독점 공급 계약 체결 전제 특별 할인 적용 계획 최종 공급 협상 달라지다 이익 훼손 타결 입찰 전략 대응 방안 자율 주행 mcu 입찰 가장 중요하다 납기 안정 성과 품질 경쟁력 타다 대비 불량 dppm 현저 낮다 데이터 시트 전면 예정 미래 모바일 최근 시장 점유 확대 전략 포트 제조 라인 가동 최대로 끌다 올리다 적기 납품 just in time 보장 핵심 셀링 포인트 강조 바라다 계약 조건 리스크 검토 현재 협상 중인 계약 조건 납기 지연 지체상금 일일 방어 또한 원자재 가격 상승 환율 변동 리스크 헷지 특정 환율 구간 이탈 공급 단가 협상 조항 반드시 포함 계약 기간 기본 연장 옵션 두다 방향 최종 검토
sales_cyh_096.txt,1,영업 기밀 대외 번호 doc 장용 작성자 선임 거래처 미래 모바일 제품 대역폭 메모리 hbm e 종류 요약 입찰 대응 전략 공급 단가 할인 기존 제안 치열하다 시장 경쟁 상황 미래 모바일 요구 반영 기본 공급 단가 조정 또한 초도 물량 확보 독점 공급 계약 체결 전제 특별 할인 적용 계획 최종 공급 협상 달라지다 이익 훼손 타결 입찰 전략 대응 방안 대역폭 메모리 hbm e 입찰 가장 중요하다 납기 안정 성과 품질 경쟁력 타다 대비 불량 dppm 현저 낮다 데이터 시트 전면 예정 미래 모바일 최근 시장 점유 확대 전략 포트 제조 라인 가동 최대로 끌다 올리다 적기 납품 just in time 보장 핵심 셀링 포인트 강조 바라다 계약 조건 리스크 검토 현재 협상 중인 계약 조건 납기 지연 지체상금 일일 방어 또한 원자재 가격 상승 환율 변동 리스크 헷지 특정 환율 구간 이탈 공급 단가 협상 조항 반드시 포함 계약 기간 기본 연장 옵션 두다 방향 최종 검토
sales_cyh_081.txt,1,영업 기밀 대외 번호 doc 글로벌 b b 작성자 수석 거래처 스타 네트웍 제품 차량 전력 pmic 종류 요약 입찰 대응 전략 공급 단가 할인 기존 제안 치열하다 시장 경쟁 상황 스타 네트웍 요구 반영 기본 공급 단가 조정 또한 초도 물량 확보 독점 공급 계약 체결 전제 특별 할인 적용 계획 최종 공급 협상 달라지다 이익 훼손 타결 입찰 전략 대응 방안 차량 전력 pmic 입찰 가장 중요하다 납기 안정 성과 품질 경쟁력 타다 대비 불량 dppm 현저 낮다 데이터 시트 전면 예정 스타 네트웍 최근 시장 점유 확대 전략 포트 제조 라인 가동 최대로 끌다 올리다 적기 납품 just in time 보장 핵심 셀링 포인트 강조 바라다 계약 조건 리스크 검토 현재 협상 중인 계약 조건 납기 지연 지체상금 일일 방어 또한 원자재 가격 상승 환율 변동 리스크 헷지 특정 환율 구간 이탈 공급 단가 협상 조항 반드시 포함 계약 기간 기본 연장 옵션 두다 방향 최종 검토
sales_cyh_093.txt,1,영업 기밀 대외 번호 doc 파운드리 작성자 매니저 거래처 넥스트 비다 제품 차세대 모바일 ap 종류 매출 전망 내부 보고 공급 단가 할인 기존 제안 치열하다 시장 경쟁 상황 넥스트 비다 요구 반영 기본 공급 단가 조정 또한 초도 물량 확보 독점 공급 계약 체결 전제 특별 할인 적용 계획 최종 공급 협상 달라지다 이익 훼손 타결 입찰 전략 대응 방안 차세대 모바일 ap 입찰 가장 중요하다 납기 안정 성과 품질 경쟁력 타다 대비 불량 dppm 현저 낮다 데이터 시트 전면 예정 넥스트 비다 최근 시장 점유 확대 전략 포트 제조 라인 가동 최대로 끌다 올리다 적기 납품 just in time 보장 핵심 셀링 포인트 강조 바라다 계약 조건 리스크 검토 현재 협상 중인 계약 조건 납기 지연 지체상금 일일 방어 또한 원자재 가격 상승 환율 변동 리스크 헷지 특정 환율 구간 이탈 공급 단가 협상 조항 반드시 포함 계약 기간 기본 연장 옵션 두다 방향 최종 검토
sales_cyh_091.txt,1,영업 기밀 대외 번호 doc 글로벌 b b 작성자 거래처 글로벌 오토 모티브 제품 ai 가속 npu 종류 거래처 협상 기록 공급 단가 할인 기존 제안 치열하다 시장 경쟁 상황 글로벌 오토 모티브 요구 반영 기본 공급 단가 조정 또한 초도 물량 확보 독점 공급 계약 체결 전제 특별 할인 적용 계획 최종 공급 협상 달라지다 이익 훼손 타결 입찰 전략 대응 방안 ai 가속 npu 입찰 가장 중요하다 납기 안정 성과 품질 경쟁력 타다 대비 불량 dppm 현저 낮다 데이터 시트 전면 예정 글로벌 오토 모티브 최근 시장 점유 확대 전략 포트 제조 라인 가동 최대로 끌다 올리다 적기 납품 just in time 보장 핵심 셀링 포인트 강조 바라다 계약 조건 리스크 검토 현재 협상 중인 계약 조건 납기 지연 지체상금 일일 방어 또한 원자재 가격 상승 환율 변동 리스크 헷지 특정 환율 구간 이탈 공급 단가 협상 조항 반드시 포함 계약 기간 기본 연장 옵션 두다 방향 최종 검토
sales_cyh_086.txt,1,영업 기밀 대외 번호 doc 글로벌 b b 작성자 프로 거래처 미래 모바일 제품 차세대 모바일 ap 종류 요약 입찰 대응 전략 공급 단가 할인 기존 제안 치열하다 시장 경쟁 상황 미래 모바일 요구 반영 기본 공급 단가 조정 또한 초도 물량 확보 독점 공급 계약 체결 전제 특별 할인 적용 계획 최종 공급 협상 달라지다 이익 훼손 타결 입찰 전략 대응 방안 차세대 모바일 ap 입찰 가장 중요하다 납기 안정 성과 품질 경쟁력 타다 대비 불량 dppm 현저 낮다 데이터 시트 전면 예정 미래 모바일 최근 시장 점유 확대 전략 포트 제조 라인 가동 최대로 끌다 올리다 적기 납품 just in time 보장 핵심 셀링 포인트 강조 바라다 계약 조건 리스크 검토 현재 협상 중인 계약 조건 납기 지연 지체상금 일일 방어 또한 원자재 가격 상승 환율 변동 리스크 헷지 특정 환율 구간 이탈 공급 단가 협상 조항 반드시 포함 계약 기간 기본 연장 옵션 두다 방향 최종 검토
sales_cyh_098.txt,1,영업 기밀 대외 번호 doc 모바일 ap 영업 작성자 책임 거래처 넥스트 비다 제품 자율 주행 mcu 종류 계약 검토 메일 공급 단가 할인 기존 제안 치열하다 시장 경쟁 상황 넥스트 비다 요구 반영 기본 공급 단가 조정 또한 초도 물량 확보 독점 공급 계약 체결 전제 특별 할인 적용 계획 최종 공급 협상 달라지다 이익 훼손 타결 입찰 전략 대응 방안 자율 주행 mcu 입찰 가장 중요하다 납기 안정 성과 품질 경쟁력 타다 대비 불량 dppm 현저 낮다 데이터 시트 전면 예정 넥스트 비다 최근 시장 점유 확대 전략 포트 제조 라인 가동 최대로 끌다 올리다 적기 납품 just in time 보장 핵심 셀링 포인트 강조 바라다 계약 조건 리스크 검토 현재 협상 중인 계약 조건 납기 지연 지체상금 일일 방어 또한 원자재 가격 상승 환율 변동 리스크 헷지 특정 환율 구간 이탈 공급 단가 협상 조항 반드시 포함 계약 기간 기본 연장 옵션 두다 방향 최종 검토
sales_cyh_079.txt,1,영업 기밀 대외 번호 doc 글로벌 b b 작성자 거래처 넥스트 비다 제품 서버 ddr 종류 매출 전망 내부 보고 공급 단가 할인 기존 제안 치열하다 시장 경쟁 상황 넥스트 비다 요구 반영 기본 공급 단가 조정 또한 초도 물량 확보 독점 공급 계약 체결 전제 특별 할인 적용 계획 최종 공급 협상 달라지다 이익 훼손 타결 입찰 전략 대응 방안 서버 ddr 입찰 가장 중요하다 납기 안정 성과 품질 경쟁력 타다 대비 불량 dppm 현저 낮다 데이터 시트 전면 예정 넥스트 비다 최근 시장 점유 확대 전략 포트 제조 라인 가동 최대로 끌다 올리다 적기 납품 just in time 보장 핵심 셀링 포인트 강조 바라다 계약 조건 리스크 검토 현재 협상 중인 계약 조건 납기 지연 지체상금 일일 방어 또한 원자재 가격 상승 환율 변동 리스크 헷지 특정 환율 구간 이탈 공급 단가 협상 조항 반드시 포함 계약 기간 기본 연장 옵션 두다 방향 최종 검토
sales_cyh_095.txt,1,영업 기밀 대외 번호 doc 파운드리 작성자 선임 거래처 컴퓨터 제품 차세대 모바일 ap 종류 계약 검토 메일 공급 단가 할인 기존 제안 치열하다 시장 경쟁 상황 컴퓨터 요구 반영 기본 공급 단가 조정 또한 초도 물량 확보 독점 공급 계약 체결 전제 특별 할인 적용 계획 최종 공급 협상 달라지다 이익 훼손 타결 입찰 전략 대응 방안 차세대 모바일 ap 입찰 가장 중요하다 납기 안정 성과 품질 경쟁력 타다 대비 불량 dppm 현저 낮다 데이터 시트 전면 예정 컴퓨터 최근 시장 점유 확대 전략 포트 제조 라인 가동 최대로 끌다 올리다 적기 납품 just in time 보장 핵심 셀링 포인트 강조 바라다 계약 조건 리스크 검토 현재 협상 중인 계약 조건 납기 지연 지체상금 일일 방어 또한 원자재 가격 상승 환율 변동 리스크 헷지 특정 환율 구간 이탈 공급 단가 협상 조항 반드시 포함 계약 기간 기본 연장 옵션 두다 방향 최종 검토
sales_cyh_099.txt,1,영업 기밀 대외 번호 doc 메모리 솔루션 영업 작성자 프로 거래처 넥스트 비다 제품 대역폭 메모리 hbm e 종류 매출 전망 내부 보고 공급 단가 할인 기존 제안 치열하다 시장 경쟁 상황 넥스트 비다 요구 반영 기본 공급 단가 조정 또한 초도 물량 확보 독점 공급 계약 체결 전제 특별 할인 적용 계획 최종 공급 협상 달라지다 이익 훼손 타결 입찰 전략 대응 방안 대역폭 메모리 hbm e 입찰 가장 중요하다 납기 안정 성과 품질 경쟁력 타다 대비 불량 dppm 현저 낮다 데이터 시트 전면 예정 넥스트 비다 최근 시장 점유 확대 전략 포트 제조 라인 가동 최대로 끌다 올리다 적기 납품 just in time 보장 핵심 셀링 포인트 강조 바라다 계약 조건 리스크 검토 현재 협상 중인 계약 조건 납기 지연 지체상금 일일 방어 또한 원자재 가격 상승 환율 변동 리스크 헷지 특정 환율 구간 이탈 공급 단가 협상 조항 반드시 포함 계약 기간 기본 연장 옵션 두다 방향 최종 검토
sales_cyh_075.txt,1,영업 기밀 대외 번호 doc 글로벌 b b 작성자 거래처 오션 테크놀로지 제품 자율 주행 mcu 종류 매출 전망 내부 보고 공급 단가 할인 기존 제안 치열하다 시장 경쟁 상황 오션 테크놀로지 요구 반영 기본 공급 단가 조정 또한 초도 물량 확보 독점 공급 계약 체결 전제 특별 할인 적용 계획 최종 공급 협상 달라지다 이익 훼손 타결 입찰 전략 대응 방안 자율 주행 mcu 입찰 가장 중요하다 납기 안정 성과 품질 경쟁력 타다 대비 불량 dppm 현저 낮다 데이터 시트 전면 예정 오션 테크놀로지 최근 시장 점유 확대 전략 포트 제조 라인 가동 최대로 끌다 올리다 적기 납품 just in time 보장 핵심 셀링 포인트 강조 바라다 계약 조건 리스크 검토 현재 협상 중인 계약 조건 납기 지연 지체상금 일일 방어 또한 원자재 가격 상승 환율 변동 리스크 헷지 특정 환율 구간 이탈 공급 단가 협상 조항 반드시 포함 계약 기간 기본 연장 옵션 두다 방향 최종 검토
sales_cyh_101.txt,1,영업 기밀 대외 번호 doc 모바일 ap 영업 작성자 선임 거래처 글로벌 오토 모티브 제품 서버 ddr 종류 매출 전망 내부 보고 공급 단가 할인 기존 제안 치열하다 시장 경쟁 상황 글로벌 오토 모티브 요구 반영 기본 공급 단가 조정 또한 초도 물량 확보 독점 공급 계약 체결 전제 특별 할인 적용 계획 최종 공급 협상 달라지다 이익 훼손 타결 입찰 전략 대응 방안 서버 ddr 입찰 가장 중요하다 납기 안정 성과 품질 경쟁력 타다 대비 불량 dppm 현저 낮다 데이터 시트 전면 예정 글로벌 오토 모티브 최근 시장 점유 확대 전략 포트 제조 라인 가동 최대로 끌다 올리다 적기 납품 just in time 보장 핵심 셀링 포인트 강조 바라다 계약 조건 리스크 검토 현재 협상 중인 계약 조건 납기 지연 지체상금 일일 방어 또한 원자재 가격 상승 환율 변동 리스크 헷지 특정 환율 구간 이탈 공급 단가 협상 조항 반드시 포함 계약 기간 기본 연장 옵션 두다 방향 최종 검토
sales_cyh_097.txt,1,영업 기밀 대외 번호 doc 모바일 ap 영업 작성자 선임 거래처 오션 테크놀로지 제품 대역폭 메모리 hbm e 종류 거래처 협상 기록 공급 단가 할인 기존 제안 치열하다 시장 경쟁 상황 오션 테크놀로지 요구 반영 기본 공급 단가 조정 또한 초도 물량 확보 독점 공급 계약 체결 전제 특별 할인 적용 계획 최종 공급 협상 달라지다 이익 훼손 타결 입찰 전략 대응 방안 대역폭 메모리 hbm e 입찰 가장 중요하다 납기 안정 성과 품질 경쟁력 타다 대비 불량 dppm 현저 낮다 데이터 시트 전면 예정 오션 테크놀로지 최근 시장 점유 확대 전략 포트 제조 라인 가동 최대로 끌다 올리다 적기 납품 just in time 보장 핵심 셀링 포인트 강조 바라다 계약 조건 리스크 검토 현재 협상 중인 계약 조건 납기 지연 지체상금 일일 방어 또한 원자재 가격 상승 환율 변동 리스크 헷지 특정 환율 구간 이탈 공급 단가 협상 조항 반드시 포함 계약 기간 기본 연장 옵션 두다 방향 최종 검토
sales_cyh_078.txt,1,영업 기밀 대외 번호 doc 장용 작성자 선임 거래처 미래 모바일 제품 자율 주행 mcu 종류 요약 입찰 대응 전략 공급 단가 할인 기존 제안 치열하다 시장 경쟁 상황 미래 모바일 요구 반영 기본 공급 단가 조정 또한 초도 물량 확보 독점 공급 계약 체결 전제 특별 할인 적용 계획 최종 공급 협상 달라지다 이익 훼손 타결 입찰 전략 대응 방안 자율 주행 mcu 입찰 가장 중요하다 납기 안정 성과 품질 경쟁력 타다 대비 불량 dppm 현저 낮다 데이터 시트 전면 예정 미래 모바일 최근 시장 점유 확대 전략 포트 제조 라인 가동 최대로 끌다 올리다 적기 납품 just in time 보장 핵심 셀링 포인트 강조 바라다 계약 조건 리스크 검토 현재 협상 중인 계약 조건 납기 지연 지체상금 일일 방어 또한 원자재 가격 상승 환율 변동 리스크 헷지 특정 환율 구간 이탈 공급 단가 협상 조항 반드시 포함 계약 기간 기본 연장 옵션 두다 방향 최종 검토
sales_cyh_100.txt,1,영업 기밀 대외 번호 doc 메모리 솔루션 영업 작성자 선임 거래처 넥스트 비다 제품 대역폭 메모리 hbm e 종류 거래처 협상 기록 공급 단가 할인 기존 제안 치열하다 시장 경쟁 상황 넥스트 비다 요구 반영 기본 공급 단가 조정 또한 초도 물량 확보 독점 공급 계약 체결 전제 특별 할인 적용 계획 최종 공급 협상 달라지다 이익 훼손 타결 입찰 전략 대응 방안 대역폭 메모리 hbm e 입찰 가장 중요하다 납기 안정 성과 품질 경쟁력 타다 대비 불량 dppm 현저 낮다 데이터 시트 전면 예정 넥스트 비다 최근 시장 점유 확대 전략 포트 제조 라인 가동 최대로 끌다 올리다 적기 납품 just in time 보장 핵심 셀링 포인트 강조 바라다 계약 조건 리스크 검토 현재 협상 중인 계약 조건 납기 지연 지체상금 일일 방어 또한 원자재 가격 상승 환율 변동 리스크 헷지 특정 환율 구간 이탈 공급 단가 협상 조항 반드시 포함 계약 기간 기본 연장 옵션 두다 방향 최종 검토
sales_cyh_071.txt,1,영업 기밀 대외 번호 doc 장용 작성자 수석 거래처 전자 제품 대역폭 메모리 hbm e 종류 요약 입찰 대응 전략 공급 단가 할인 기존 제안 치열하다 시장 경쟁 상황 전자 요구 반영 기본 공급 단가 조정 또한 초도 물량 확보 독점 공급 계약 체결 전제 특별 할인 적용 계획 최종 공급 협상 달라지다 이익 훼손 타결 입찰 전략 대응 방안 대역폭 메모리 hbm e 입찰 가장 중요하다 납기 안정 성과 품질 경쟁력 타다 대비 불량 dppm 현저 낮다 데이터 시트 전면 예정 전자 최근 시장 점유 확대 전략 포트 제조 라인 가동 최대로 끌다 올리다 적기 납품 just in time 보장 핵심 셀링 포인트 강조 바라다 계약 조건 리스크 검토 현재 협상 중인 계약 조건 납기 지연 지체상금 일일 방어 또한 원자재 가격 상승 환율 변동 리스크 헷지 특정 환율 구간 이탈 공급 단가 협상 조항 반드시 포함 계약 기간 기본 연장 옵션 두다 방향 최종 검토
sales_cyh_084.txt,1,영업 기밀 대외 번호 doc 글로벌 b b 작성자 거래처 글로벌 오토 모티브 제품 자율 주행 mcu 종류 거래처 협상 기록 공급 단가 할인 기존 제안 치열하다 시장 경쟁 상황 글로벌 오토 모티브 요구 반영 기본 공급 단가 조정 또한 초도 물량 확보 독점 공급 계약 체결 전제 특별 할인 적용 계획 최종 공급 협상 달라지다 이익 훼손 타결 입찰 전략 대응 방안 자율 주행 mcu 입찰 가장 중요하다 납기 안정 성과 품질 경쟁력 타다 대비 불량 dppm 현저 낮다 데이터 시트 전면 예정 글로벌 오토 모티브 최근 시장 점유 확대 전략 포트 제조 라인 가동 최대로 끌다 올리다 적기 납품 just in time 보장 핵심 셀링 포인트 강조 바라다 계약 조건 리스크 검토 현재 협상 중인 계약 조건 납기 지연 지체상금 일일 방어 또한 원자재 가격 상승 환율 변동 리스크 헷지 특정 환율 구간 이탈 공급 단가 협상 조항 반드시 포함 계약 기간 기본 연장 옵션 두다 방향 최종 검토
sales_cyh_069.txt,1,영업 기밀 대외 번호 doc 장용 작성자 선임 거래처 미래 모바일 제품 차량 전력 pmic 종류 거래처 협상 기록 공급 단가 할인 기존 제안 치열하다 시장 경쟁 상황 미래 모바일 요구 반영 기본 공급 단가 조정 또한 초도 물량 확보 독점 공급 계약 체결 전제 특별 할인 적용 계획 최종 공급 협상 달라지다 이익 훼손 타결 입찰 전략 대응 방안 차량 전력 pmic 입찰 가장 중요하다 납기 안정 성과 품질 경쟁력 타다 대비 불량 dppm 현저 낮다 데이터 시트 전면 예정 미래 모바일 최근 시장 점유 확대 전략 포트 제조 라인 가동 최대로 끌다 올리다 적기 납품 just in time 보장 핵심 셀링 포인트 강조 바라다 계약 조건 리스크 검토 현재 협상 중인 계약 조건 납기 지연 지체상금 일일 방어 또한 원자재 가격 상승 환율 변동 리스크 헷지 특정 환율 구간 이탈 공급 단가 협상 조항 반드시 포함 계약 기간 기본 연장 옵션 두다 방향 최종 검토
sales_cyh_083.txt,1,영업 기밀 대외 번호 doc 메모리 솔루션 영업 작성자 매니저 거래처 미래 모바일 제품 대역폭 메모리 hbm e 종류 계약 검토 메일 공급 단가 할인 기존 제안 치열하다 시장 경쟁 상황 미래 모바일 요구 반영 기본 공급 단가 조정 또한 초도 물량 확보 독점 공급 계약 체결 전제 특별 할인 적용 계획 최종 공급 협상 달라지다 이익 훼손 타결 입찰 전략 대응 방안 대역폭 메모리 hbm e 입찰 가장 중요하다 납기 안정 성과 품질 경쟁력 타다 대비 불량 dppm 현저 낮다 데이터 시트 전면 예정 미래 모바일 최근 시장 점유 확대 전략 포트 제조 라인 가동 최대로 끌다 올리다 적기 납품 just in time 보장 핵심 셀링 포인트 강조 바라다 계약 조건 리스크 검토 현재 협상 중인 계약 조건 납기 지연 지체상금 일일 방어 또한 원자재 가격 상승 환율 변동 리스크 헷지 특정 환율 구간 이탈 공급 단가 협상 조항 반드시 포함 계약 기간 기본 연장 옵션 두다 방향 최종 검토
sales_cyh_076.txt,1,영업 기밀 대외 번호 doc 장용 작성자 선임 거래처 스타 네트웍 제품 대역폭 메모리 hbm e 종류 거래처 협상 기록 공급 단가 할인 기존 제안 치열하다 시장 경쟁 상황 스타 네트웍 요구 반영 기본 공급 단가 조정 또한 초도 물량 확보 독점 공급 계약 체결 전제 특별 할인 적용 계획 최종 공급 협상 달라지다 이익 훼손 타결 입찰 전략 대응 방안 대역폭 메모리 hbm e 입찰 가장 중요하다 납기 안정 성과 품질 경쟁력 타다 대비 불량 dppm 현저 낮다 데이터 시트 전면 예정 스타 네트웍 최근 시장 점유 확대 전략 포트 제조 라인 가동 최대로 끌다 올리다 적기 납품 just in time 보장 핵심 셀링 포인트 강조 바라다 계약 조건 리스크 검토 현재 협상 중인 계약 조건 납기 지연 지체상금 일일 방어 또한 원자재 가격 상승 환율 변동 리스크 헷지 특정 환율 구간 이탈 공급 단가 협상 조항 반드시 포함 계약 기간 기본 연장 옵션 두다 방향 최종 검토
sales_cyh_073.txt,1,영업 기밀 대외 번호 doc 장용 작성자 프로 거래처 넥스트 비다 제품 ai 가속 npu 종류 요약 입찰 대응 전략 공급 단가 할인 기존 제안 치열하다 시장 경쟁 상황 넥스트 비다 요구 반영 기본 공급 단가 조정 또한 초도 물량 확보 독점 공급 계약 체결 전제 특별 할인 적용 계획 최종 공급 협상 달라지다 이익 훼손 타결 입찰 전략 대응 방안 ai 가속 npu 입찰 가장 중요하다 납기 안정 성과 품질 경쟁력 타다 대비 불량 dppm 현저 낮다 데이터 시트 전면 예정 넥스트 비다 최근 시장 점유 확대 전략 포트 제조 라인 가동 최대로 끌다 올리다 적기 납품 just in time 보장 핵심 셀링 포인트 강조 바라다 계약 조건 리스크 검토 현재 협상 중인 계약 조건 납기 지연 지체상금 일일 방어 또한 원자재 가격 상승 환율 변동 리스크 헷지 특정 환율 구간 이탈 공급 단가 협상 조항 반드시 포함 계약 기간 기본 연장 옵션 두다 방향 최종 검토
sales_cyh_094.txt,1,영업 기밀 대외 번호 doc 파운드리 작성자 매니저 거래처 미래 모바일 제품 자율 주행 mcu 종류 요약 입찰 대응 전략 공급 단가 할인 기존 제안 치열하다 시장 경쟁 상황 미래 모바일 요구 반영 기본 공급 단가 조정 또한 초도 물량 확보 독점 공급 계약 체결 전제 특별 할인 적용 계획 최종 공급 협상 달라지다 이익 훼손 타결 입찰 전략 대응 방안 자율 주행 mcu 입찰 가장 중요하다 납기 안정 성과 품질 경쟁력 타다 대비 불량 dppm 현저 낮다 데이터 시트 전면 예정 미래 모바일 최근 시장 점유 확대 전략 포트 제조 라인 가동 최대로 끌다 올리다 적기 납품 just in time 보장 핵심 셀링 포인트 강조 바라다 계약 조건 리스크 검토 현재 협상 중인 계약 조건 납기 지연 지체상금 일일 방어 또한 원자재 가격 상승 환율 변동 리스크 헷지 특정 환율 구간 이탈 공급 단가 협상 조항 반드시 포함 계약 기간 기본 연장 옵션 두다 방향 최종 검토
sales_cyh_085.txt,1,영업 기밀 대외 번호 doc 모바일 ap 영업 작성자 프로 거래처 넥스트 비다 제품 차량 전력 pmic 종류 매출 전망 내부 보고 공급 단가 할인 기존 제안 치열하다 시장 경쟁 상황 넥스트 비다 요구 반영 기본 공급 단가 조정 또한 초도 물량 확보 독점 공급 계약 체결 전제 특별 할인 적용 계획 최종 공급 협상 달라지다 이익 훼손 타결 입찰 전략 대응 방안 차량 전력 pmic 입찰 가장 중요하다 납기 안정 성과 품질 경쟁력 타다 대비 불량 dppm 현저 낮다 데이터 시트 전면 예정 넥스트 비다 최근 시장 점유 확대 전략 포트 제조 라인 가동 최대로 끌다 올리다 적기 납품 just in time 보장 핵심 셀링 포인트 강조 바라다 계약 조건 리스크 검토 현재 협상 중인 계약 조건 납기 지연 지체상금 일일 방어 또한 원자재 가격 상승 환율 변동 리스크 헷지 특정 환율 구간 이탈 공급 단가 협상 조항 반드시 포함 계약 기간 기본 연장 옵션 두다 방향 최종 검토
sales_cyh_077.txt,1,영업 기밀 대외 번호 doc 파운드리 작성자 프로 거래처 스타 네트웍 제품 서버 ddr 종류 거래처 협상 기록 공급 단가 할인 기존 제안 치열하다 시장 경쟁 상황 스타 네트웍 요구 반영 기본 공급 단가 조정 또한 초도 물량 확보 독점 공급 계약 체결 전제 특별 할인 적용 계획 최종 공급 협상 달라지다 이익 훼손 타결 입찰 전략 대응 방안 서버 ddr 입찰 가장 중요하다 납기 안정 성과 품질 경쟁력 타다 대비 불량 dppm 현저 낮다 데이터 시트 전면 예정 스타 네트웍 최근 시장 점유 확대 전략 포트 제조 라인 가동 최대로 끌다 올리다 적기 납품 just in time 보장 핵심 셀링 포인트 강조 바라다 계약 조건 리스크 검토 현재 협상 중인 계약 조건 납기 지연 지체상금 일일 방어 또한 원자재 가격 상승 환율 변동 리스크 헷지 특정 환율 구간 이탈 공급 단가 협상 조항 반드시 포함 계약 기간 기본 연장 옵션 두다 방향 최종 검토
sales_cyh_087.txt,1,영업 기밀 대외 번호 doc 장용 작성자 매니저 거래처 컴퓨터 제품 차세대 모바일 ap 종류 요약 입찰 대응 전략 공급 단가 할인 기존 제안 치열하다 시장 경쟁 상황 컴퓨터 요구 반영 기본 공급 단가 조정 또한 초도 물량 확보 독점 공급 계약 체결 전제 특별 할인 적용 계획 최종 공급 협상 달라지다 이익 훼손 타결 입찰 전략 대응 방안 차세대 모바일 ap 입찰 가장 중요하다 납기 안정 성과 품질 경쟁력 타다 대비 불량 dppm 현저 낮다 데이터 시트 전면 예정 컴퓨터 최근 시장 점유 확대 전략 포트 제조 라인 가동 최대로 끌다 올리다 적기 납품 just in time 보장 핵심 셀링 포인트 강조 바라다 계약 조건 리스크 검토 현재 협상 중인 계약 조건 납기 지연 지체상금 일일 방어 또한 원자재 가격 상승 환율 변동 리스크 헷지 특정 환율 구간 이탈 공급 단가 협상 조항 반드시 포함 계약 기간 기본 연장 옵션 두다 방향 최종 검토
sales_cyh_122.docx,1,영업 기밀 대외 번호 doc 장용 전략기획 작성자 수석 거래처 오션 테크놀로지 제품 차세대 모바일 ap 종류 계약 검토 메일 공급 단가 할인 사의 기존 제안 치열하다 시장 경쟁 상황 오션 테크놀로지 요구 반영 기본 공급 단가 조정 또한 초도 물량 확보 독점 공급 계약 체결 전제 특별 할인 적용 계획 최종 공급 협상 달라지다 이익 훼손 타결 입찰 전략 대응 방안 차세대 모바일 ap 입찰 가장 중요하다 납기 안정 성과 품질 경쟁력 타다 대비 불량 dppm 현저 낮다 데이터 시트 전면 예정 오션 테크놀로지 최근 시장 점유 확대 전략 포트 제조 라인 가동 최대로 끌다 올리다 적기 납품 just in time 보장 핵심 셀링 포인트 강조 바라다 계약 조건 리스크 검토 현재 협상 중인 계약 조건 납기 지연 지체상금 일일 방어 또한 원자재 가격 상승 환율 변동 리스크 헷지 특정 환율 구간 이탈 공급 단가 협상 조항 반드시 포함 계약 기간 기본 연장 옵션 두다 방향 최종 검토
sales_cyh_116.txt,1,영업 기밀 대외 번호 doc 파운드리 작성자 책임 거래처 글로벌 오토 모티브 제품 차세대 모바일 ap 종류 계약 검토 메일 공급 단가 할인 기존 제안 치열하다 시장 경쟁 상황 글로벌 오토 모티브 요구 반영 기본 공급 단가 조정 또한 초도 물량 확보 독점 공급 계약 체결 전제 특별 할인 적용 계획 최종 공급 협상 달라지다 이익 훼손 타결 입찰 전략 대응 방안 차세대 모바일 ap 입찰 가장 중요하다 납기 안정 성과 품질 경쟁력 타다 대비 불량 dppm 현저 낮다 데이터 시트 전면 예정 글로벌 오토 모티브 최근 시장 점유 확대 전략 포트 제조 라인 가동 최대로 끌다 올리다 적기 납품 just in time 보장 핵심 셀링 포인트 강조 바라다 계약 조건 리스크 검토 현재 협상 중인 계약 조건 납기 지연 지체상금 일일 방어 또한 원자재 가격 상승 환율 변동 리스크 헷지 특정 환율 구간 이탈 공급 단가 협상 조항 반드시 포함 계약 기간 기본 연장 옵션 두다 방향 최종 검토
sales_cyh_118.txt,1,영업 기밀 대외 번호 doc 파운드리 작성자 수석 거래처 전자 제품 차세대 모바일 ap 종류 매출 전망 내부 보고 공급 단가 할인 기존 제안 치열하다 시장 경쟁 상황 전자 요구 반영 기본 공급 단가 조정 또한 초도 물량 확보 독점 공급 계약 체결 전제 특별 할인 적용 계획 최종 공급 협상 달라지다 이익 훼손 타결 입찰 전략 대응 방안 차세대 모바일 ap 입찰 가장 중요하다 납기 안정 성과 품질 경쟁력 타다 대비 불량 dppm 현저 낮다 데이터 시트 전면 예정 전자 최근 시장 점유 확대 전략 포트 제조 라인 가동 최대로 끌다 올리다 적기 납품 just in time 보장 핵심 셀링 포인트 강조 바라다 계약 조건 리스크 검토 현재 협상 중인 계약 조건 납기 지연 지체상금 일일 방어 또한 원자재 가격 상승 환율 변동 리스크 헷지 특정 환율 구간 이탈 공급 단가 협상 조항 반드시 포함 계약 기간 기본 연장 옵션 두다 방향 최종 검토
sales_cyh_115.txt,1,영업 기밀 대외 번호 doc 글로벌 b b 작성자 프로 거래처 컴퓨터 제품 ai 가속 npu 종류 매출 전망 내부 보고 공급 단가 할인 기존 제안 치열하다 시장 경쟁 상황 컴퓨터 요구 반영 기본 공급 단가 조정 또한 초도 물량 확보 독점 공급 계약 체결 전제 특별 할인 적용 계획 최종 공급 협상 달라지다 이익 훼손 타결 입찰 전략 대응 방안 ai 가속 npu 입찰 가장 중요하다 납기 안정 성과 품질 경쟁력 타다 대비 불량 dppm 현저 낮다 데이터 시트 전면 예정 컴퓨터 최근 시장 점유 확대 전략 포트 제조 라인 가동 최대로 끌다 올리다 적기 납품 just in time 보장 핵심 셀링 포인트 강조 바라다 계약 조건 리스크 검토 현재 협상 중인 계약 조건 납기 지연 지체상금 일일 방어 또한 원자재 가격 상승 환율 변동 리스크 헷지 특정 환율 구간 이탈 공급 단가 협상 조항 반드시 포함 계약 기간 기본 연장 옵션 두다 방향 최종 검토
sales_cyh_128.docx,1,영업 기밀 대외 번호 doc 파운드리 작성자 프로 거래처 스타 네트웍 제품 차세대 모바일 ap 종류 계약 검토 메일 공급 단가 할인 사의 기존 제안 치열하다 시장 경쟁 상황 스타 네트웍 요구 반영 기본 공급 단가 조정 또한 초도 물량 확보 독점 공급 계약 체결 전제 특별 할인 적용 계획 최종 공급 협상 달라지다 이익 훼손 타결 입찰 전략 대응 방안 차세대 모바일 ap 입찰 가장 중요하다 납기 안정 성과 품질 경쟁력 타다 대비 불량 dppm 현저 낮다 데이터 시트 전면 예정 스타 네트웍 최근 시장 점유 확대 전략 포트 제조 라인 가동 최대로 끌다 올리다 적기 납품 just in time 보장 핵심 셀링 포인트 강조 바라다 계약 조건 리스크 검토 현재 협상 중인 계약 조건 납기 지연 지체상금 일일 방어 또한 원자재 가격 상승 환율 변동 리스크 헷지 특정 환율 구간 이탈 공급 단가 협상 조항 반드시 포함 계약 기간 기본 연장 옵션 두다 방향 최종 검토
sales_cyh_124.docx,1,영업 기밀 대외 번호 doc 장용 전략기획 작성자 프로 거래처 넥스트 비다 제품 대역폭 메모리 hbm e 종류 거래처 협상 기록 공급 단가 할인 사의 기존 제안 치열하다 시장 경쟁 상황 넥스트 비다 요구 반영 기본 공급 단가 조정 또한 초도 물량 확보 독점 공급 계약 체결 전제 특별 할인 적용 계획 최종 공급 협상 달라지다 이익 훼손 타결 입찰 전략 대응 방안 대역폭 메모리 hbm e 입찰 가장 중요하다 납기 안정 성과 품질 경쟁력 타다 대비 불량 dppm 현저 낮다 데이터 시트 전면 예정 넥스트 비다 최근 시장 점유 확대 전략 포트 제조 라인 가동 최대로 끌다 올리다 적기 납품 just in time 보장 핵심 셀링 포인트 강조 바라다 계약 조건 리스크 검토 현재 협상 중인 계약 조건 납기 지연 지체상금 일일 방어 또한 원자재 가격 상승 환율 변동 리스크 헷지 특정 환율 구간 이탈 공급 단가 협상 조항 반드시 포함 계약 기간 기본 연장 옵션 두다 방향 최종 검토
sales_cyh_113.txt,1,영업 기밀 대외 번호 doc 장용 작성자 프로 거래처 미래 모바일 제품 자율 주행 mcu 종류 매출 전망 내부 보고 공급 단가 할인 기존 제안 치열하다 시장 경쟁 상황 미래 모바일 요구 반영 기본 공급 단가 조정 또한 초도 물량 확보 독점 공급 계약 체결 전제 특별 할인 적용 계획 최종 공급 협상 달라지다 이익 훼손 타결 입찰 전략 대응 방안 자율 주행 mcu 입찰 가장 중요하다 납기 안정 성과 품질 경쟁력 타다 대비 불량 dppm 현저 낮다 데이터 시트 전면 예정 미래 모바일 최근 시장 점유 확대 전략 포트 제조 라인 가동 최대로 끌다 올리다 적기 납품 just in time 보장 핵심 셀링 포인트 강조 바라다 계약 조건 리스크 검토 현재 협상 중인 계약 조건 납기 지연 지체상금 일일 방어 또한 원자재 가격 상승 환율 변동 리스크 헷지 특정 환율 구간 이탈 공급 단가 협상 조항 반드시 포함 계약 기간 기본 연장 옵션 두다 방향 최종 검토
sales_cyh_138.docx,1,영업 기밀 대외 번호 doc 파운드리 작성자 매니저 거래처 스타 네트웍 제품 서버 ddr 종류 요약 입찰 대응 전략 공급 단가 할인 사의 기존 제안 치열하다 시장 경쟁 상황 스타 네트웍 요구 반영 기본 공급 단가 조정 또한 초도 물량 확보 독점 공급 계약 체결 전제 특별 할인 적용 계획 최종 공급 협상 달라지다 이익 훼손 타결 입찰 전략 대응 방안 서버 ddr 입찰 가장 중요하다 납기 안정 성과 품질 경쟁력 타다 대비 불량 dppm 현저 낮다 데이터 시트 전면 예정 스타 네트웍 최근 시장 점유 확대 전략 포트 제조 라인 가동 최대로 끌다 올리다 적기 납품 just in time 보장 핵심 셀링 포인트 강조 바라다 계약 조건 리스크 검토 현재 협상 중인 계약 조건 납기 지연 지체상금 일일 방어 또한 원자재 가격 상승 환율 변동 리스크 헷지 특정 환율 구간 이탈 공급 단가 협상 조항 반드시 포함 계약 기간 기본 연장 옵션 두다 방향 최종 검토
sales_cyh_120.txt,1,영업 기밀 대외 번호 doc 메모리 솔루션 영업 작성자 프로 거래처 오션 테크놀로지 제품 차량 전력 pmic 종류 매출 전망 내부 보고 공급 단가 할인 기존 제안 치열하다 시장 경쟁 상황 오션 테크놀로지 요구 반영 기본 공급 단가 조정 또한 초도 물량 확보 독점 공급 계약 체결 전제 특별 할인 적용 계획 최종 공급 협상 달라지다 이익 훼손 타결 입찰 전략 대응 방안 차량 전력 pmic 입찰 가장 중요하다 납기 안정 성과 품질 경쟁력 타다 대비 불량 dppm 현저 낮다 데이터 시트 전면 예정 오션 테크놀로지 최근 시장 점유 확대 전략 포트 제조 라인 가동 최대로 끌다 올리다 적기 납품 just in time 보장 핵심 셀링 포인트 강조 바라다 계약 조건 리스크 검토 현재 협상 중인 계약 조건 납기 지연 지체상금 일일 방어 또한 원자재 가격 상승 환율 변동 리스크 헷지 특정 환율 구간 이탈 공급 단가 협상 조항 반드시 포함 계약 기간 기본 연장 옵션 두다 방향 최종 검토
sales_cyh_106.txt,1,영업 기밀 대외 번호 doc 장용 작성자 거래처 컴퓨터 제품 차세대 모바일 ap 종류 요약 입찰 대응 전략 공급 단가 할인 기존 제안 치열하다 시장 경쟁 상황 컴퓨터 요구 반영 기본 공급 단가 조정 또한 초도 물량 확보 독점 공급 계약 체결 전제 특별 할인 적용 계획 최종 공급 협상 달라지다 이익 훼손 타결 입찰 전략 대응 방안 차세대 모바일 ap 입찰 가장 중요하다 납기 안정 성과 품질 경쟁력 타다 대비 불량 dppm 현저 낮다 데이터 시트 전면 예정 컴퓨터 최근 시장 점유 확대 전략 포트 제조 라인 가동 최대로 끌다 올리다 적기 납품 just in time 보장 핵심 셀링 포인트 강조 바라다 계약 조건 리스크 검토 현재 협상 중인 계약 조건 납기 지연 지체상금 일일 방어 또한 원자재 가격 상승 환율 변동 리스크 헷지 특정 환율 구간 이탈 공급 단가 협상 조항 반드시 포함 계약 기간 기본 연장 옵션 두다 방향 최종 검토
sales_cyh_136.docx,1,영업 기밀 대외 번호 doc 글로벌 b b 본부 작성자 수석 거래처 컴퓨터 제품 차세대 모바일 ap 종류 거래처 협상 기록 공급 단가 할인 사의 기존 제안 치열하다 시장 경쟁 상황 컴퓨터 요구 반영 기본 공급 단가 조정 또한 초도 물량 확보 독점 공급 계약 체결 전제 특별 할인 적용 계획 최종 공급 협상 달라지다 이익 훼손 타결 입찰 전략 대응 방안 차세대 모바일 ap 입찰 가장 중요하다 납기 안정 성과 품질 경쟁력 타다 대비 불량 dppm 현저 낮다 데이터 시트 전면 예정 컴퓨터 최근 시장 점유 확대 전략 포트 제조 라인 가동 최대로 끌다 올리다 적기 납품 just in time 보장 핵심 셀링 포인트 강조 바라다 계약 조건 리스크 검토 현재 협상 중인 계약 조건 납기 지연 지체상금 일일 방어 또한 원자재 가격 상승 환율 변동 리스크 헷지 특정 환율 구간 이탈 공급 단가 협상 조항 반드시 포함 계약 기간 기본 연장 옵션 두다 방향 최종 검토
sales_cyh_131.docx,1,영업 기밀 대외 번호 doc 모바일 ap 영업 작성자 매니저 거래처 컴퓨터 제품 차량 전력 pmic 종류 매출 전망 내부 보고 공급 단가 할인 사의 기존 제안 치열하다 시장 경쟁 상황 컴퓨터 요구 반영 기본 공급 단가 조정 또한 초도 물량 확보 독점 공급 계약 체결 전제 특별 할인 적용 계획 최종 공급 협상 달라지다 이익 훼손 타결 입찰 전략 대응 방안 차량 전력 pmic 입찰 가장 중요하다 납기 안정 성과 품질 경쟁력 타다 대비 불량 dppm 현저 낮다 데이터 시트 전면 예정 컴퓨터 최근 시장 점유 확대 전략 포트 제조 라인 가동 최대로 끌다 올리다 적기 납품 just in time 보장 핵심 셀링 포인트 강조 바라다 계약 조건 리스크 검토 현재 협상 중인 계약 조건 납기 지연 지체상금 일일 방어 또한 원자재 가격 상승 환율 변동 리스크 헷지 특정 환율 구간 이탈 공급 단가 협상 조항 반드시 포함 계약 기간 기본 연장 옵션 두다 방향 최종 검토
sales_cyh_123.docx,1,영업 기밀 대외 번호 doc 파운드리 작성자 선임 거래처 전자 제품 차량 전력 pmic 종류 계약 검토 메일 공급 단가 할인 사의 기존 제안 치열하다 시장 경쟁 상황 전자 요구 반영 기본 공급 단가 조정 또한 초도 물량 확보 독점 공급 계약 체결 전제 특별 할인 적용 계획 최종 공급 협상 달라지다 이익 훼손 타결 입찰 전략 대응 방안 차량 전력 pmic 입찰 가장 중요하다 납기 안정 성과 품질 경쟁력 타다 대비 불량 dppm 현저 낮다 데이터 시트 전면 예정 전자 최근 시장 점유 확대 전략 포트 제조 라인 가동 최대로 끌다 올리다 적기 납품 just in time 보장 핵심 셀링 포인트 강조 바라다 계약 조건 리스크 검토 현재 협상 중인 계약 조건 납기 지연 지체상금 일일 방어 또한 원자재 가격 상승 환율 변동 리스크 헷지 특정 환율 구간 이탈 공급 단가 협상 조항 반드시 포함 계약 기간 기본 연장 옵션 두다 방향 최종 검토
sales_cyh_135.docx,1,영업 기밀 대외 번호 doc 모바일 ap 영업 작성자 매니저 거래처 스타 네트웍 제품 대역폭 메모리 hbm e 종류 요약 입찰 대응 전략 공급 단가 할인 사의 기존 제안 치열하다 시장 경쟁 상황 스타 네트웍 요구 반영 기본 공급 단가 조정 또한 초도 물량 확보 독점 공급 계약 체결 전제 특별 할인 적용 계획 최종 공급 협상 달라지다 이익 훼손 타결 입찰 전략 대응 방안 대역폭 메모리 hbm e 입찰 가장 중요하다 납기 안정 성과 품질 경쟁력 타다 대비 불량 dppm 현저 낮다 데이터 시트 전면 예정 스타 네트웍 최근 시장 점유 확대 전략 포트 제조 라인 가동 최대로 끌다 올리다 적기 납품 just in time 보장 핵심 셀링 포인트 강조 바라다 계약 조건 리스크 검토 현재 협상 중인 계약 조건 납기 지연 지체상금 일일 방어 또한 원자재 가격 상승 환율 변동 리스크 헷지 특정 환율 구간 이탈 공급 단가 협상 조항 반드시 포함 계약 기간 기본 연장 옵션 두다 방향 최종 검토
sales_cyh_114.txt,1,영업 기밀 대외 번호 doc 모바일 ap 영업 작성자 선임 거래처 컴퓨터 제품 ai 가속 npu 종류 거래처 협상 기록 공급 단가 할인 기존 제안 치열하다 시장 경쟁 상황 컴퓨터 요구 반영 기본 공급 단가 조정 또한 초도 물량 확보 독점 공급 계약 체결 전제 특별 할인 적용 계획 최종 공급 협상 달라지다 이익 훼손 타결 입찰 전략 대응 방안 ai 가속 npu 입찰 가장 중요하다 납기 안정 성과 품질 경쟁력 타다 대비 불량 dppm 현저 낮다 데이터 시트 전면 예정 컴퓨터 최근 시장 점유 확대 전략 포트 제조 라인 가동 최대로 끌다 올리다 적기 납품 just in time 보장 핵심 셀링 포인트 강조 바라다 계약 조건 리스크 검토 현재 협상 중인 계약 조건 납기 지연 지체상금 일일 방어 또한 원자재 가격 상승 환율 변동 리스크 헷지 특정 환율 구간 이탈 공급 단가 협상 조항 반드시 포함 계약 기간 기본 연장 옵션 두다 방향 최종 검토
sales_cyh_126.docx,1,영업 기밀 대외 번호 doc 글로벌 b b 본부 작성자 거래처 글로벌 오토 모티브 제품 차량 전력 pmic 종류 매출 전망 내부 보고 공급 단가 할인 사의 기존 제안 치열하다 시장 경쟁 상황 글로벌 오토 모티브 요구 반영 기본 공급 단가 조정 또한 초도 물량 확보 독점 공급 계약 체결 전제 특별 할인 적용 계획 최종 공급 협상 달라지다 이익 훼손 타결 입찰 전략 대응 방안 차량 전력 pmic 입찰 가장 중요하다 납기 안정 성과 품질 경쟁력 타다 대비 불량 dppm 현저 낮다 데이터 시트 전면 예정 글로벌 오토 모티브 최근 시장 점유 확대 전략 포트 제조 라인 가동 최대로 끌다 올리다 적기 납품 just in time 보장 핵심 셀링 포인트 강조 바라다 계약 조건 리스크 검토 현재 협상 중인 계약 조건 납기 지연 지체상금 일일 방어 또한 원자재 가격 상승 환율 변동 리스크 헷지 특정 환율 구간 이탈 공급 단가 협상 조항 반드시 포함 계약 기간 기본 연장 옵션 두다 방향 최종 검토
sales_cyh_130.docx,1,영업 기밀 대외 번호 doc 메모리 솔루션 영업 작성자 매니저 거래처 컴퓨터 제품 차세대 모바일 ap 종류 계약 검토 메일 공급 단가 할인 사의 기존 제안 치열하다 시장 경쟁 상황 컴퓨터 요구 반영 기본 공급 단가 조정 또한 초도 물량 확보 독점 공급 계약 체결 전제 특별 할인 적용 계획 최종 공급 협상 달라지다 이익 훼손 타결 입찰 전략 대응 방안 차세대 모바일 ap 입찰 가장 중요하다 납기 안정 성과 품질 경쟁력 타다 대비 불량 dppm 현저 낮다 데이터 시트 전면 예정 컴퓨터 최근 시장 점유 확대 전략 포트 제조 라인 가동 최대로 끌다 올리다 적기 납품 just in time 보장 핵심 셀링 포인트 강조 바라다 계약 조건 리스크 검토 현재 협상 중인 계약 조건 납기 지연 지체상금 일일 방어 또한 원자재 가격 상승 환율 변동 리스크 헷지 특정 환율 구간 이탈 공급 단가 협상 조항 반드시 포함 계약 기간 기본 연장 옵션 두다 방향 최종 검토
sales_cyh_110.txt,1,영업 기밀 대외 번호 doc 메모리 솔루션 영업 작성자 거래처 넥스트 비다 제품 차세대 모바일 ap 종류 거래처 협상 기록 공급 단가 할인 기존 제안 치열하다 시장 경쟁 상황 넥스트 비다 요구 반영 기본 공급 단가 조정 또한 초도 물량 확보 독점 공급 계약 체결 전제 특별 할인 적용 계획 최종 공급 협상 달라지다 이익 훼손 타결 입찰 전략 대응 방안 차세대 모바일 ap 입찰 가장 중요하다 납기 안정 성과 품질 경쟁력 타다 대비 불량 dppm 현저 낮다 데이터 시트 전면 예정 넥스트 비다 최근 시장 점유 확대 전략 포트 제조 라인 가동 최대로 끌다 올리다 적기 납품 just in time 보장 핵심 셀링 포인트 강조 바라다 계약 조건 리스크 검토 현재 협상 중인 계약 조건 납기 지연 지체상금 일일 방어 또한 원자재 가격 상승 환율 변동 리스크 헷지 특정 환율 구간 이탈 공급 단가 협상 조항 반드시 포함 계약 기간 기본 연장 옵션 두다 방향 최종 검토
sales_cyh_139.docx,1,영업 기밀 대외 번호 doc 장용 전략기획 작성자 매니저 거래처 미래 모바일 제품 차량 전력 pmic 종류 요약 입찰 대응 전략 공급 단가 할인 사의 기존 제안 치열하다 시장 경쟁 상황 미래 모바일 요구 반영 기본 공급 단가 조정 또한 초도 물량 확보 독점 공급 계약 체결 전제 특별 할인 적용 계획 최종 공급 협상 달라지다 이익 훼손 타결 입찰 전략 대응 방안 차량 전력 pmic 입찰 가장 중요하다 납기 안정 성과 품질 경쟁력 타다 대비 불량 dppm 현저 낮다 데이터 시트 전면 예정 미래 모바일 최근 시장 점유 확대 전략 포트 제조 라인 가동 최대로 끌다 올리다 적기 납품 just in time 보장 핵심 셀링 포인트 강조 바라다 계약 조건 리스크 검토 현재 협상 중인 계약 조건 납기 지연 지체상금 일일 방어 또한 원자재 가격 상승 환율 변동 리스크 헷지 특정 환율 구간 이탈 공급 단가 협상 조항 반드시 포함 계약 기간 기본 연장 옵션 두다 방향 최종 검토
sales_cyh_132.docx,1,영업 기밀 대외 번호 doc 파운드리 작성자 거래처 스타 네트웍 제품 차량 전력 pmic 종류 계약 검토 메일 공급 단가 할인 사의 기존 제안 치열하다 시장 경쟁 상황 스타 네트웍 요구 반영 기본 공급 단가 조정 또한 초도 물량 확보 독점 공급 계약 체결 전제 특별 할인 적용 계획 최종 공급 협상 달라지다 이익 훼손 타결 입찰 전략 대응 방안 차량 전력 pmic 입찰 가장 중요하다 납기 안정 성과 품질 경쟁력 타다 대비 불량 dppm 현저 낮다 데이터 시트 전면 예정 스타 네트웍 최근 시장 점유 확대 전략 포트 제조 라인 가동 최대로 끌다 올리다 적기 납품 just in time 보장 핵심 셀링 포인트 강조 바라다 계약 조건 리스크 검토 현재 협상 중인 계약 조건 납기 지연 지체상금 일일 방어 또한 원자재 가격 상승 환율 변동 리스크 헷지 특정 환율 구간 이탈 공급 단가 협상 조항 반드시 포함 계약 기간 기본 연장 옵션 두다 방향 최종 검토
sales_cyh_119.txt,1,영업 기밀 대외 번호 doc 모바일 ap 영업 작성자 거래처 전자 제품 차량 전력 pmic 종류 매출 전망 내부 보고 공급 단가 할인 기존 제안 치열하다 시장 경쟁 상황 전자 요구 반영 기본 공급 단가 조정 또한 초도 물량 확보 독점 공급 계약 체결 전제 특별 할인 적용 계획 최종 공급 협상 달라지다 이익 훼손 타결 입찰 전략 대응 방안 차량 전력 pmic 입찰 가장 중요하다 납기 안정 성과 품질 경쟁력 타다 대비 불량 dppm 현저 낮다 데이터 시트 전면 예정 전자 최근 시장 점유 확대 전략 포트 제조 라인 가동 최대로 끌다 올리다 적기 납품 just in time 보장 핵심 셀링 포인트 강조 바라다 계약 조건 리스크 검토 현재 협상 중인 계약 조건 납기 지연 지체상금 일일 방어 또한 원자재 가격 상승 환율 변동 리스크 헷지 특정 환율 구간 이탈 공급 단가 협상 조항 반드시 포함 계약 기간 기본 연장 옵션 두다 방향 최종 검토
sales_cyh_125.docx,1,영업 기밀 대외 번호 doc 글로벌 b b 본부 작성자 매니저 거래처 넥스트 비다 제품 서버 ddr 종류 계약 검토 메일 공급 단가 할인 사의 기존 제안 치열하다 시장 경쟁 상황 넥스트 비다 요구 반영 기본 공급 단가 조정 또한 초도 물량 확보 독점 공급 계약 체결 전제 특별 할인 적용 계획 최종 공급 협상 달라지다 이익 훼손 타결 입찰 전략 대응 방안 서버 ddr 입찰 가장 중요하다 납기 안정 성과 품질 경쟁력 타다 대비 불량 dppm 현저 낮다 데이터 시트 전면 예정 넥스트 비다 최근 시장 점유 확대 전략 포트 제조 라인 가동 최대로 끌다 올리다 적기 납품 just in time 보장 핵심 셀링 포인트 강조 바라다 계약 조건 리스크 검토 현재 협상 중인 계약 조건 납기 지연 지체상금 일일 방어 또한 원자재 가격 상승 환율 변동 리스크 헷지 특정 환율 구간 이탈 공급 단가 협상 조항 반드시 포함 계약 기간 기본 연장 옵션 두다 방향 최종 검토
sales_cyh_133.docx,1,영업 기밀 대외 번호 doc 파운드리 작성자 수석 거래처 스타 네트웍 제품 대역폭 메모리 hbm e 종류 계약 검토 메일 공급 단가 할인 사의 기존 제안 치열하다 시장 경쟁 상황 스타 네트웍 요구 반영 기본 공급 단가 조정 또한 초도 물량 확보 독점 공급 계약 체결 전제 특별 할인 적용 계획 최종 공급 협상 달라지다 이익 훼손 타결 입찰 전략 대응 방안 대역폭 메모리 hbm e 입찰 가장 중요하다 납기 안정 성과 품질 경쟁력 타다 대비 불량 dppm 현저 낮다 데이터 시트 전면 예정 스타 네트웍 최근 시장 점유 확대 전략 포트 제조 라인 가동 최대로 끌다 올리다 적기 납품 just in time 보장 핵심 셀링 포인트 강조 바라다 계약 조건 리스크 검토 현재 협상 중인 계약 조건 납기 지연 지체상금 일일 방어 또한 원자재 가격 상승 환율 변동 리스크 헷지 특정 환율 구간 이탈 공급 단가 협상 조항 반드시 포함 계약 기간 기본 연장 옵션 두다 방향 최종 검토
sales_cyh_127.docx,1,영업 기밀 대외 번호 doc 모바일 ap 영업 작성자 프로 거래처 글로벌 오토 모티브 제품 ai 가속 npu 종류 계약 검토 메일 공급 단가 할인 사의 기존 제안 치열하다 시장 경쟁 상황 글로벌 오토 모티브 요구 반영 기본 공급 단가 조정 또한 초도 물량 확보 독점 공급 계약 체결 전제 특별 할인 적용 계획 최종 공급 협상 달라지다 이익 훼손 타결 입찰 전략 대응 방안 ai 가속 npu 입찰 가장 중요하다 납기 안정 성과 품질 경쟁력 타다 대비 불량 dppm 현저 낮다 데이터 시트 전면 예정 글로벌 오토 모티브 최근 시장 점유 확대 전략 포트 제조 라인 가동 최대로 끌다 올리다 적기 납품 just in time 보장 핵심 셀링 포인트 강조 바라다 계약 조건 리스크 검토 현재 협상 중인 계약 조건 납기 지연 지체상금 일일 방어 또한 원자재 가격 상승 환율 변동 리스크 헷지 특정 환율 구간 이탈 공급 단가 협상 조항 반드시 포함 계약 기간 기본 연장 옵션 두다 방향 최종 검토
sales_cyh_111.txt,1,영업 기밀 대외 번호 doc 메모리 솔루션 영업 작성자 선임 거래처 컴퓨터 제품 자율 주행 mcu 종류 거래처 협상 기록 공급 단가 할인 기존 제안 치열하다 시장 경쟁 상황 컴퓨터 요구 반영 기본 공급 단가 조정 또한 초도 물량 확보 독점 공급 계약 체결 전제 특별 할인 적용 계획 최종 공급 협상 달라지다 이익 훼손 타결 입찰 전략 대응 방안 자율 주행 mcu 입찰 가장 중요하다 납기 안정 성과 품질 경쟁력 타다 대비 불량 dppm 현저 낮다 데이터 시트 전면 예정 컴퓨터 최근 시장 점유 확대 전략 포트 제조 라인 가동 최대로 끌다 올리다 적기 납품 just in time 보장 핵심 셀링 포인트 강조 바라다 계약 조건 리스크 검토 현재 협상 중인 계약 조건 납기 지연 지체상금 일일 방어 또한 원자재 가격 상승 환율 변동 리스크 헷지 특정 환율 구간 이탈 공급 단가 협상 조항 반드시 포함 계약 기간 기본 연장 옵션 두다 방향 최종 검토
sales_cyh_107.txt,1,영업 기밀 대외 번호 doc 장용 작성자 수석 거래처 미래 모바일 제품 ai 가속 npu 종류 계약 검토 메일 공급 단가 할인 기존 제안 치열하다 시장 경쟁 상황 미래 모바일 요구 반영 기본 공급 단가 조정 또한 초도 물량 확보 독점 공급 계약 체결 전제 특별 할인 적용 계획 최종 공급 협상 달라지다 이익 훼손 타결 입찰 전략 대응 방안 ai 가속 npu 입찰 가장 중요하다 납기 안정 성과 품질 경쟁력 타다 대비 불량 dppm 현저 낮다 데이터 시트 전면 예정 미래 모바일 최근 시장 점유 확대 전략 포트 제조 라인 가동 최대로 끌다 올리다 적기 납품 just in time 보장 핵심 셀링 포인트 강조 바라다 계약 조건 리스크 검토 현재 협상 중인 계약 조건 납기 지연 지체상금 일일 방어 또한 원자재 가격 상승 환율 변동 리스크 헷지 특정 환율 구간 이탈 공급 단가 협상 조항 반드시 포함 계약 기간 기본 연장 옵션 두다 방향 최종 검토
sales_cyh_140.docx,1,영업 기밀 대외 번호 doc 파운드리 작성자 수석 거래처 컴퓨터 제품 서버 ddr 종류 계약 검토 메일 공급 단가 할인 사의 기존 제안 치열하다 시장 경쟁 상황 컴퓨터 요구 반영 기본 공급 단가 조정 또한 초도 물량 확보 독점 공급 계약 체결 전제 특별 할인 적용 계획 최종 공급 협상 달라지다 이익 훼손 타결 입찰 전략 대응 방안 서버 ddr 입찰 가장 중요하다 납기 안정 성과 품질 경쟁력 타다 대비 불량 dppm 현저 낮다 데이터 시트 전면 예정 컴퓨터 최근 시장 점유 확대 전략 포트 제조 라인 가동 최대로 끌다 올리다 적기 납품 just in time 보장 핵심 셀링 포인트 강조 바라다 계약 조건 리스크 검토 현재 협상 중인 계약 조건 납기 지연 지체상금 일일 방어 또한 원자재 가격 상승 환율 변동 리스크 헷지 특정 환율 구간 이탈 공급 단가 협상 조항 반드시 포함 계약 기간 기본 연장 옵션 두다 방향 최종 검토
sales_cyh_109.txt,1,영업 기밀 대외 번호 doc 메모리 솔루션 영업 작성자 매니저 거래처 전자 제품 ai 가속 npu 종류 거래처 협상 기록 공급 단가 할인 기존 제안 치열하다 시장 경쟁 상황 전자 요구 반영 기본 공급 단가 조정 또한 초도 물량 확보 독점 공급 계약 체결 전제 특별 할인 적용 계획 최종 공급 협상 달라지다 이익 훼손 타결 입찰 전략 대응 방안 ai 가속 npu 입찰 가장 중요하다 납기 안정 성과 품질 경쟁력 타다 대비 불량 dppm 현저 낮다 데이터 시트 전면 예정 전자 최근 시장 점유 확대 전략 포트 제조 라인 가동 최대로 끌다 올리다 적기 납품 just in time 보장 핵심 셀링 포인트 강조 바라다 계약 조건 리스크 검토 현재 협상 중인 계약 조건 납기 지연 지체상금 일일 방어 또한 원자재 가격 상승 환율 변동 리스크 헷지 특정 환율 구간 이탈 공급 단가 협상 조항 반드시 포함 계약 기간 기본 연장 옵션 두다 방향 최종 검토
sales_cyh_108.txt,1,영업 기밀 대외 번호 doc 메모리 솔루션 영업 작성자 책임 거래처 글로벌 오토 모티브 제품 차세대 모바일 ap 종류 계약 검토 메일 공급 단가 할인 기존 제안 치열하다 시장 경쟁 상황 글로벌 오토 모티브 요구 반영 기본 공급 단가 조정 또한 초도 물량 확보 독점 공급 계약 체결 전제 특별 할인 적용 계획 최종 공급 협상 달라지다 이익 훼손 타결 입찰 전략 대응 방안 차세대 모바일 ap 입찰 가장 중요하다 납기 안정 성과 품질 경쟁력 타다 대비 불량 dppm 현저 낮다 데이터 시트 전면 예정 글로벌 오토 모티브 최근 시장 점유 확대 전략 포트 제조 라인 가동 최대로 끌다 올리다 적기 납품 just in time 보장 핵심 셀링 포인트 강조 바라다 계약 조건 리스크 검토 현재 협상 중인 계약 조건 납기 지연 지체상금 일일 방어 또한 원자재 가격 상승 환율 변동 리스크 헷지 특정 환율 구간 이탈 공급 단가 협상 조항 반드시 포함 계약 기간 기본 연장 옵션 두다 방향 최종 검토
sales_cyh_134.docx,1,영업 기밀 대외 번호 doc 파운드리 작성자 책임 거래처 넥스트 비다 제품 서버 ddr 종류 요약 입찰 대응 전략 공급 단가 할인 사의 기존 제안 치열하다 시장 경쟁 상황 넥스트 비다 요구 반영 기본 공급 단가 조정 또한 초도 물량 확보 독점 공급 계약 체결 전제 특별 할인 적용 계획 최종 공급 협상 달라지다 이익 훼손 타결 입찰 전략 대응 방안 서버 ddr 입찰 가장 중요하다 납기 안정 성과 품질 경쟁력 타다 대비 불량 dppm 현저 낮다 데이터 시트 전면 예정 넥스트 비다 최근 시장 점유 확대 전략 포트 제조 라인 가동 최대로 끌다 올리다 적기 납품 just in time 보장 핵심 셀링 포인트 강조 바라다 계약 조건 리스크 검토 현재 협상 중인 계약 조건 납기 지연 지체상금 일일 방어 또한 원자재 가격 상승 환율 변동 리스크 헷지 특정 환율 구간 이탈 공급 단가 협상 조항 반드시 포함 계약 기간 기본 연장 옵션 두다 방향 최종 검토
sales_cyh_137.docx,1,영업 기밀 대외 번호 doc 장용 전략기획 작성자 선임 거래처 전자 제품 대역폭 메모리 hbm e 종류 요약 입찰 대응 전략 공급 단가 할인 사의 기존 제안 치열하다 시장 경쟁 상황 전자 요구 반영 기본 공급 단가 조정 또한 초도 물량 확보 독점 공급 계약 체결 전제 특별 할인 적용 계획 최종 공급 협상 달라지다 이익 훼손 타결 입찰 전략 대응 방안 대역폭 메모리 hbm e 입찰 가장 중요하다 납기 안정 성과 품질 경쟁력 타다 대비 불량 dppm 현저 낮다 데이터 시트 전면 예정 전자 최근 시장 점유 확대 전략 포트 제조 라인 가동 최대로 끌다 올리다 적기 납품 just in time 보장 핵심 셀링 포인트 강조 바라다 계약 조건 리스크 검토 현재 협상 중인 계약 조건 납기 지연 지체상금 일일 방어 또한 원자재 가격 상승 환율 변동 리스크 헷지 특정 환율 구간 이탈 공급 단가 협상 조항 반드시 포함 계약 기간 기본 연장 옵션 두다 방향 최종 검토
sales_cyh_121.docx,1,영업 기밀 대외 번호 doc 글로벌 b b 본부 작성자 매니저 거래처 컴퓨터 제품 ai 가속 npu 종류 매출 전망 내부 보고 공급 단가 할인 사의 기존 제안 치열하다 시장 경쟁 상황 컴퓨터 요구 반영 기본 공급 단가 조정 또한 초도 물량 확보 독점 공급 계약 체결 전제 특별 할인 적용 계획 최종 공급 협상 달라지다 이익 훼손 타결 입찰 전략 대응 방안 ai 가속 npu 입찰 가장 중요하다 납기 안정 성과 품질 경쟁력 타다 대비 불량 dppm 현저 낮다 데이터 시트 전면 예정 컴퓨터 최근 시장 점유 확대 전략 포트 제조 라인 가동 최대로 끌다 올리다 적기 납품 just in time 보장 핵심 셀링 포인트 강조 바라다 계약 조건 리스크 검토 현재 협상 중인 계약 조건 납기 지연 지체상금 일일 방어 또한 원자재 가격 상승 환율 변동 리스크 헷지 특정 환율 구간 이탈 공급 단가 협상 조항 반드시 포함 계약 기간 기본 연장 옵션 두다 방향 최종 검토
sales_cyh_129.docx,1,영업 기밀 대외 번호 doc 파운드리 작성자 수석 거래처 스타 네트웍 제품 차세대 모바일 ap 종류 계약 검토 메일 공급 단가 할인 사의 기존 제안 치열하다 시장 경쟁 상황 스타 네트웍 요구 반영 기본 공급 단가 조정 또한 초도 물량 확보 독점 공급 계약 체결 전제 특별 할인 적용 계획 최종 공급 협상 달라지다 이익 훼손 타결 입찰 전략 대응 방안 차세대 모바일 ap 입찰 가장 중요하다 납기 안정 성과 품질 경쟁력 타다 대비 불량 dppm 현저 낮다 데이터 시트 전면 예정 스타 네트웍 최근 시장 점유 확대 전략 포트 제조 라인 가동 최대로 끌다 올리다 적기 납품 just in time 보장 핵심 셀링 포인트 강조 바라다 계약 조건 리스크 검토 현재 협상 중인 계약 조건 납기 지연 지체상금 일일 방어 또한 원자재 가격 상승 환율 변동 리스크 헷지 특정 환율 구간 이탈 공급 단가 협상 조항 반드시 포함 계약 기간 기본 연장 옵션 두다 방향 최종 검토
sales_cyh_112.txt,1,영업 기밀 대외 번호 doc 메모리 솔루션 영업 작성자 수석 거래처 글로벌 오토 모티브 제품 서버 ddr 종류 거래처 협상 기록 공급 단가 할인 기존 제안 치열하다 시장 경쟁 상황 글로벌 오토 모티브 요구 반영 기본 공급 단가 조정 또한 초도 물량 확보 독점 공급 계약 체결 전제 특별 할인 적용 계획 최종 공급 협상 달라지다 이익 훼손 타결 입찰 전략 대응 방안 서버 ddr 입찰 가장 중요하다 납기 안정 성과 품질 경쟁력 타다 대비 불량 dppm 현저 낮다 데이터 시트 전면 예정 글로벌 오토 모티브 최근 시장 점유 확대 전략 포트 제조 라인 가동 최대로 끌다 올리다 적기 납품 just in time 보장 핵심 셀링 포인트 강조 바라다 계약 조건 리스크 검토 현재 협상 중인 계약 조건 납기 지연 지체상금 일일 방어 또한 원자재 가격 상승 환율 변동 리스크 헷지 특정 환율 구간 이탈 공급 단가 협상 조항 반드시 포함 계약 기간 기본 연장 옵션 두다 방향 최종 검토
sales_cyh_117.txt,1,영업 기밀 대외 번호 doc 파운드리 작성자 매니저 거래처 컴퓨터 제품 ai 가속 npu 종류 계약 검토 메일 공급 단가 할인 기존 제안 치열하다 시장 경쟁 상황 컴퓨터 요구 반영 기본 공급 단가 조정 또한 초도 물량 확보 독점 공급 계약 체결 전제 특별 할인 적용 계획 최종 공급 협상 달라지다 이익 훼손 타결 입찰 전략 대응 방안 ai 가속 npu 입찰 가장 중요하다 납기 안정 성과 품질 경쟁력 타다 대비 불량 dppm 현저 낮다 데이터 시트 전면 예정 컴퓨터 최근 시장 점유 확대 전략 포트 제조 라인 가동 최대로 끌다 올리다 적기 납품 just in time 보장 핵심 셀링 포인트 강조 바라다 계약 조건 리스크 검토 현재 협상 중인 계약 조건 납기 지연 지체상금 일일 방어 또한 원자재 가격 상승 환율 변동 리스크 헷지 특정 환율 구간 이탈 공급 단가 협상 조항 반드시 포함 계약 기간 기본 연장 옵션 두다 방향 최종 검토
sales_cyh_141.pdf,1,영업 기밀 대외 번호 doc 장용 작성자 프로 거래처 스타 네트웍 제품 차세대 모바일 ap 종류 매출 전망 내부 보고 공급 단가 할인 기존 제안 치열하다 시장 경쟁 상황 스타 네트웍 요구 반영 기본 공급 단가 조정 또한 초도 물량 확보 독점 공급 계약 체결 전제 특별 할인 적용 계획 최종 공급 협상 달라지다 이익 훼손 타결 입찰 전략 대응 방안 차세대 모바일 ap 입찰 가장 중요하다 납기 안정 성과 품질 경쟁력 타다 대비 불량 dppm 현저 낮다 데이터 시트 전면 예정 스타 네트웍 최근 시장 점유 확대 전략 포트 제조 라인 가동 최대로 끌다 올리다 적기 납품 just in time 보장 핵심 셀링 포인트 강조 바라다 계약 조건 리스크 검토 현재 협상 중인 계약 조건 납기 지연 지체상금 일일 방어 또한 원자재 가격 상승 환율 변동 리스크 헷지 특정 환율 구간 이탈 공급 단가 협상 조항 반드시 포함 계약 기간 기본 연장 옵션 두다 방향 최종 검토
sales_cyh_143.pdf,1,영업 기밀 대외 번호 doc 장용 작성자 프로 거래처 스타 네트웍 제품 ai 가속 npu 종류 거래처 협상 기록 공급 단가 할인 기존 제안 치열하다 시장 경쟁 상황 스타 네트웍 요구 반영 기본 공급 단가 조정 또한 초도 물량 확보 독점 공급 계약 체결 전제 특별 할인 적용 계획 최종 공급 협상 달라지다 이익 훼손 타결 입찰 전략 대응 방안 ai 가속 npu 입찰 가장 중요하다 납기 안정 성과 품질 경쟁력 타다 대비 불량 dppm 현저 낮다 데이터 시트 전면 예정 스타 네트웍 최근 시장 점유 확대 전략 포트 제조 라인 가동 최대로 끌다 올리다 적기 납품 just in time 보장 핵심 셀링 포인트 강조 바라다 계약 조건 리스크 검토 현재 협상 중인 계약 조건 납기 지연 지체상금 일일 방어 또한 원자재 가격 상승 환율 변동 리스크 헷지 특정 환율 구간 이탈 공급 단가 협상 조항 반드시 포함 계약 기간 기본 연장 옵션 두다 방향 최종 검토
sales_cyh_148.pdf,1,영업 기밀 대외 번호 doc 파운드리 작성자 매니저 거래처 미래 모바일 제품 차세대 모바일 ap 종류 요약 입찰 대응 전략 공급 단가 할인 기존 제안 치열하다 시장 경쟁 상황 미래 모바일 요구 반영 기본 공급 단가 조정 또한 초도 물량 확보 독점 공급 계약 체결 전제 특별 할인 적용 계획 최종 공급 협상 달라지다 이익 훼손 타결 입찰 전략 대응 방안 차세대 모바일 ap 입찰 가장 중요하다 납기 안정 성과 품질 경쟁력 타다 대비 불량 dppm 현저 낮다 데이터 시트 전면 예정 미래 모바일 최근 시장 점유 확대 전략 포트 제조 라인 가동 최대로 끌다 올리다 적기 납품 just in time 보장 핵심 셀링 포인트 강조 바라다 계약 조건 리스크 검토 현재 협상 중인 계약 조건 납기 지연 지체상금 일일 방어 또한 원자재 가격 상승 환율 변동 리스크 헷지 특정 환율 구간 이탈 공급 단가 협상 조항 반드시 포함 계약 기간 기본 연장 옵션 두다 방향 최종 검토
sales_cyh_144.pdf,1,영업 기밀 대외 번호 doc 글로벌 b b 작성자 선임 거래처 컴퓨터 제품 ai 가속 npu 종류 요약 입찰 대응 전략 공급 단가 할인 기존 제안 치열하다 시장 경쟁 상황 컴퓨터 요구 반영 기본 공급 단가 조정 또한 초도 물량 확보 독점 공급 계약 체결 전제 특별 할인 적용 계획 최종 공급 협상 달라지다 이익 훼손 타결 입찰 전략 대응 방안 ai 가속 npu 입찰 가장 중요하다 납기 안정 성과 품질 경쟁력 타다 대비 불량 dppm 현저 낮다 데이터 시트 전면 예정 컴퓨터 최근 시장 점유 확대 전략 포트 제조 라인 가동 최대로 끌다 올리다 적기 납품 just in time 보장 핵심 셀링 포인트 강조 바라다 계약 조건 리스크 검토 현재 협상 중인 계약 조건 납기 지연 지체상금 일일 방어 또한 원자재 가격 상승 환율 변동 리스크 헷지 특정 환율 구간 이탈 공급 단가 협상 조항 반드시 포함 계약 기간 기본 연장 옵션 두다 방향 최종 검토
sales_cyh_146.pdf,1,영업 기밀 대외 번호 doc 장용 작성자 매니저 거래처 글로벌 오토 모티브 제품 자율 주행 mcu 종류 매출 전망 내부 보고 공급 단가 할인 기존 제안 치열하다 시장 경쟁 상황 글로벌 오토 모티브 요구 반영 기본 공급 단가 조정 또한 초도 물량 확보 독점 공급 계약 체결 전제 특별 할인 적용 계획 최종 공급 협상 달라지다 이익 훼손 타결 입찰 전략 대응 방안 자율 주행 mcu 입찰 가장 중요하다 납기 안정 성과 품질 경쟁력 타다 대비 불량 dppm 현저 낮다 데이터 시트 전면 예정 글로벌 오토 모티브 최근 시장 점유 확대 전략 포트 제조 라인 가동 최대로 끌다 올리다 적기 납품 just in time 보장 핵심 셀링 포인트 강조 바라다 계약 조건 리스크 검토 현재 협상 중인 계약 조건 납기 지연 지체상금 일일 방어 또한 원자재 가격 상승 환율 변동 리스크 헷지 특정 환율 구간 이탈 공급 단가 협상 조항 반드시 포함 계약 기간 기본 연장 옵션 두다 방향 최종 검토
sales_cyh_142.pdf,1,영업 기밀 대외 번호 doc 메모리 솔루션 영업 작성자 매니저 거래처 글로벌 오토 모티브 제품 차량 전력 pmic 종류 계약 검토 메일 공급 단가 할인 기존 제안 치열하다 시장 경쟁 상황 글로벌 오토 모티브 요구 반영 기본 공급 단가 조정 또한 초도 물량 확보 독점 공급 계약 체결 전제 특별 할인 적용 계획 최종 공급 협상 달라지다 이익 훼손 타결 입찰 전략 대응 방안 차량 전력 pmic 입찰 가장 중요하다 납기 안정 성과 품질 경쟁력 타다 대비 불량 dppm 현저 낮다 데이터 시트 전면 예정 글로벌 오토 모티브 최근 시장 점유 확대 전략 포트 제조 라인 가동 최대로 끌다 올리다 적기 납품 just in time 보장 핵심 셀링 포인트 강조 바라다 계약 조건 리스크 검토 현재 협상 중인 계약 조건 납기 지연 지체상금 일일 방어 또한 원자재 가격 상승 환율 변동 리스크 헷지 특정 환율 구간 이탈 공급 단가 협상 조항 반드시 포함 계약 기간 기본 연장 옵션 두다 방향 최종 검토
sales_cyh_145.pdf,1,영업 기밀 대외 번호 doc 파운드리 작성자 프로 거래처 컴퓨터 제품 자율 주행 mcu 종류 요약 입찰 대응 전략 공급 단가 할인 기존 제안 치열하다 시장 경쟁 상황 컴퓨터 요구 반영 기본 공급 단가 조정 또한 초도 물량 확보 독점 공급 계약 체결 전제 특별 할인 적용 계획 최종 공급 협상 달라지다 이익 훼손 타결 입찰 전략 대응 방안 자율 주행 mcu 입찰 가장 중요하다 납기 안정 성과 품질 경쟁력 타다 대비 불량 dppm 현저 낮다 데이터 시트 전면 예정 컴퓨터 최근 시장 점유 확대 전략 포트 제조 라인 가동 최대로 끌다 올리다 적기 납품 just in time 보장 핵심 셀링 포인트 강조 바라다 계약 조건 리스크 검토 현재 협상 중인 계약 조건 납기 지연 지체상금 일일 방어 또한 원자재 가격 상승 환율 변동 리스크 헷지 특정 환율 구간 이탈 공급 단가 협상 조항 반드시 포함 계약 기간 기본 연장 옵션 두다 방향 최종 검토
sales_cyh_149.pdf,1,영업 기밀 대외 번호 doc 모바일 ap 영업 작성자 매니저 거래처 넥스트 비다 제품 자율 주행 mcu 종류 요약 입찰 대응 전략 공급 단가 할인 기존 제안 치열하다 시장 경쟁 상황 넥스트 비다 요구 반영 기본 공급 단가 조정 또한 초도 물량 확보 독점 공급 계약 체결 전제 특별 할인 적용 계획 최종 공급 협상 달라지다 이익 훼손 타결 입찰 전략 대응 방안 자율 주행 mcu 입찰 가장 중요하다 납기 안정 성과 품질 경쟁력 타다 대비 불량 dppm 현저 낮다 데이터 시트 전면 예정 넥스트 비다 최근 시장 점유 확대 전략 포트 제조 라인 가동 최대로 끌다 올리다 적기 납품 just in time 보장 핵심 셀링 포인트 강조 바라다 계약 조건 리스크 검토 현재 협상 중인 계약 조건 납기 지연 지체상금 일일 방어 또한 원자재 가격 상승 환율 변동 리스크 헷지 특정 환율 구간 이탈 공급 단가 협상 조항 반드시 포함 계약 기간 기본 연장 옵션 두다 방향 최종 검토
sales_cyh_147.pdf,1,영업 기밀 대외 번호 doc 장용 작성자 선임 거래처 글로벌 오토 모티브 제품 서버 ddr 종류 거래처 협상 기록 공급 단가 할인 기존 제안 치열하다 시장 경쟁 상황 글로벌 오토 모티브 요구 반영 기본 공급 단가 조정 또한 초도 물량 확보 독점 공급 계약 체결 전제 특별 할인 적용 계획 최종 공급 협상 달라지다 이익 훼손 타결 입찰 전략 대응 방안 서버 ddr 입찰 가장 중요하다 납기 안정 성과 품질 경쟁력 타다 대비 불량 dppm 현저 낮다 데이터 시트 전면 예정 글로벌 오토 모티브 최근 시장 점유 확대 전략 포트 제조 라인 가동 최대로 끌다 올리다 적기 납품 just in time 보장 핵심 셀링 포인트 강조 바라다 계약 조건 리스크 검토 현재 협상 중인 계약 조건 납기 지연 지체상금 일일 방어 또한 원자재 가격 상승 환율 변동 리스크 헷지 특정 환율 구간 이탈 공급 단가 협상 조항 반드시 포함 계약 기간 기본 연장 옵션 두다 방향 최종 검토
sales_cyh_150.pdf,1,영업 기밀 대외 번호 doc 글로벌 b b 작성자 매니저 거래처 전자 제품 차세대 모바일 ap 종류 거래처 협상 기록 공급 단가 할인 기존 제안 치열하다 시장 경쟁 상황 전자 요구 반영 기본 공급 단가 조정 또한 초도 물량 확보 독점 공급 계약 체결 전제 특별 할인 적용 계획 최종 공급 협상 달라지다 이익 훼손 타결 입찰 전략 대응 방안 차세대 모바일 ap 입찰 가장 중요하다 납기 안정 성과 품질 경쟁력 타다 대비 불량 dppm 현저 낮다 데이터 시트 전면 예정 전자 최근 시장 점유 확대 전략 포트 제조 라인 가동 최대로 끌다 올리다 적기 납품 just in time 보장 핵심 셀링 포인트 강조 바라다 계약 조건 리스크 검토 현재 협상 중인 계약 조건 납기 지연 지체상금 일일 방어 또한 원자재 가격 상승 환율 변동 리스크 헷지 특정 환율 구간 이탈 공급 단가 협상 조항 반드시 포함 계약 기간 기본 연장 옵션 두다 방향 최종 검토
edge_hsg_159.txt,1,사내 공지 본관 좌석 배치 안내 조직개편 본관 좌석 배치 계획 신설 사용 기존 근무 이동 내년 신설 조직 정식 발령 공지 조직 외부 언급 마시기 바라다 이동 일자 배치도 참조 개인 물품 시오
edge_ldm_161.txt,1,업무 메일 신규 법인 명함 제작 사전 준비 보내다 사원 내년 설립 예정 법인 명함 제작 사전 준비 법인 시스템 가칭 설립 등기 내년 예정 전환 배치 인원 nn 파악 대상자 명단 확정 직책 영문 표기 취합할 예정 전달 예정 양식 준비 시기 바라다 법인 설립 대외 공시 전이므 언급 삼가다 시오 문의
edge_smw_164.txt,1,사내 공지 사내 직무 전환 지원 모집 신설 조직 배치 사내 직무 전환 지원 모집 모집 차량 사업 회사 내년 차량 전력 사업 진출 계획 초기 인력 사내 전환 경력 채용 병행 구성 사업 진출 계획 대외 발표 전이므 언급 삼가다 시오 모집 직무 공정 기술 신뢰 평가 제품 기획 모집 인원 직무 n 신청 기간 지원 자격 전형 절차 사내 포털 공고 시오
hb_doc_0153.txt,1,hanbit semiconductor 채용 전환 검토 기록 조직 유형 업무 검토 기록 상태 검토 진행 하반기 인력 운영 검토 현재 연봉 조정 안이 우선 최근 역할 범위 넓어지다 반영 직무 수당 별도 적용 방안 비교 직무 조정 지나치다 벌어지다 안다 재의 평가 등급 b 연간 성과급 수준 검토 현재 의견 재의 연봉 정안 잡다 다음 조직 이동 여부 확정 최종 반영 시점 맞추다 회차 직급 체계 자체 바꾸다 개인 역할 확대 최근 평가 결과 반영 금액 차이 크다 항목 비교 급여 반영 시점 조직 이동 대상자 직무 범위 실제 담당 업무 일치 정안 확정 예정 주요 항목 검토 현재 조정 검토 수당 성과급 현행 유지 성과급 검토
hb_doc_0164.txt,1,hanbit semiconductor 채용 전환 검토 기록 조직 유형 업무 검토 기록 상태 검토 진행 하반기 인력 운영 검토 현재 연봉 조정 안이 우선 최근 역할 범위 넓어지다 반영 직무 수당 별도 적용 방안 비교 직무 조정 지나치다 벌어지다 평가 등급 b 연간 성과급 수준 검토 호은 현재 의견 연봉 정안 잡다 다음 조직 이동 여부 확정 최종 반영 시점 맞추다 회차 직급 체계 자체 바꾸다 개인 역할 확대 최근 평가 결과 반영 금액 차이 크다 항목 비교 급여 반영 시점 조직 이동 대상자 직무 범위 실제 담당 업무 일치 정안 확정 예정 주요 항목 검토 현재 조정 검토 수당 성과급 현행 유지 성과급 검토
hb_doc_0158.txt,1,hanbit semiconductor 채용 전환 검토 기록 조직 유형 업무 검토 기록 상태 검토 진행 하반기 인력 운영 검토 서다 나은 현재 연봉 조정 안이 우선 최근 역할 범위 넓어지다 반영 직무 수당 별도 적용 방안 비교 직무 조정 지나치다 벌어지다 평가 등급 a 연간 성과급 수준 검토 현재 의견 연봉 정안 잡다 다음 조직 이동 여부 확정 최종 반영 시점 맞추다 회차 직급 체계 자체 바꾸다 개인 역할 확대 최근 평가 결과 반영 금액 차이 크다 항목 비교 급여 반영 시점 조직 이동 대상자 직무 범위 실제 담당 업무 일치 정안 확정 예정 주요 항목 검토 현재 조정 검토 서다 수당 성과급 현행 유지 성과급 검토
hb_doc_0155.txt,1,hanbit semiconductor 성과 반영 점검 조직 유형 업무 검토 기록 상태 검토 진행 하반기 인력 운영 검토 현재 연봉 조정 안이 우선 최근 역할 범위 넓어지다 반영 직무 수당 별도 적용 방안 비교 직무 조정 지나치다 벌어지다 비다 평가 등급 a 연간 성과급 수준 검토 현재 의견 연봉 정안 잡다 다음 조직 이동 여부 확정 최종 반영 시점 맞추다 회차 직급 체계 자체 바꾸다 개인 역할 확대 최근 평가 결과 반영 금액 차이 크다 항목 비교 급여 반영 시점 조직 이동 대상자 직무 범위 실제 담당 업무 일치 정안 확정 예정 주요 항목 검토 현재 조정 검토 수당 성과급 현행 유지 성과급 검토
hb_doc_0167.txt,1,hanbit semiconductor 성과 반영 점검 조직 유형 업무 검토 기록 상태 검토 진행 하반기 인력 운영 검토 현재 연봉 조정 안이 우선 최근 역할 범위 넓어지다 반영 직무 수당 별도 적용 방안 비교 직무 조정 지나치다 벌어지다 평가 등급 b 연간 성과급 수준 검토 앗다 현재 의견 연봉 정안 잡다 다음 조직 이동 여부 확정 최종 반영 시점 맞추다 회차 직급 체계 자체 바꾸다 개인 역할 확대 최근 평가 결과 반영 금액 차이 크다 항목 비교 급여 반영 시점 조직 이동 대상자 직무 범위 실제 담당 업무 일치 정안 확정 예정 주요 항목 검토 현재 조정 검토 수당 성과급 현행 유지 성과급 검토
hb_doc_0159.txt,1,hanbit semiconductor 성과 반영 점검 조직 유형 업무 검토 기록 상태 검토 진행 하반기 인력 운영 검토 현재 연봉 조정 안이 우선 최근 역할 범위 넓어지다 반영 직무 수당 별도 적용 방안 비교 직무 조정 지나치다 벌어지다 재의 평가 등급 a 연간 성과급 수준 검토 호은 현재 의견 재의 연봉 정안 잡다 다음 조직 이동 여부 확정 최종 반영 시점 맞추다 회차 직급 체계 자체 바꾸다 개인 역할 확대 최근 평가 결과 반영 금액 차이 크다 항목 비교 급여 반영 시점 조직 이동 대상자 직무 범위 실제 담당 업무 일치 정안 확정 예정 주요 항목 검토 현재 조정 검토 수당 성과급 현행 유지 성과급 검토
hb_doc_0169.txt,1,hanbit semiconductor 하반기 인력 운영 검토 조직 유형 업무 검토 기록 상태 검토 진행 하반기 인력 운영 검토 현재 연봉 조정 안이 우선 최근 역할 범위 넓어지다 반영 직무 수당 별도 적용 방안 비교 직무 조정 지나치다 벌어지다 지다 평가 등급 b 연간 성과급 수준 검토 현재 의견 연봉 정안 잡다 다음 조직 이동 여부 확정 최종 반영 시점 맞추다 회차 직급 체계 자체 바꾸다 개인 역할 확대 최근 평가 결과 반영 금액 차이 크다 항목 비교 급여 반영 시점 조직 이동 대상자 직무 범위 실제 담당 업무 일치 정안 확정 예정 주요 항목 검토 현재 조정 검토 수당 성과급 현행 유지 성과급 검토
hb_doc_0173.txt,1,hanbit semiconductor 직무 보상 조정 메모 조직 유형 업무 검토 기록 상태 검토 진행 하반기 인력 운영 검토 현재 연봉 조정 안이 우선 최근 역할 범위 넓어지다 반영 직무 수당 별도 적용 방안 비교 직무 조정 지나치다 벌어지다 재는 평가 등급 b 연간 성과급 수준 검토 현재 의견 연봉 정안 잡다 다음 조직 이동 여부 확정 최종 반영 시점 맞추다 회차 직급 체계 자체 바꾸다 개인 역할 확대 최근 평가 결과 반영 금액 차이 크다 항목 비교 급여 반영 시점 조직 이동 대상자 직무 범위 실제 담당 업무 일치 정안 확정 예정 주요 항목 검토 현재 조정 검토 수당 성과급 현행 유지 성과급 검토
hb_doc_0161.txt,1,hanbit semiconductor 하반기 인력 운영 검토 조직 유형 업무 검토 기록 상태 검토 진행 하반기 인력 운영 검토 현재 연봉 조정 안이 우선 최근 역할 범위 넓어지다 반영 직무 수당 별도 적용 방안 비교 직무 조정 지나치다 벌어지다 평가 등급 a 연간 성과급 수준 검토 현재 의견 연봉 정안 잡다 다음 조직 이동 여부 확정 최종 반영 시점 맞추다 회차 직급 체계 자체 바꾸다 개인 역할 확대 최근 평가 결과 반영 금액 차이 크다 항목 비교 급여 반영 시점 조직 이동 대상자 직무 범위 실제 담당 업무 일치 정안 확정 예정 주요 항목 검토 현재 조정 검토 수당 성과급 현행 유지 성과급 검토
hb_doc_0172.txt,1,hanbit semiconductor 하반기 인력 운영 검토 조직 유형 업무 검토 기록 상태 검토 진행 하반기 인력 운영 검토 현재 연봉 조정 안이 우선 최근 역할 범위 넓어지다 반영 직무 수당 별도 적용 방안 비교 직무 조정 지나치다 벌어지다 진의 평가 등급 a 연간 성과급 수준 검토 현재 의견 진의 연봉 정안 잡다 다음 조직 이동 여부 확정 최종 반영 시점 맞추다 회차 직급 체계 자체 바꾸다 개인 역할 확대 최근 평가 결과 반영 금액 차이 크다 항목 비교 급여 반영 시점 조직 이동 대상자 직무 범위 실제 담당 업무 일치 정안 확정 예정 주요 항목 검토 현재 조정 검토 수당 성과급 현행 유지 성과급 검토
hb_doc_0166.txt,1,hanbit semiconductor 직무 보상 조정 메모 조직 유형 업무 검토 기록 상태 검토 진행 하반기 인력 운영 검토 서다 나은 현재 연봉 조정 안이 우선 최근 역할 범위 넓어지다 반영 직무 수당 별도 적용 방안 비교 직무 조정 지나치다 벌어지다 수아 평가 등급 a 연간 성과급 수준 검토 현재 의견 연봉 정안 잡다 다음 조직 이동 여부 확정 최종 반영 시점 맞추다 회차 직급 체계 자체 바꾸다 개인 역할 확대 최근 평가 결과 반영 금액 차이 크다 항목 비교 급여 반영 시점 조직 이동 대상자 직무 범위 실제 담당 업무 일치 정안 확정 예정 주요 항목 검토 현재 조정 검토 서다 수당 성과급 현행 유지 성과급 검토
hb_doc_0175.txt,1,hanbit semiconductor 성과 반영 점검 조직 유형 업무 검토 기록 상태 검토 진행 하반기 인력 운영 검토 현재 연봉 조정 안이 우선 최근 역할 범위 넓어지다 반영 직무 수당 별도 적용 방안 비교 직무 조정 지나치다 벌어지다 윤는 평가 등급 b 연간 성과급 수준 검토 현재 의견 연봉 정안 잡다 다음 조직 이동 여부 확정 최종 반영 시점 맞추다 회차 직급 체계 자체 바꾸다 개인 역할 확대 최근 평가 결과 반영 금액 차이 크다 항목 비교 급여 반영 시점 조직 이동 대상자 직무 범위 실제 담당 업무 일치 정안 확정 예정 주요 항목 검토 현재 조정 검토 수당 성과급 현행 유지 성과급 검토
hb_doc_0168.txt,1,hanbit semiconductor 반기 평가 영안 조직 유형 업무 검토 기록 상태 검토 진행 하반기 인력 운영 검토 현재 연봉 조정 안이 우선 최근 역할 범위 넓어지다 반영 직무 수당 별도 적용 방안 비교 직무 조정 지나치다 벌어지다 하의 평가 등급 a 연간 성과급 수준 검토 앗다 현재 의견 하의 연봉 정안 잡다 다음 조직 이동 여부 확정 최종 반영 시점 맞추다 회차 직급 체계 자체 바꾸다 개인 역할 확대 최근 평가 결과 반영 금액 차이 크다 항목 비교 급여 반영 시점 조직 이동 대상자 직무 범위 실제 담당 업무 일치 정안 확정 예정 주요 항목 검토 현재 조정 검토 수당 성과급 현행 유지 성과급 검토
hb_doc_0170.txt,1,hanbit semiconductor 반기 평가 영안 조직 유형 업무 검토 기록 상태 검토 진행 하반기 인력 운영 검토 하은 현재 연봉 조정 안이 우선 최근 역할 범위 넓어지다 반영 직무 수당 별도 적용 방안 비교 직무 조정 지나치다 벌어지다 평가 등급 b 연간 성과급 수준 검토 현재 의견 연봉 정안 잡다 다음 조직 이동 여부 확정 최종 반영 시점 맞추다 회차 직급 체계 자체 바꾸다 개인 역할 확대 최근 평가 결과 반영 금액 차이 크다 항목 비교 급여 반영 시점 조직 이동 대상자 직무 범위 실제 담당 업무 일치 정안 확정 예정 주요 항목 검토 현재 조정 검토 수당 성과급 현행 유지 성과급 검토
hb_doc_0176.txt,1,hanbit semiconductor 직무 보상 조정 메모 조직 유형 업무 검토 기록 상태 검토 진행 하반기 인력 운영 검토 현재 연봉 조정 안이 우선 최근 역할 범위 넓어지다 반영 직무 수당 별도 적용 방안 비교 직무 조정 지나치다 벌어지다 평가 등급 b 연간 성과급 수준 검토 현재 의견 연봉 정안 잡다 다음 조직 이동 여부 확정 최종 반영 시점 맞추다 회차 직급 체계 자체 바꾸다 개인 역할 확대 최근 평가 결과 반영 금액 차이 크다 항목 비교 급여 반영 시점 조직 이동 대상자 직무 범위 실제 담당 업무 일치 정안 확정 예정 주요 항목 검토 현재 조정 검토 수당 성과급 현행 유지 성과급 검토
hb_doc_0157.txt,1,hanbit semiconductor 반기 평가 영안 조직 유형 업무 검토 기록 상태 검토 진행 하반기 인력 운영 검토 현재 연봉 조정 안이 우선 최근 역할 범위 넓어지다 반영 직무 수당 별도 적용 방안 비교 직무 조정 지나치다 벌어지다 문서연 하의 평가 등급 a 연간 성과급 수준 검토 현재 의견 하의 연봉 정안 잡다 다음 조직 이동 여부 확정 최종 반영 시점 맞추다 회차 직급 체계 자체 바꾸다 개인 역할 확대 최근 평가 결과 반영 금액 차이 크다 항목 비교 급여 반영 시점 조직 이동 대상자 직무 범위 실제 담당 업무 일치 정안 확정 예정 주요 항목 검토 현재 조정 검토 수당 성과급 현행 유지 성과급 검토
hb_doc_0162.txt,1,hanbit semiconductor 조직 이동 협의 기록 조직 유형 업무 검토 기록 상태 검토 진행 하반기 인력 운영 검토 현재 연봉 조정 안이 우선 최근 역할 범위 넓어지다 반영 직무 수당 별도 적용 방안 비교 직무 조정 지나치다 벌어지다 윤는 하의 평가 등급 b 연간 성과급 수준 검토 현재 의견 하의 연봉 정안 잡다 다음 조직 이동 여부 확정 최종 반영 시점 맞추다 회차 직급 체계 자체 바꾸다 개인 역할 확대 최근 평가 결과 반영 금액 차이 크다 항목 비교 급여 반영 시점 조직 이동 대상자 직무 범위 실제 담당 업무 일치 정안 확정 예정 주요 항목 검토 현재 조정 검토 수당 성과급 현행 유지 성과급 검토
hb_doc_0163.txt,1,hanbit semiconductor 급여 조정 회의 메모 조직 유형 업무 검토 기록 상태 검토 진행 하반기 인력 운영 검토 현재 연봉 조정 안이 우선 최근 역할 범위 넓어지다 반영 직무 수당 별도 적용 방안 비교 직무 조정 지나치다 벌어지다 평가 등급 a 연간 성과급 수준 검토 서다 나은 현재 의견 연봉 정안 잡다 다음 조직 이동 여부 확정 최종 반영 시점 맞추다 회차 직급 체계 자체 바꾸다 개인 역할 확대 최근 평가 결과 반영 금액 차이 크다 항목 비교 급여 반영 시점 조직 이동 대상자 직무 범위 실제 담당 업무 일치 정안 확정 예정 주요 항목 검토 현재 조정 검토 수당 성과급 서다 현행 유지 성과급 검토
hb_doc_0160.txt,1,hanbit semiconductor 성과 반영 점검 조직 유형 업무 검토 기록 상태 검토 진행 하반기 인력 운영 검토 영은 현재 연봉 조정 안이 우선 최근 역할 범위 넓어지다 반영 직무 수당 별도 적용 방안 비교 직무 조정 지나치다 벌어지다 평가 등급 b 연간 성과급 수준 검토 현재 의견 연봉 정안 잡다 다음 조직 이동 여부 확정 최종 반영 시점 맞추다 회차 직급 체계 자체 바꾸다 개인 역할 확대 최근 평가 결과 반영 금액 차이 크다 항목 비교 급여 반영 시점 조직 이동 대상자 직무 범위 실제 담당 업무 일치 정안 확정 예정 주요 항목 검토 현재 조정 검토 수당 성과급 현행 유지 성과급 검토
hb_doc_0177.txt,1,hanbit semiconductor 조직 이동 협의 기록 조직 유형 업무 검토 기록 상태 검토 진행 하반기 인력 운영 검토 현재 연봉 조정 안이 우선 최근 역할 범위 넓어지다 반영 직무 수당 별도 적용 방안 비교 직무 조정 지나치다 벌어지다 혁는 평가 등급 a 연간 성과급 수준 검토 현재 의견 연봉 정안 잡다 다음 조직 이동 여부 확정 최종 반영 시점 맞추다 회차 직급 체계 자체 바꾸다 개인 역할 확대 최근 평가 결과 반영 금액 차이 크다 항목 비교 급여 반영 시점 조직 이동 대상자 직무 범위 실제 담당 업무 일치 정안 확정 예정 주요 항목 검토 현재 조정 검토 수당 성과급 현행 유지 성과급 검토
hb_doc_0171.txt,1,hanbit semiconductor 채용 전환 검토 기록 조직 유형 업무 검토 기록 상태 검토 진행 하반기 인력 운영 검토 현재 연봉 조정 안이 우선 최근 역할 범위 넓어지다 반영 직무 수당 별도 적용 방안 비교 직무 조정 지나치다 벌어지다 윤는 평가 등급 a 연간 성과급 수준 검토 현재 의견 연봉 정안 잡다 다음 조직 이동 여부 확정 최종 반영 시점 맞추다 회차 직급 체계 자체 바꾸다 개인 역할 확대 최근 평가 결과 반영 금액 차이 크다 항목 비교 급여 반영 시점 조직 이동 대상자 직무 범위 실제 담당 업무 일치 정안 확정 예정 주요 항목 검토 현재 조정 검토 수당 성과급 현행 유지 성과급 검토
hb_doc_0154.txt,1,hanbit semiconductor 급여 조정 회의 메모 조직 유형 업무 검토 기록 상태 검토 진행 하반기 인력 운영 검토 현재 연봉 조정 안이 우선 최근 역할 범위 넓어지다 반영 직무 수당 별도 적용 방안 비교 직무 조정 지나치다 벌어지다 문서연 평가 등급 b 연간 성과급 수준 검토 현재 의견 연봉 정안 잡다 다음 조직 이동 여부 확정 최종 반영 시점 맞추다 회차 직급 체계 자체 바꾸다 개인 역할 확대 최근 평가 결과 반영 금액 차이 크다 항목 비교 급여 반영 시점 조직 이동 대상자 직무 범위 실제 담당 업무 일치 정안 확정 예정 주요 항목 검토 현재 조정 검토 수당 성과급 현행 유지 성과급 검토
hb_doc_0152.txt,1,hanbit semiconductor 채용 전환 검토 기록 조직 유형 업무 검토 기록 상태 검토 진행 하반기 인력 운영 검토 현재 연봉 조정 안이 우선 최근 역할 범위 넓어지다 반영 직무 수당 별도 적용 방안 비교 직무 조정 지나치다 벌어지다 평가 등급 b 연간 성과급 수준 검토 현재 의견 연봉 정안 잡다 다음 조직 이동 여부 확정 최종 반영 시점 맞추다 회차 직급 체계 자체 바꾸다 개인 역할 확대 최근 평가 결과 반영 금액 차이 크다 항목 비교 급여 반영 시점 조직 이동 대상자 직무 범위 실제 담당 업무 일치 정안 확정 예정 주요 항목 검토 현재 조정 검토 수당 성과급 현행 유지 성과급 검토
hb_doc_0174.txt,1,hanbit semiconductor 반기 평가 영안 조직 유형 업무 검토 기록 상태 검토 진행 하반기 인력 운영 검토 현재 연봉 조정 안이 우선 최근 역할 범위 넓어지다 반영 직무 수당 별도 적용 방안 비교 직무 조정 지나치다 벌어지다 평가 등급 a 연간 성과급 수준 검토 현재 의견 연봉 정안 잡다 다음 조직 이동 여부 확정 최종 반영 시점 맞추다 회차 직급 체계 자체 바꾸다 개인 역할 확대 최근 평가 결과 반영 금액 차이 크다 항목 비교 급여 반영 시점 조직 이동 대상자 직무 범위 실제 담당 업무 일치 정안 확정 예정 주요 항목 검토 현재 조정 검토 수당 성과급 현행 유지 성과급 검토
hb_doc_0151.txt,1,hanbit semiconductor 직무 보상 조정 메모 조직 유형 업무 검토 기록 상태 검토 진행 하반기 인력 운영 검토 하은 현재 연봉 조정 안이 우선 최근 역할 범위 넓어지다 반영 직무 수당 별도 적용 방안 비교 직무 조정 지나치다 벌어지다 서다 평가 등급 a 연간 성과급 수준 검토 현재 의견 서다 연봉 정안 잡다 다음 조직 이동 여부 확정 최종 반영 시점 맞추다 회차 직급 체계 자체 바꾸다 개인 역할 확대 최근 평가 결과 반영 금액 차이 크다 항목 비교 급여 반영 시점 조직 이동 대상자 직무 범위 실제 담당 업무 일치 정안 확정 예정 주요 항목 검토 현재 조정 검토 수당 서다 성과급 현행 유지 성과급 검토
hb_doc_0194.txt,1,hanbit semiconductor 하반기 인력 운영 검토 조직 유형 업무 검토 기록 상태 검토 진행 하반기 인력 운영 검토 현재 연봉 조정 안이 우선 최근 역할 범위 넓어지다 반영 직무 수당 별도 적용 방안 비교 직무 조정 지나치다 벌어지다 문서연 진의 평가 등급 a 연간 성과급 수준 검토 현재 의견 진의 연봉 정안 잡다 다음 조직 이동 여부 확정 최종 반영 시점 맞추다 회차 직급 체계 자체 바꾸다 개인 역할 확대 최근 평가 결과 반영 금액 차이 크다 항목 비교 급여 반영 시점 조직 이동 대상자 직무 범위 실제 담당 업무 일치 정안 확정 예정 주요 항목 검토 현재 조정 검토 수당 성과급 현행 유지 성과급 검토
hb_doc_0193.txt,1,hanbit semiconductor 반기 평가 영안 조직 유형 업무 검토 기록 상태 검토 진행 하반기 인력 운영 검토 앗다 현재 연봉 조정 안이 우선 최근 역할 범위 넓어지다 반영 직무 수당 별도 적용 방안 비교 직무 조정 지나치다 벌어지다 평가 등급 b 연간 성과급 수준 검토 서다 나은 현재 의견 연봉 정안 잡다 다음 조직 이동 여부 확정 최종 반영 시점 맞추다 회차 직급 체계 자체 바꾸다 개인 역할 확대 최근 평가 결과 반영 금액 차이 크다 항목 비교 급여 반영 시점 조직 이동 대상자 직무 범위 실제 담당 업무 일치 정안 확정 예정 주요 항목 검토 현재 조정 검토 수당 성과급 서다 현행 유지 성과급 검토
hb_doc_0213.txt,1,hanbit semiconductor 직무 보상 조정 메모 조직 유형 업무 검토 기록 상태 검토 진행 하반기 인력 운영 검토 현재 연봉 조정 안이 우선 최근 역할 범위 넓어지다 반영 직무 수당 별도 적용 방안 비교 직무 조정 지나치다 벌어지다 평가 등급 a 연간 성과급 수준 검토 서다 나은 현재 의견 연봉 정안 잡다 다음 조직 이동 여부 확정 최종 반영 시점 맞추다 회차 직급 체계 자체 바꾸다 개인 역할 확대 최근 평가 결과 반영 금액 차이 크다 항목 비교 급여 반영 시점 조직 이동 대상자 직무 범위 실제 담당 업무 일치 정안 확정 예정 주요 항목 검토 현재 조정 검토 수당 성과급 서다 현행 유지 성과급 검토
hb_doc_0180.txt,1,hanbit semiconductor 직무 보상 조정 메모 조직 유형 업무 검토 기록 상태 검토 진행 하반기 인력 운영 검토 앗다 현재 연봉 조정 안이 우선 최근 역할 범위 넓어지다 반영 직무 수당 별도 적용 방안 비교 직무 조정 지나치다 벌어지다 윤는 평가 등급 a 연간 성과급 수준 검토 현재 의견 연봉 정안 잡다 다음 조직 이동 여부 확정 최종 반영 시점 맞추다 회차 직급 체계 자체 바꾸다 개인 역할 확대 최근 평가 결과 반영 금액 차이 크다 항목 비교 급여 반영 시점 조직 이동 대상자 직무 범위 실제 담당 업무 일치 정안 확정 예정 주요 항목 검토 현재 조정 검토 수당 성과급 현행 유지 성과급 검토
hb_doc_0179.txt,1,hanbit semiconductor 반기 평가 영안 조직 유형 업무 검토 기록 상태 검토 진행 하반기 인력 운영 검토 하은 현재 연봉 조정 안이 우선 최근 역할 범위 넓어지다 반영 직무 수당 별도 적용 방안 비교 직무 조정 지나치다 벌어지다 평가 등급 a 연간 성과급 수준 검토 서다 나은 현재 의견 연봉 정안 잡다 다음 조직 이동 여부 확정 최종 반영 시점 맞추다 회차 직급 체계 자체 바꾸다 개인 역할 확대 최근 평가 결과 반영 금액 차이 크다 항목 비교 급여 반영 시점 조직 이동 대상자 직무 범위 실제 담당 업무 일치 정안 확정 예정 주요 항목 검토 현재 조정 검토 수당 성과급 서다 현행 유지 성과급 검토
hb_doc_0197.txt,1,hanbit semiconductor 반기 평가 영안 조직 유형 업무 검토 기록 상태 검토 진행 하반기 인력 운영 검토 호은 현재 연봉 조정 안이 우선 최근 역할 범위 넓어지다 반영 직무 수당 별도 적용 방안 비교 직무 조정 지나치다 벌어지다 윤는 하의 평가 등급 b 연간 성과급 수준 검토 서다 나은 현재 의견 하의 연봉 정안 잡다 다음 조직 이동 여부 확정 최종 반영 시점 맞추다 회차 직급 체계 자체 바꾸다 개인 역할 확대 최근 평가 결과 반영 금액 차이 크다 항목 비교 급여 반영 시점 조직 이동 대상자 직무 범위 실제 담당 업무 일치 정안 확정 예정 주요 항목 검토 현재 조정 검토 수당 성과급 서다 현행 유지 성과급 검토
hb_doc_0192.txt,1,hanbit semiconductor 직무 보상 조정 메모 조직 유형 업무 검토 기록 상태 검토 진행 하반기 인력 운영 검토 현재 연봉 조정 안이 우선 최근 역할 범위 넓어지다 반영 직무 수당 별도 적용 방안 비교 직무 조정 지나치다 벌어지다 진의 평가 등급 a 연간 성과급 수준 검토 현재 의견 진의 연봉 정안 잡다 다음 조직 이동 여부 확정 최종 반영 시점 맞추다 회차 직급 체계 자체 바꾸다 개인 역할 확대 최근 평가 결과 반영 금액 차이 크다 항목 비교 급여 반영 시점 조직 이동 대상자 직무 범위 실제 담당 업무 일치 정안 확정 예정 주요 항목 검토 현재 조정 검토 수당 성과급 현행 유지 성과급 검토
hb_doc_0204.txt,1,hanbit semiconductor 조직 이동 협의 기록 조직 유형 업무 검토 기록 상태 검토 진행 하반기 인력 운영 검토 현재 연봉 조정 안이 우선 최근 역할 범위 넓어지다 반영 직무 수당 별도 적용 방안 비교 직무 조정 지나치다 벌어지다 평가 등급 a 연간 성과급 수준 검토 현재 의견 연봉 정안 잡다 다음 조직 이동 여부 확정 최종 반영 시점 맞추다 회차 직급 체계 자체 바꾸다 개인 역할 확대 최근 평가 결과 반영 금액 차이 크다 항목 비교 급여 반영 시점 조직 이동 대상자 직무 범위 실제 담당 업무 일치 정안 확정 예정 주요 항목 검토 현재 조정 검토 수당 성과급 현행 유지 성과급 검토
hb_doc_0188.txt,1,hanbit semiconductor 직무 보상 조정 메모 조직 유형 업무 검토 기록 상태 검토 진행 하반기 인력 운영 검토 앗다 현재 연봉 조정 안이 우선 최근 역할 범위 넓어지다 반영 직무 수당 별도 적용 방안 비교 직무 조정 지나치다 벌어지다 평가 등급 b 연간 성과급 수준 검토 현재 의견 연봉 정안 잡다 다음 조직 이동 여부 확정 최종 반영 시점 맞추다 회차 직급 체계 자체 바꾸다 개인 역할 확대 최근 평가 결과 반영 금액 차이 크다 항목 비교 급여 반영 시점 조직 이동 대상자 직무 범위 실제 담당 업무 일치 정안 확정 예정 주요 항목 검토 현재 조정 검토 수당 성과급 현행 유지 성과급 검토
hb_doc_0184.txt,1,hanbit semiconductor 성과 반영 점검 조직 유형 업무 검토 기록 상태 검토 진행 하반기 인력 운영 검토 현재 연봉 조정 안이 우선 최근 역할 범위 넓어지다 반영 직무 수당 별도 적용 방안 비교 직무 조정 지나치다 벌어지다 진의 평가 등급 a 연간 성과급 수준 검토 재다 현재 의견 진의 연봉 정안 잡다 다음 조직 이동 여부 확정 최종 반영 시점 맞추다 회차 직급 체계 자체 바꾸다 개인 역할 확대 최근 평가 결과 반영 금액 차이 크다 항목 비교 급여 반영 시점 조직 이동 대상자 직무 범위 실제 담당 업무 일치 정안 확정 예정 주요 항목 검토 현재 조정 검토 수당 성과급 현행 유지 성과급 검토
hb_doc_0198.txt,1,hanbit semiconductor 성과 반영 점검 조직 유형 업무 검토 기록 상태 검토 진행 하반기 인력 운영 검토 현재 연봉 조정 안이 우선 최근 역할 범위 넓어지다 반영 직무 수당 별도 적용 방안 비교 직무 조정 지나치다 벌어지다 안다 평가 등급 b 연간 성과급 수준 검토 현재 의견 연봉 정안 잡다 다음 조직 이동 여부 확정 최종 반영 시점 맞추다 회차 직급 체계 자체 바꾸다 개인 역할 확대 최근 평가 결과 반영 금액 차이 크다 항목 비교 급여 반영 시점 조직 이동 대상자 직무 범위 실제 담당 업무 일치 정안 확정 예정 주요 항목 검토 현재 조정 검토 수당 성과급 현행 유지 성과급 검토
hb_doc_0212.txt,1,hanbit semiconductor 인력 배치 처우 검토 조직 유형 업무 검토 기록 상태 검토 진행 하반기 인력 운영 검토 현재 연봉 조정 안이 우선 최근 역할 범위 넓어지다 반영 직무 수당 별도 적용 방안 비교 직무 조정 지나치다 벌어지다 평가 등급 b 연간 성과급 수준 검토 현재 의견 연봉 정안 잡다 다음 조직 이동 여부 확정 최종 반영 시점 맞추다 회차 직급 체계 자체 바꾸다 개인 역할 확대 최근 평가 결과 반영 금액 차이 크다 항목 비교 급여 반영 시점 조직 이동 대상자 직무 범위 실제 담당 업무 일치 정안 확정 예정 주요 항목 검토 현재 조정 검토 수당 성과급 현행 유지 성과급 검토
hb_doc_0214.txt,1,hanbit semiconductor 성과 반영 점검 조직 유형 업무 검토 기록 상태 검토 진행 하반기 인력 운영 검토 현재 연봉 조정 안이 우선 최근 역할 범위 넓어지다 반영 직무 수당 별도 적용 방안 비교 직무 조정 지나치다 벌어지다 평가 등급 a 연간 성과급 수준 검토 현재 의견 연봉 정안 잡다 다음 조직 이동 여부 확정 최종 반영 시점 맞추다 회차 직급 체계 자체 바꾸다 개인 역할 확대 최근 평가 결과 반영 금액 차이 크다 항목 비교 급여 반영 시점 조직 이동 대상자 직무 범위 실제 담당 업무 일치 정안 확정 예정 주요 항목 검토 현재 조정 검토 수당 성과급 현행 유지 성과급 검토
hb_doc_0190.txt,1,hanbit semiconductor 인력 배치 처우 검토 조직 유형 업무 검토 기록 상태 검토 진행 하반기 인력 운영 검토 재다 현재 연봉 조정 안이 우선 최근 역할 범위 넓어지다 반영 직무 수당 별도 적용 방안 비교 직무 조정 지나치다 벌어지다 평가 등급 a 연간 성과급 수준 검토 현재 의견 연봉 정안 잡다 다음 조직 이동 여부 확정 최종 반영 시점 맞추다 회차 직급 체계 자체 바꾸다 개인 역할 확대 최근 평가 결과 반영 금액 차이 크다 항목 비교 급여 반영 시점 조직 이동 대상자 직무 범위 실제 담당 업무 일치 정안 확정 예정 주요 항목 검토 현재 조정 검토 수당 성과급 현행 유지 성과급 검토
hb_doc_0202.txt,1,hanbit semiconductor 채용 전환 검토 기록 조직 유형 업무 검토 기록 상태 검토 진행 하반기 인력 운영 검토 현재 연봉 조정 안이 우선 최근 역할 범위 넓어지다 반영 직무 수당 별도 적용 방안 비교 직무 조정 지나치다 벌어지다 하의 평가 등급 a 연간 성과급 수준 검토 현재 의견 하의 연봉 정안 잡다 다음 조직 이동 여부 확정 최종 반영 시점 맞추다 회차 직급 체계 자체 바꾸다 개인 역할 확대 최근 평가 결과 반영 금액 차이 크다 항목 비교 급여 반영 시점 조직 이동 대상자 직무 범위 실제 담당 업무 일치 정안 확정 예정 주요 항목 검토 현재 조정 검토 수당 성과급 현행 유지 성과급 검토
hb_doc_0206.txt,1,hanbit semiconductor 급여 조정 회의 메모 조직 유형 업무 검토 기록 상태 검토 진행 하반기 인력 운영 검토 하은 현재 연봉 조정 안이 우선 최근 역할 범위 넓어지다 반영 직무 수당 별도 적용 방안 비교 직무 조정 지나치다 벌어지다 평가 등급 a 연간 성과급 수준 검토 현재 의견 연봉 정안 잡다 다음 조직 이동 여부 확정 최종 반영 시점 맞추다 회차 직급 체계 자체 바꾸다 개인 역할 확대 최근 평가 결과 반영 금액 차이 크다 항목 비교 급여 반영 시점 조직 이동 대상자 직무 범위 실제 담당 업무 일치 정안 확정 예정 주요 항목 검토 현재 조정 검토 수당 성과급 현행 유지 성과급 검토
hb_doc_0211.txt,1,hanbit semiconductor 조직 이동 협의 기록 조직 유형 업무 검토 기록 상태 검토 진행 하반기 인력 운영 검토 현재 연봉 조정 안이 우선 최근 역할 범위 넓어지다 반영 직무 수당 별도 적용 방안 비교 직무 조정 지나치다 벌어지다 평가 등급 a 연간 성과급 수준 검토 서다 나은 현재 의견 연봉 정안 잡다 다음 조직 이동 여부 확정 최종 반영 시점 맞추다 회차 직급 체계 자체 바꾸다 개인 역할 확대 최근 평가 결과 반영 금액 차이 크다 항목 비교 급여 반영 시점 조직 이동 대상자 직무 범위 실제 담당 업무 일치 정안 확정 예정 주요 항목 검토 현재 조정 검토 수당 성과급 서다 현행 유지 성과급 검토
hb_doc_0209.txt,1,hanbit semiconductor 급여 조정 회의 메모 조직 유형 업무 검토 기록 상태 검토 진행 하반기 인력 운영 검토 하은 현재 연봉 조정 안이 우선 최근 역할 범위 넓어지다 반영 직무 수당 별도 적용 방안 비교 직무 조정 지나치다 벌어지다 혁는 평가 등급 a 연간 성과급 수준 검토 현재 의견 연봉 정안 잡다 다음 조직 이동 여부 확정 최종 반영 시점 맞추다 회차 직급 체계 자체 바꾸다 개인 역할 확대 최근 평가 결과 반영 금액 차이 크다 항목 비교 급여 반영 시점 조직 이동 대상자 직무 범위 실제 담당 업무 일치 정안 확정 예정 주요 항목 검토 현재 조정 검토 수당 성과급 현행 유지 성과급 검토
hb_doc_0191.txt,1,hanbit semiconductor 급여 조정 회의 메모 조직 유형 업무 검토 기록 상태 검토 진행 하반기 인력 운영 검토 앗다 현재 연봉 조정 안이 우선 최근 역할 범위 넓어지다 반영 직무 수당 별도 적용 방안 비교 직무 조정 지나치다 벌어지다 혁는 평가 등급 b 연간 성과급 수준 검토 현재 의견 연봉 정안 잡다 다음 조직 이동 여부 확정 최종 반영 시점 맞추다 회차 직급 체계 자체 바꾸다 개인 역할 확대 최근 평가 결과 반영 금액 차이 크다 항목 비교 급여 반영 시점 조직 이동 대상자 직무 범위 실제 담당 업무 일치 정안 확정 예정 주요 항목 검토 현재 조정 검토 수당 성과급 현행 유지 성과급 검토
hb_doc_0178.txt,1,hanbit semiconductor 인력 배치 처우 검토 조직 유형 업무 검토 기록 상태 검토 진행 하반기 인력 운영 검토 현재 연봉 조정 안이 우선 최근 역할 범위 넓어지다 반영 직무 수당 별도 적용 방안 비교 직무 조정 지나치다 벌어지다 평가 등급 a 연간 성과급 수준 검토 현재 의견 연봉 정안 잡다 다음 조직 이동 여부 확정 최종 반영 시점 맞추다 회차 직급 체계 자체 바꾸다 개인 역할 확대 최근 평가 결과 반영 금액 차이 크다 항목 비교 급여 반영 시점 조직 이동 대상자 직무 범위 실제 담당 업무 일치 정안 확정 예정 주요 항목 검토 현재 조정 검토 수당 성과급 현행 유지 성과급 검토
hb_doc_0187.txt,1,hanbit semiconductor 조직 이동 협의 기록 조직 유형 업무 검토 기록 상태 검토 진행 하반기 인력 운영 검토 현재 연봉 조정 안이 우선 최근 역할 범위 넓어지다 반영 직무 수당 별도 적용 방안 비교 직무 조정 지나치다 벌어지다 훈는 평가 등급 a 연간 성과급 수준 검토 현재 의견 연봉 정안 잡다 다음 조직 이동 여부 확정 최종 반영 시점 맞추다 회차 직급 체계 자체 바꾸다 개인 역할 확대 최근 평가 결과 반영 금액 차이 크다 항목 비교 급여 반영 시점 조직 이동 대상자 직무 범위 실제 담당 업무 일치 정안 확정 예정 주요 항목 검토 현재 조정 검토 수당 성과급 현행 유지 성과급 검토
hb_doc_0200.txt,1,hanbit semiconductor 하반기 인력 운영 검토 조직 유형 업무 검토 기록 상태 검토 진행 하반기 인력 운영 검토 현재 연봉 조정 안이 우선 최근 역할 범위 넓어지다 반영 직무 수당 별도 적용 방안 비교 직무 조정 지나치다 벌어지다 지다 재의 평가 등급 b 연간 성과급 수준 검토 하은 현재 의견 재의 연봉 정안 잡다 다음 조직 이동 여부 확정 최종 반영 시점 맞추다 회차 직급 체계 자체 바꾸다 개인 역할 확대 최근 평가 결과 반영 금액 차이 크다 항목 비교 급여 반영 시점 조직 이동 대상자 직무 범위 실제 담당 업무 일치 정안 확정 예정 주요 항목 검토 현재 조정 검토 수당 성과급 현행 유지 성과급 검토
hb_doc_0195.txt,1,hanbit semiconductor 급여 조정 회의 메모 조직 유형 업무 검토 기록 상태 검토 진행 하반기 인력 운영 검토 현재 연봉 조정 안이 우선 최근 역할 범위 넓어지다 반영 직무 수당 별도 적용 방안 비교 직무 조정 지나치다 벌어지다 호의 평가 등급 b 연간 성과급 수준 검토 현재 의견 호의 연봉 정안 잡다 다음 조직 이동 여부 확정 최종 반영 시점 맞추다 회차 직급 체계 자체 바꾸다 개인 역할 확대 최근 평가 결과 반영 금액 차이 크다 항목 비교 급여 반영 시점 조직 이동 대상자 직무 범위 실제 담당 업무 일치 정안 확정 예정 주요 항목 검토 현재 조정 검토 수당 성과급 현행 유지 성과급 검토
hb_doc_0205.txt,1,hanbit semiconductor 성과 반영 점검 조직 유형 업무 검토 기록 상태 검토 진행 하반기 인력 운영 검토 현재 연봉 조정 안이 우선 최근 역할 범위 넓어지다 반영 직무 수당 별도 적용 방안 비교 직무 조정 지나치다 벌어지다 평가 등급 b 연간 성과급 수준 검토 현재 의견 연봉 정안 잡다 다음 조직 이동 여부 확정 최종 반영 시점 맞추다 회차 직급 체계 자체 바꾸다 개인 역할 확대 최근 평가 결과 반영 금액 차이 크다 항목 비교 급여 반영 시점 조직 이동 대상자 직무 범위 실제 담당 업무 일치 정안 확정 예정 주요 항목 검토 현재 조정 검토 수당 성과급 현행 유지 성과급 검토
hb_doc_0185.txt,1,hanbit semiconductor 급여 조정 회의 메모 조직 유형 업무 검토 기록 상태 검토 진행 하반기 인력 운영 검토 현재 연봉 조정 안이 우선 최근 역할 범위 넓어지다 반영 직무 수당 별도 적용 방안 비교 직무 조정 지나치다 벌어지다 윤는 평가 등급 a 연간 성과급 수준 검토 현재 의견 연봉 정안 잡다 다음 조직 이동 여부 확정 최종 반영 시점 맞추다 회차 직급 체계 자체 바꾸다 개인 역할 확대 최근 평가 결과 반영 금액 차이 크다 항목 비교 급여 반영 시점 조직 이동 대상자 직무 범위 실제 담당 업무 일치 정안 확정 예정 주요 항목 검토 현재 조정 검토 수당 성과급 현행 유지 성과급 검토
hb_doc_0208.txt,1,hanbit semiconductor 반기 평가 영안 조직 유형 업무 검토 기록 상태 검토 진행 하반기 인력 운영 검토 현재 연봉 조정 안이 우선 최근 역할 범위 넓어지다 반영 직무 수당 별도 적용 방안 비교 직무 조정 지나치다 벌어지다 평가 등급 b 연간 성과급 수준 검토 현재 의견 연봉 정안 잡다 다음 조직 이동 여부 확정 최종 반영 시점 맞추다 회차 직급 체계 자체 바꾸다 개인 역할 확대 최근 평가 결과 반영 금액 차이 크다 항목 비교 급여 반영 시점 조직 이동 대상자 직무 범위 실제 담당 업무 일치 정안 확정 예정 주요 항목 검토 현재 조정 검토 수당 성과급 현행 유지 성과급 검토
hb_doc_0189.txt,1,hanbit semiconductor 성과 반영 점검 조직 유형 업무 검토 기록 상태 검토 진행 하반기 인력 운영 검토 앗다 현재 연봉 조정 안이 우선 최근 역할 범위 넓어지다 반영 직무 수당 별도 적용 방안 비교 직무 조정 지나치다 벌어지다 평가 등급 a 연간 성과급 수준 검토 현재 의견 연봉 정안 잡다 다음 조직 이동 여부 확정 최종 반영 시점 맞추다 회차 직급 체계 자체 바꾸다 개인 역할 확대 최근 평가 결과 반영 금액 차이 크다 항목 비교 급여 반영 시점 조직 이동 대상자 직무 범위 실제 담당 업무 일치 정안 확정 예정 주요 항목 검토 현재 조정 검토 수당 성과급 현행 유지 성과급 검토
hb_doc_0181.txt,1,hanbit semiconductor 직무 보상 조정 메모 조직 유형 업무 검토 기록 상태 검토 진행 하반기 인력 운영 검토 현재 연봉 조정 안이 우선 최근 역할 범위 넓어지다 반영 직무 수당 별도 적용 방안 비교 직무 조정 지나치다 벌어지다 재의 평가 등급 b 연간 성과급 수준 검토 현재 의견 재의 연봉 정안 잡다 다음 조직 이동 여부 확정 최종 반영 시점 맞추다 회차 직급 체계 자체 바꾸다 개인 역할 확대 최근 평가 결과 반영 금액 차이 크다 항목 비교 급여 반영 시점 조직 이동 대상자 직무 범위 실제 담당 업무 일치 정안 확정 예정 주요 항목 검토 현재 조정 검토 수당 성과급 현행 유지 성과급 검토
hb_doc_0182.txt,1,hanbit semiconductor 성과 반영 점검 조직 유형 업무 검토 기록 상태 검토 진행 하반기 인력 운영 검토 현재 연봉 조정 안이 우선 최근 역할 범위 넓어지다 반영 직무 수당 별도 적용 방안 비교 직무 조정 지나치다 벌어지다 서다 평가 등급 b 연간 성과급 수준 검토 현재 의견 연봉 정안 잡다 다음 조직 이동 여부 확정 최종 반영 시점 맞추다 회차 직급 체계 자체 바꾸다 개인 역할 확대 최근 평가 결과 반영 금액 차이 크다 항목 비교 급여 반영 시점 조직 이동 대상자 직무 범위 실제 담당 업무 일치 정안 확정 예정 주요 항목 검토 현재 조정 검토 수당 성과급 현행 유지 성과급 검토
hb_doc_0201.txt,1,hanbit semiconductor 조직 이동 협의 기록 조직 유형 업무 검토 기록 상태 검토 진행 하반기 인력 운영 검토 현재 연봉 조정 안이 우선 최근 역할 범위 넓어지다 반영 직무 수당 별도 적용 방안 비교 직무 조정 지나치다 벌어지다 안다 평가 등급 a 연간 성과급 수준 검토 현재 의견 연봉 정안 잡다 다음 조직 이동 여부 확정 최종 반영 시점 맞추다 회차 직급 체계 자체 바꾸다 개인 역할 확대 최근 평가 결과 반영 금액 차이 크다 항목 비교 급여 반영 시점 조직 이동 대상자 직무 범위 실제 담당 업무 일치 정안 확정 예정 주요 항목 검토 현재 조정 검토 수당 성과급 현행 유지 성과급 검토
hb_doc_0210.txt,1,hanbit semiconductor 조직 이동 협의 기록 조직 유형 업무 검토 기록 상태 검토 진행 하반기 인력 운영 검토 현재 연봉 조정 안이 우선 최근 역할 범위 넓어지다 반영 직무 수당 별도 적용 방안 비교 직무 조정 지나치다 벌어지다 배하 평가 등급 a 연간 성과급 수준 검토 현재 의견 연봉 정안 잡다 다음 조직 이동 여부 확정 최종 반영 시점 맞추다 회차 직급 체계 자체 바꾸다 개인 역할 확대 최근 평가 결과 반영 금액 차이 크다 항목 비교 급여 반영 시점 조직 이동 대상자 직무 범위 실제 담당 업무 일치 정안 확정 예정 주요 항목 검토 현재 조정 검토 수당 성과급 현행 유지 성과급 검토
hb_doc_0203.txt,1,hanbit semiconductor 조직 이동 협의 기록 조직 유형 업무 검토 기록 상태 검토 진행 하반기 인력 운영 검토 현재 연봉 조정 안이 우선 최근 역할 범위 넓어지다 반영 직무 수당 별도 적용 방안 비교 직무 조정 지나치다 벌어지다 훈는 평가 등급 a 연간 성과급 수준 검토 영은 현재 의견 연봉 정안 잡다 다음 조직 이동 여부 확정 최종 반영 시점 맞추다 회차 직급 체계 자체 바꾸다 개인 역할 확대 최근 평가 결과 반영 금액 차이 크다 항목 비교 급여 반영 시점 조직 이동 대상자 직무 범위 실제 담당 업무 일치 정안 확정 예정 주요 항목 검토 현재 조정 검토 수당 성과급 현행 유지 성과급 검토
hb_doc_0223.txt,1,hanbit semiconductor 인력 배치 처우 검토 조직 유형 업무 검토 기록 상태 검토 진행 하반기 인력 운영 검토 현재 연봉 조정 안이 우선 최근 역할 범위 넓어지다 반영 직무 수당 별도 적용 방안 비교 직무 조정 지나치다 벌어지다 재는 평가 등급 b 연간 성과급 수준 검토 현재 의견 연봉 정안 잡다 다음 조직 이동 여부 확정 최종 반영 시점 맞추다 회차 직급 체계 자체 바꾸다 개인 역할 확대 최근 평가 결과 반영 금액 차이 크다 항목 비교 급여 반영 시점 조직 이동 대상자 직무 범위 실제 담당 업무 일치 정안 확정 예정 주요 항목 검토 현재 조정 검토 수당 성과급 현행 유지 성과급 검토
hb_doc_0219.txt,1,hanbit semiconductor 채용 전환 검토 기록 조직 유형 업무 검토 기록 상태 검토 진행 하반기 인력 운영 검토 현재 연봉 조정 안이 우선 최근 역할 범위 넓어지다 반영 직무 수당 별도 적용 방안 비교 직무 조정 지나치다 벌어지다 비다 평가 등급 b 연간 성과급 수준 검토 현재 의견 연봉 정안 잡다 다음 조직 이동 여부 확정 최종 반영 시점 맞추다 회차 직급 체계 자체 바꾸다 개인 역할 확대 최근 평가 결과 반영 금액 차이 크다 항목 비교 급여 반영 시점 조직 이동 대상자 직무 범위 실제 담당 업무 일치 정안 확정 예정 주요 항목 검토 현재 조정 검토 수당 성과급 현행 유지 성과급 검토
hb_doc_0243.txt,1,hanbit semiconductor 하반기 인력 운영 검토 조직 유형 업무 검토 기록 상태 검토 진행 하반기 인력 운영 검토 호은 현재 연봉 조정 안이 우선 최근 역할 범위 넓어지다 반영 직무 수당 별도 적용 방안 비교 직무 조정 지나치다 벌어지다 훈는 평가 등급 a 연간 성과급 수준 검토 현재 의견 연봉 정안 잡다 다음 조직 이동 여부 확정 최종 반영 시점 맞추다 회차 직급 체계 자체 바꾸다 개인 역할 확대 최근 평가 결과 반영 금액 차이 크다 항목 비교 급여 반영 시점 조직 이동 대상자 직무 범위 실제 담당 업무 일치 정안 확정 예정 주요 항목 검토 현재 조정 검토 수당 성과급 현행 유지 성과급 검토
hb_doc_0246.txt,1,hanbit semiconductor 조직 이동 협의 기록 조직 유형 업무 검토 기록 상태 검토 진행 하반기 인력 운영 검토 현재 연봉 조정 안이 우선 최근 역할 범위 넓어지다 반영 직무 수당 별도 적용 방안 비교 직무 조정 지나치다 벌어지다 윤는 평가 등급 b 연간 성과급 수준 검토 현재 의견 연봉 정안 잡다 다음 조직 이동 여부 확정 최종 반영 시점 맞추다 회차 직급 체계 자체 바꾸다 개인 역할 확대 최근 평가 결과 반영 금액 차이 크다 항목 비교 급여 반영 시점 조직 이동 대상자 직무 범위 실제 담당 업무 일치 정안 확정 예정 주요 항목 검토 현재 조정 검토 수당 성과급 현행 유지 성과급 검토
hb_doc_0225.txt,1,hanbit semiconductor 반기 평가 영안 조직 유형 업무 검토 기록 상태 검토 진행 하반기 인력 운영 검토 현재 연봉 조정 안이 우선 최근 역할 범위 넓어지다 반영 직무 수당 별도 적용 방안 비교 직무 조정 지나치다 벌어지다 평가 등급 b 연간 성과급 수준 검토 재다 현재 의견 연봉 정안 잡다 다음 조직 이동 여부 확정 최종 반영 시점 맞추다 회차 직급 체계 자체 바꾸다 개인 역할 확대 최근 평가 결과 반영 금액 차이 크다 항목 비교 급여 반영 시점 조직 이동 대상자 직무 범위 실제 담당 업무 일치 정안 확정 예정 주요 항목 검토 현재 조정 검토 수당 성과급 현행 유지 성과급 검토
hb_doc_0244.txt,1,hanbit semiconductor 하반기 인력 운영 검토 조직 유형 업무 검토 기록 상태 검토 진행 하반기 인력 운영 검토 현재 연봉 조정 안이 우선 최근 역할 범위 넓어지다 반영 직무 수당 별도 적용 방안 비교 직무 조정 지나치다 벌어지다 혁는 평가 등급 a 연간 성과급 수준 검토 현재 의견 연봉 정안 잡다 다음 조직 이동 여부 확정 최종 반영 시점 맞추다 회차 직급 체계 자체 바꾸다 개인 역할 확대 최근 평가 결과 반영 금액 차이 크다 항목 비교 급여 반영 시점 조직 이동 대상자 직무 범위 실제 담당 업무 일치 정안 확정 예정 주요 항목 검토 현재 조정 검토 수당 성과급 현행 유지 성과급 검토
hb_doc_0239.txt,1,hanbit semiconductor 조직 이동 협의 기록 조직 유형 업무 검토 기록 상태 검토 진행 하반기 인력 운영 검토 현재 연봉 조정 안이 우선 최근 역할 범위 넓어지다 반영 직무 수당 별도 적용 방안 비교 직무 조정 지나치다 벌어지다 평가 등급 b 연간 성과급 수준 검토 현재 의견 연봉 정안 잡다 다음 조직 이동 여부 확정 최종 반영 시점 맞추다 회차 직급 체계 자체 바꾸다 개인 역할 확대 최근 평가 결과 반영 금액 차이 크다 항목 비교 급여 반영 시점 조직 이동 대상자 직무 범위 실제 담당 업무 일치 정안 확정 예정 주요 항목 검토 현재 조정 검토 수당 성과급 현행 유지 성과급 검토
hb_doc_0217.txt,1,hanbit semiconductor 하반기 인력 운영 검토 조직 유형 업무 검토 기록 상태 검토 진행 하반기 인력 운영 검토 현재 연봉 조정 안이 우선 최근 역할 범위 넓어지다 반영 직무 수당 별도 적용 방안 비교 직무 조정 지나치다 벌어지다 윤는 평가 등급 b 연간 성과급 수준 검토 현재 의견 연봉 정안 잡다 다음 조직 이동 여부 확정 최종 반영 시점 맞추다 회차 직급 체계 자체 바꾸다 개인 역할 확대 최근 평가 결과 반영 금액 차이 크다 항목 비교 급여 반영 시점 조직 이동 대상자 직무 범위 실제 담당 업무 일치 정안 확정 예정 주요 항목 검토 현재 조정 검토 수당 성과급 현행 유지 성과급 검토
hb_doc_0224.txt,1,hanbit semiconductor 인력 배치 처우 검토 조직 유형 업무 검토 기록 상태 검토 진행 하반기 인력 운영 검토 현재 연봉 조정 안이 우선 최근 역할 범위 넓어지다 반영 직무 수당 별도 적용 방안 비교 직무 조정 지나치다 벌어지다 서다 평가 등급 b 연간 성과급 수준 검토 현재 의견 서다 연봉 정안 잡다 다음 조직 이동 여부 확정 최종 반영 시점 맞추다 회차 직급 체계 자체 바꾸다 개인 역할 확대 최근 평가 결과 반영 금액 차이 크다 항목 비교 급여 반영 시점 조직 이동 대상자 직무 범위 실제 담당 업무 일치 정안 확정 예정 주요 항목 검토 현재 조정 검토 수당 서다 성과급 현행 유지 성과급 검토
hb_doc_0249.txt,1,hanbit semiconductor 직무 보상 조정 메모 조직 유형 업무 검토 기록 상태 검토 진행 하반기 인력 운영 검토 재다 현재 연봉 조정 안이 우선 최근 역할 범위 넓어지다 반영 직무 수당 별도 적용 방안 비교 직무 조정 지나치다 벌어지다 윤는 진의 평가 등급 a 연간 성과급 수준 검토 앗다 현재 의견 진의 연봉 정안 잡다 다음 조직 이동 여부 확정 최종 반영 시점 맞추다 회차 직급 체계 자체 바꾸다 개인 역할 확대 최근 평가 결과 반영 금액 차이 크다 항목 비교 급여 반영 시점 조직 이동 대상자 직무 범위 실제 담당 업무 일치 정안 확정 예정 주요 항목 검토 현재 조정 검토 수당 성과급 현행 유지 성과급 검토
hb_doc_0229.txt,1,hanbit semiconductor 반기 평가 영안 조직 유형 업무 검토 기록 상태 검토 진행 하반기 인력 운영 검토 현재 연봉 조정 안이 우선 최근 역할 범위 넓어지다 반영 직무 수당 별도 적용 방안 비교 직무 조정 지나치다 벌어지다 평가 등급 b 연간 성과급 수준 검토 호은 현재 의견 연봉 정안 잡다 다음 조직 이동 여부 확정 최종 반영 시점 맞추다 회차 직급 체계 자체 바꾸다 개인 역할 확대 최근 평가 결과 반영 금액 차이 크다 항목 비교 급여 반영 시점 조직 이동 대상자 직무 범위 실제 담당 업무 일치 정안 확정 예정 주요 항목 검토 현재 조정 검토 수당 성과급 현행 유지 성과급 검토
hb_doc_0238.txt,1,hanbit semiconductor 급여 조정 회의 메모 조직 유형 업무 검토 기록 상태 검토 진행 하반기 인력 운영 검토 현재 연봉 조정 안이 우선 최근 역할 범위 넓어지다 반영 직무 수당 별도 적용 방안 비교 직무 조정 지나치다 벌어지다 평가 등급 b 연간 성과급 수준 검토 하은 현재 의견 연봉 정안 잡다 다음 조직 이동 여부 확정 최종 반영 시점 맞추다 회차 직급 체계 자체 바꾸다 개인 역할 확대 최근 평가 결과 반영 금액 차이 크다 항목 비교 급여 반영 시점 조직 이동 대상자 직무 범위 실제 담당 업무 일치 정안 확정 예정 주요 항목 검토 현재 조정 검토 수당 성과급 현행 유지 성과급 검토
hb_doc_0221.txt,1,hanbit semiconductor 조직 이동 협의 기록 조직 유형 업무 검토 기록 상태 검토 진행 하반기 인력 운영 검토 현재 연봉 조정 안이 우선 최근 역할 범위 넓어지다 반영 직무 수당 별도 적용 방안 비교 직무 조정 지나치다 벌어지다 비다 평가 등급 b 연간 성과급 수준 검토 서다 나은 현재 의견 연봉 정안 잡다 다음 조직 이동 여부 확정 최종 반영 시점 맞추다 회차 직급 체계 자체 바꾸다 개인 역할 확대 최근 평가 결과 반영 금액 차이 크다 항목 비교 급여 반영 시점 조직 이동 대상자 직무 범위 실제 담당 업무 일치 정안 확정 예정 주요 항목 검토 현재 조정 검토 수당 성과급 서다 현행 유지 성과급 검토
hb_doc_0248.txt,1,hanbit semiconductor 인력 배치 처우 검토 조직 유형 업무 검토 기록 상태 검토 진행 하반기 인력 운영 검토 현재 연봉 조정 안이 우선 최근 역할 범위 넓어지다 반영 직무 수당 별도 적용 방안 비교 직무 조정 지나치다 벌어지다 최하 평가 등급 b 연간 성과급 수준 검토 현재 의견 연봉 정안 잡다 다음 조직 이동 여부 확정 최종 반영 시점 맞추다 회차 직급 체계 자체 바꾸다 개인 역할 확대 최근 평가 결과 반영 금액 차이 크다 항목 비교 급여 반영 시점 조직 이동 대상자 직무 범위 실제 담당 업무 일치 정안 확정 예정 주요 항목 검토 현재 조정 검토 수당 성과급 현행 유지 성과급 검토
hb_doc_0247.txt,1,hanbit semiconductor 반기 평가 영안 조직 유형 업무 검토 기록 상태 검토 진행 하반기 인력 운영 검토 서다 나은 현재 연봉 조정 안이 우선 최근 역할 범위 넓어지다 반영 직무 수당 별도 적용 방안 비교 직무 조정 지나치다 벌어지다 평가 등급 b 연간 성과급 수준 검토 현재 의견 연봉 정안 잡다 다음 조직 이동 여부 확정 최종 반영 시점 맞추다 회차 직급 체계 자체 바꾸다 개인 역할 확대 최근 평가 결과 반영 금액 차이 크다 항목 비교 급여 반영 시점 조직 이동 대상자 직무 범위 실제 담당 업무 일치 정안 확정 예정 주요 항목 검토 현재 조정 검토 서다 수당 성과급 현행 유지 성과급 검토
hb_doc_0215.txt,1,hanbit semiconductor 채용 전환 검토 기록 조직 유형 업무 검토 기록 상태 검토 진행 하반기 인력 운영 검토 현재 연봉 조정 안이 우선 최근 역할 범위 넓어지다 반영 직무 수당 별도 적용 방안 비교 직무 조정 지나치다 벌어지다 평가 등급 a 연간 성과급 수준 검토 현재 의견 연봉 정안 잡다 다음 조직 이동 여부 확정 최종 반영 시점 맞추다 회차 직급 체계 자체 바꾸다 개인 역할 확대 최근 평가 결과 반영 금액 차이 크다 항목 비교 급여 반영 시점 조직 이동 대상자 직무 범위 실제 담당 업무 일치 정안 확정 예정 주요 항목 검토 현재 조정 검토 수당 성과급 현행 유지 성과급 검토
hb_doc_0232.txt,1,hanbit semiconductor 직무 보상 조정 메모 조직 유형 업무 검토 기록 상태 검토 진행 하반기 인력 운영 검토 현재 연봉 조정 안이 우선 최근 역할 범위 넓어지다 반영 직무 수당 별도 적용 방안 비교 직무 조정 지나치다 벌어지다 평가 등급 a 연간 성과급 수준 검토 현재 의견 연봉 정안 잡다 다음 조직 이동 여부 확정 최종 반영 시점 맞추다 회차 직급 체계 자체 바꾸다 개인 역할 확대 최근 평가 결과 반영 금액 차이 크다 항목 비교 급여 반영 시점 조직 이동 대상자 직무 범위 실제 담당 업무 일치 정안 확정 예정 주요 항목 검토 현재 조정 검토 수당 성과급 현행 유지 성과급 검토
hb_doc_0242.txt,1,hanbit semiconductor 급여 조정 회의 메모 조직 유형 업무 검토 기록 상태 검토 진행 하반기 인력 운영 검토 현재 연봉 조정 안이 우선 최근 역할 범위 넓어지다 반영 직무 수당 별도 적용 방안 비교 직무 조정 지나치다 벌어지다 유나 평가 등급 a 연간 성과급 수준 검토 현재 의견 연봉 정안 잡다 다음 조직 이동 여부 확정 최종 반영 시점 맞추다 회차 직급 체계 자체 바꾸다 개인 역할 확대 최근 평가 결과 반영 금액 차이 크다 항목 비교 급여 반영 시점 조직 이동 대상자 직무 범위 실제 담당 업무 일치 정안 확정 예정 주요 항목 검토 현재 조정 검토 수당 성과급 현행 유지 성과급 검토
hb_doc_0220.txt,1,hanbit semiconductor 인력 배치 처우 검토 조직 유형 업무 검토 기록 상태 검토 진행 하반기 인력 운영 검토 현재 연봉 조정 안이 우선 최근 역할 범위 넓어지다 반영 직무 수당 별도 적용 방안 비교 직무 조정 지나치다 벌어지다 윤는 평가 등급 b 연간 성과급 수준 검토 현재 의견 연봉 정안 잡다 다음 조직 이동 여부 확정 최종 반영 시점 맞추다 회차 직급 체계 자체 바꾸다 개인 역할 확대 최근 평가 결과 반영 금액 차이 크다 항목 비교 급여 반영 시점 조직 이동 대상자 직무 범위 실제 담당 업무 일치 정안 확정 예정 주요 항목 검토 현재 조정 검토 수당 성과급 현행 유지 성과급 검토
hb_doc_0237.txt,1,hanbit semiconductor 인력 배치 처우 검토 조직 유형 업무 검토 기록 상태 검토 진행 하반기 인력 운영 검토 현재 연봉 조정 안이 우선 최근 역할 범위 넓어지다 반영 직무 수당 별도 적용 방안 비교 직무 조정 지나치다 벌어지다 윤는 진의 평가 등급 a 연간 성과급 수준 검토 현재 의견 진의 연봉 정안 잡다 다음 조직 이동 여부 확정 최종 반영 시점 맞추다 회차 직급 체계 자체 바꾸다 개인 역할 확대 최근 평가 결과 반영 금액 차이 크다 항목 비교 급여 반영 시점 조직 이동 대상자 직무 범위 실제 담당 업무 일치 정안 확정 예정 주요 항목 검토 현재 조정 검토 수당 성과급 현행 유지 성과급 검토
hb_doc_0227.txt,1,hanbit semiconductor 조직 이동 협의 기록 조직 유형 업무 검토 기록 상태 검토 진행 하반기 인력 운영 검토 현재 연봉 조정 안이 우선 최근 역할 범위 넓어지다 반영 직무 수당 별도 적용 방안 비교 직무 조정 지나치다 벌어지다 평가 등급 b 연간 성과급 수준 검토 서다 나은 현재 의견 연봉 정안 잡다 다음 조직 이동 여부 확정 최종 반영 시점 맞추다 회차 직급 체계 자체 바꾸다 개인 역할 확대 최근 평가 결과 반영 금액 차이 크다 항목 비교 급여 반영 시점 조직 이동 대상자 직무 범위 실제 담당 업무 일치 정안 확정 예정 주요 항목 검토 현재 조정 검토 수당 성과급 서다 현행 유지 성과급 검토
hb_doc_0230.txt,1,hanbit semiconductor 인력 배치 처우 검토 조직 유형 업무 검토 기록 상태 검토 진행 하반기 인력 운영 검토 현재 연봉 조정 안이 우선 최근 역할 범위 넓어지다 반영 직무 수당 별도 적용 방안 비교 직무 조정 지나치다 벌어지다 문서연 평가 등급 a 연간 성과급 수준 검토 현재 의견 연봉 정안 잡다 다음 조직 이동 여부 확정 최종 반영 시점 맞추다 회차 직급 체계 자체 바꾸다 개인 역할 확대 최근 평가 결과 반영 금액 차이 크다 항목 비교 급여 반영 시점 조직 이동 대상자 직무 범위 실제 담당 업무 일치 정안 확정 예정 주요 항목 검토 현재 조정 검토 수당 성과급 현행 유지 성과급 검토
hb_doc_0231.txt,1,hanbit semiconductor 채용 전환 검토 기록 조직 유형 업무 검토 기록 상태 검토 진행 하반기 인력 운영 검토 앗다 현재 연봉 조정 안이 우선 최근 역할 범위 넓어지다 반영 직무 수당 별도 적용 방안 비교 직무 조정 지나치다 벌어지다 이도윤 평가 등급 b 연간 성과급 수준 검토 영은 현재 의견 연봉 정안 잡다 다음 조직 이동 여부 확정 최종 반영 시점 맞추다 회차 직급 체계 자체 바꾸다 개인 역할 확대 최근 평가 결과 반영 금액 차이 크다 항목 비교 급여 반영 시점 조직 이동 대상자 직무 범위 실제 담당 업무 일치 정안 확정 예정 주요 항목 검토 현재 조정 검토 수당 성과급 현행 유지 성과급 검토
hb_doc_0216.txt,1,hanbit semiconductor 급여 조정 회의 메모 조직 유형 업무 검토 기록 상태 검토 진행 하반기 인력 운영 검토 현재 연봉 조정 안이 우선 최근 역할 범위 넓어지다 반영 직무 수당 별도 적용 방안 비교 직무 조정 지나치다 벌어지다 진의 평가 등급 a 연간 성과급 수준 검토 현재 의견 진의 연봉 정안 잡다 다음 조직 이동 여부 확정 최종 반영 시점 맞추다 회차 직급 체계 자체 바꾸다 개인 역할 확대 최근 평가 결과 반영 금액 차이 크다 항목 비교 급여 반영 시점 조직 이동 대상자 직무 범위 실제 담당 업무 일치 정안 확정 예정 주요 항목 검토 현재 조정 검토 수당 성과급 현행 유지 성과급 검토
hb_doc_0226.txt,1,hanbit semiconductor 반기 평가 영안 조직 유형 업무 검토 기록 상태 검토 진행 하반기 인력 운영 검토 현재 연봉 조정 안이 우선 최근 역할 범위 넓어지다 반영 직무 수당 별도 적용 방안 비교 직무 조정 지나치다 벌어지다 윤는 진의 평가 등급 b 연간 성과급 수준 검토 앗다 현재 의견 진의 연봉 정안 잡다 다음 조직 이동 여부 확정 최종 반영 시점 맞추다 회차 직급 체계 자체 바꾸다 개인 역할 확대 최근 평가 결과 반영 금액 차이 크다 항목 비교 급여 반영 시점 조직 이동 대상자 직무 범위 실제 담당 업무 일치 정안 확정 예정 주요 항목 검토 현재 조정 검토 수당 성과급 현행 유지 성과급 검토
hb_doc_0236.txt,1,hanbit semiconductor 직무 보상 조정 메모 조직 유형 업무 검토 기록 상태 검토 진행 하반기 인력 운영 검토 현재 연봉 조정 안이 우선 최근 역할 범위 넓어지다 반영 직무 수당 별도 적용 방안 비교 직무 조정 지나치다 벌어지다 배하 진의 평가 등급 b 연간 성과급 수준 검토 현재 의견 진의 연봉 정안 잡다 다음 조직 이동 여부 확정 최종 반영 시점 맞추다 회차 직급 체계 자체 바꾸다 개인 역할 확대 최근 평가 결과 반영 금액 차이 크다 항목 비교 급여 반영 시점 조직 이동 대상자 직무 범위 실제 담당 업무 일치 정안 확정 예정 주요 항목 검토 현재 조정 검토 수당 성과급 현행 유지 성과급 검토
hb_doc_0250.txt,1,hanbit semiconductor 조직 이동 협의 기록 조직 유형 업무 검토 기록 상태 검토 진행 하반기 인력 운영 검토 영은 현재 연봉 조정 안이 우선 최근 역할 범위 넓어지다 반영 직무 수당 별도 적용 방안 비교 직무 조정 지나치다 벌어지다 재는 평가 등급 b 연간 성과급 수준 검토 현재 의견 연봉 정안 잡다 다음 조직 이동 여부 확정 최종 반영 시점 맞추다 회차 직급 체계 자체 바꾸다 개인 역할 확대 최근 평가 결과 반영 금액 차이 크다 항목 비교 급여 반영 시점 조직 이동 대상자 직무 범위 실제 담당 업무 일치 정안 확정 예정 주요 항목 검토 현재 조정 검토 수당 성과급 현행 유지 성과급 검토
hb_doc_0251.txt,1,hanbit semiconductor 반기 평가 영안 조직 유형 업무 검토 기록 상태 검토 진행 하반기 인력 운영 검토 현재 연봉 조정 안이 우선 최근 역할 범위 넓어지다 반영 직무 수당 별도 적용 방안 비교 직무 조정 지나치다 벌어지다 혁는 평가 등급 a 연간 성과급 수준 검토 서다 나은 현재 의견 연봉 정안 잡다 다음 조직 이동 여부 확정 최종 반영 시점 맞추다 회차 직급 체계 자체 바꾸다 개인 역할 확대 최근 평가 결과 반영 금액 차이 크다 항목 비교 급여 반영 시점 조직 이동 대상자 직무 범위 실제 담당 업무 일치 정안 확정 예정 주요 항목 검토 현재 조정 검토 수당 성과급 서다 현행 유지 성과급 검토
hb_doc_0241.txt,1,hanbit semiconductor 조직 이동 협의 기록 조직 유형 업무 검토 기록 상태 검토 진행 하반기 인력 운영 검토 현재 연봉 조정 안이 우선 최근 역할 범위 넓어지다 반영 직무 수당 별도 적용 방안 비교 직무 조정 지나치다 벌어지다 한유진 평가 등급 a 연간 성과급 수준 검토 현재 의견 연봉 정안 잡다 다음 조직 이동 여부 확정 최종 반영 시점 맞추다 회차 직급 체계 자체 바꾸다 개인 역할 확대 최근 평가 결과 반영 금액 차이 크다 항목 비교 급여 반영 시점 조직 이동 대상자 직무 범위 실제 담당 업무 일치 정안 확정 예정 주요 항목 검토 현재 조정 검토 수당 성과급 현행 유지 성과급 검토
hb_doc_0283.docx,1,hanbit semiconductor 하반기 인력 운영 검토 하반기 인력 운영 검토 현재 연봉 조정 안이 우선 최근 역할 범위 넓어지다 반영 직무 수당 별도 적용 방안 비교 직무 조정 지나치다 벌어지다 서다 평가 등급 a 연간 성과급 수준 검토 현재 의견 서다 연봉 정안 잡다 다음 조직 이동 여부 확정 최종 반영 시점 맞추다 회차 직급 체계 자체 바꾸다 개인 역할 확대 최근 평가 결과 반영 금액 차이 크다 항목 비교 급여 반영 시점 조직 이동 대상자 직무 범위 실제 담당 업무 일치 정안 확정 예정 주요 항목 업무 기록 조직 유형 업무 검토 기록 상태 검토 진행 검토 현재 조정 검토 수당 서다 성과급 현행 유지 성과급 검토
hb_doc_0279.docx,1,hanbit semiconductor 급여 조정 회의 메모 하반기 인력 운영 검토 앗다 현재 연봉 조정 안이 우선 최근 역할 범위 넓어지다 반영 직무 수당 별도 적용 방안 비교 직무 조정 지나치다 벌어지다 재의 평가 등급 a 연간 성과급 수준 검토 현재 의견 재의 연봉 정안 잡다 다음 조직 이동 여부 확정 최종 반영 시점 맞추다 회차 직급 체계 자체 바꾸다 개인 역할 확대 최근 평가 결과 반영 금액 차이 크다 항목 비교 급여 반영 시점 조직 이동 대상자 직무 범위 실제 담당 업무 일치 정안 확정 예정 주요 항목 업무 기록 조직 유형 업무 검토 기록 상태 검토 진행 검토 현재 조정 검토 수당 성과급 현행 유지 성과급 검토
hb_doc_0287.pdf,1,hanbit semiconductor 직무 보상 조정 메모 조직 유형 업무 검토 기록 상태 검토 진행 하반기 인력 운영 검토 현재 연봉 조정 안이 우선 최근 역할 범위 넓어지다 반영 직무 수당 별도 적용 방안 비교 직무 조정 지나치다 벌어지다 이서현 평가 등급 b 연간 성과급 수준 검토 현재 의견 연봉 정안 잡다 다음 조직 이동 여부 확정 최종 반영 시점 맞추다 회차 직급 체계 자체 바꾸다 개인 역할 확대 최근 평가 결과 반영 금액 차이 크다 항목 비교 급여 반영 시점 조직 이동 대상자 직무 범위 실제 담당 업무 일치 정안 확정 예정 주요 항목 검토 현재 조정 검토 수당 성과급 현행 유지 성과급 검토 업무 기록
hb_doc_0258.txt,1,hanbit semiconductor 직무 보상 조정 메모 조직 유형 업무 검토 기록 상태 검토 진행 하반기 인력 운영 검토 현재 연봉 조정 안이 우선 최근 역할 범위 넓어지다 반영 직무 수당 별도 적용 방안 비교 직무 조정 지나치다 벌어지다 비다 평가 등급 b 연간 성과급 수준 검토 현재 의견 연봉 정안 잡다 다음 조직 이동 여부 확정 최종 반영 시점 맞추다 회차 직급 체계 자체 바꾸다 개인 역할 확대 최근 평가 결과 반영 금액 차이 크다 항목 비교 급여 반영 시점 조직 이동 대상자 직무 범위 실제 담당 업무 일치 정안 확정 예정 주요 항목 검토 현재 조정 검토 수당 성과급 현행 유지 성과급 검토
hb_doc_0277.docx,1,hanbit semiconductor 하반기 인력 운영 검토 하반기 인력 운영 검토 영은 현재 연봉 조정 안이 우선 최근 역할 범위 넓어지다 반영 직무 수당 별도 적용 방안 비교 직무 조정 지나치다 벌어지다 유태현 평가 등급 a 연간 성과급 수준 검토 현재 의견 연봉 정안 잡다 다음 조직 이동 여부 확정 최종 반영 시점 맞추다 회차 직급 체계 자체 바꾸다 개인 역할 확대 최근 평가 결과 반영 금액 차이 크다 항목 비교 급여 반영 시점 조직 이동 대상자 직무 범위 실제 담당 업무 일치 정안 확정 예정 주요 항목 업무 기록 조직 유형 업무 검토 기록 상태 검토 진행 검토 현재 조정 검토 수당 성과급 현행 유지 성과급 검토
hb_doc_0275.docx,1,hanbit semiconductor 채용 전환 검토 기록 하반기 인력 운영 검토 앗다 현재 연봉 조정 안이 우선 최근 역할 범위 넓어지다 반영 직무 수당 별도 적용 방안 비교 직무 조정 지나치다 벌어지다 남서윤 평가 등급 b 연간 성과급 수준 검토 현재 의견 연봉 정안 잡다 다음 조직 이동 여부 확정 최종 반영 시점 맞추다 회차 직급 체계 자체 바꾸다 개인 역할 확대 최근 평가 결과 반영 금액 차이 크다 항목 비교 급여 반영 시점 조직 이동 대상자 직무 범위 실제 담당 업무 일치 정안 확정 예정 주요 항목 업무 기록 조직 유형 업무 검토 기록 상태 검토 진행 검토 현재 조정 검토 수당 성과급 현행 유지 성과급 검토
hb_doc_0267.txt,1,hanbit semiconductor 채용 전환 검토 기록 조직 유형 업무 검토 기록 상태 검토 진행 하반기 인력 운영 검토 호은 현재 연봉 조정 안이 우선 최근 역할 범위 넓어지다 반영 직무 수당 별도 적용 방안 비교 직무 조정 지나치다 벌어지다 평가 등급 a 연간 성과급 수준 검토 재다 현재 의견 연봉 정안 잡다 다음 조직 이동 여부 확정 최종 반영 시점 맞추다 회차 직급 체계 자체 바꾸다 개인 역할 확대 최근 평가 결과 반영 금액 차이 크다 항목 비교 급여 반영 시점 조직 이동 대상자 직무 범위 실제 담당 업무 일치 정안 확정 예정 주요 항목 검토 현재 조정 검토 수당 성과급 현행 유지 성과급 검토
hb_doc_0282.docx,1,hanbit semiconductor 채용 전환 검토 기록 하반기 인력 운영 검토 재다 현재 연봉 조정 안이 우선 최근 역할 범위 넓어지다 반영 직무 수당 별도 적용 방안 비교 직무 조정 지나치다 벌어지다 이서현 평가 등급 a 연간 성과급 수준 검토 현재 의견 연봉 정안 잡다 다음 조직 이동 여부 확정 최종 반영 시점 맞추다 회차 직급 체계 자체 바꾸다 개인 역할 확대 최근 평가 결과 반영 금액 차이 크다 항목 비교 급여 반영 시점 조직 이동 대상자 직무 범위 실제 담당 업무 일치 정안 확정 예정 주요 항목 업무 기록 조직 유형 업무 검토 기록 상태 검토 진행 검토 현재 조정 검토 수당 성과급 현행 유지 성과급 검토
hb_doc_0270.txt,1,hanbit semiconductor 반기 평가 영안 조직 유형 업무 검토 기록 상태 검토 진행 하반기 인력 운영 검토 앗다 현재 연봉 조정 안이 우선 최근 역할 범위 넓어지다 반영 직무 수당 별도 적용 방안 비교 직무 조정 지나치다 벌어지다 평가 등급 b 연간 성과급 수준 검토 현재 의견 연봉 정안 잡다 다음 조직 이동 여부 확정 최종 반영 시점 맞추다 회차 직급 체계 자체 바꾸다 개인 역할 확대 최근 평가 결과 반영 금액 차이 크다 항목 비교 급여 반영 시점 조직 이동 대상자 직무 범위 실제 담당 업무 일치 정안 확정 예정 주요 항목 검토 현재 조정 검토 수당 성과급 현행 유지 성과급 검토
hb_doc_0280.docx,1,hanbit semiconductor 급여 조정 회의 메모 하반기 인력 운영 검토 현재 연봉 조정 안이 우선 최근 역할 범위 넓어지다 반영 직무 수당 별도 적용 방안 비교 직무 조정 지나치다 벌어지다 평가 등급 b 연간 성과급 수준 검토 현재 의견 연봉 정안 잡다 다음 조직 이동 여부 확정 최종 반영 시점 맞추다 회차 직급 체계 자체 바꾸다 개인 역할 확대 최근 평가 결과 반영 금액 차이 크다 항목 비교 급여 반영 시점 조직 이동 대상자 직무 범위 실제 담당 업무 일치 정안 확정 예정 주요 항목 업무 기록 조직 유형 업무 검토 기록 상태 검토 진행 검토 현재 조정 검토 수당 성과급 현행 유지 성과급 검토
hb_doc_0276.docx,1,hanbit semiconductor 채용 전환 검토 기록 하반기 인력 운영 검토 현재 연봉 조정 안이 우선 최근 역할 범위 넓어지다 반영 직무 수당 별도 적용 방안 비교 직무 조정 지나치다 벌어지다 배하 평가 등급 a 연간 성과급 수준 검토 현재 의견 연봉 정안 잡다 다음 조직 이동 여부 확정 최종 반영 시점 맞추다 회차 직급 체계 자체 바꾸다 개인 역할 확대 최근 평가 결과 반영 금액 차이 크다 항목 비교 급여 반영 시점 조직 이동 대상자 직무 범위 실제 담당 업무 일치 정안 확정 예정 주요 항목 업무 기록 조직 유형 업무 검토 기록 상태 검토 진행 검토 현재 조정 검토 수당 성과급 현행 유지 성과급 검토
hb_doc_0252.txt,1,hanbit semiconductor 조직 이동 협의 기록 조직 유형 업무 검토 기록 상태 검토 진행 하반기 인력 운영 검토 현재 연봉 조정 안이 우선 최근 역할 범위 넓어지다 반영 직무 수당 별도 적용 방안 비교 직무 조정 지나치다 벌어지다 진의 평가 등급 a 연간 성과급 수준 검토 현재 의견 진의 연봉 정안 잡다 다음 조직 이동 여부 확정 최종 반영 시점 맞추다 회차 직급 체계 자체 바꾸다 개인 역할 확대 최근 평가 결과 반영 금액 차이 크다 항목 비교 급여 반영 시점 조직 이동 대상자 직무 범위 실제 담당 업무 일치 정안 확정 예정 주요 항목 검토 현재 조정 검토 수당 성과급 현행 유지 성과급 검토
hb_doc_0271.docx,1,hanbit semiconductor 성과 반영 점검 하반기 인력 운영 검토 앗다 현재 연봉 조정 안이 우선 최근 역할 범위 넓어지다 반영 직무 수당 별도 적용 방안 비교 직무 조정 지나치다 벌어지다 평가 등급 a 연간 성과급 수준 검토 현재 의견 연봉 정안 잡다 다음 조직 이동 여부 확정 최종 반영 시점 맞추다 회차 직급 체계 자체 바꾸다 개인 역할 확대 최근 평가 결과 반영 금액 차이 크다 항목 비교 급여 반영 시점 조직 이동 대상자 직무 범위 실제 담당 업무 일치 정안 확정 예정 주요 항목 업무 기록 조직 유형 업무 검토 기록 상태 검토 진행 검토 현재 조정 검토 수당 성과급 현행 유지 성과급 검토
hb_doc_0273.docx,1,hanbit semiconductor 급여 조정 회의 메모 하반기 인력 운영 검토 현재 연봉 조정 안이 우선 최근 역할 범위 넓어지다 반영 직무 수당 별도 적용 방안 비교 직무 조정 지나치다 벌어지다 김지민 평가 등급 b 연간 성과급 수준 검토 현재 의견 연봉 정안 잡다 다음 조직 이동 여부 확정 최종 반영 시점 맞추다 회차 직급 체계 자체 바꾸다 개인 역할 확대 최근 평가 결과 반영 금액 차이 크다 항목 비교 급여 반영 시점 조직 이동 대상자 직무 범위 실제 담당 업무 일치 정안 확정 예정 주요 항목 업무 기록 조직 유형 업무 검토 기록 상태 검토 진행 검토 현재 조정 검토 수당 성과급 현행 유지 성과급 검토
hb_doc_0285.docx,1,hanbit semiconductor 직무 보상 조정 메모 하반기 인력 운영 검토 현재 연봉 조정 안이 우선 최근 역할 범위 넓어지다 반영 직무 수당 별도 적용 방안 비교 직무 조정 지나치다 벌어지다 평가 등급 b 연간 성과급 수준 검토 현재 의견 연봉 정안 잡다 다음 조직 이동 여부 확정 최종 반영 시점 맞추다 회차 직급 체계 자체 바꾸다 개인 역할 확대 최근 평가 결과 반영 금액 차이 크다 항목 비교 급여 반영 시점 조직 이동 대상자 직무 범위 실제 담당 업무 일치 정안 확정 예정 주요 항목 업무 기록 조직 유형 업무 검토 기록 상태 검토 진행 검토 현재 조정 검토 수당 성과급 현행 유지 성과급 검토
hb_doc_0272.docx,1,hanbit semiconductor 인력 배치 처우 검토 하반기 인력 운영 검토 현재 연봉 조정 안이 우선 최근 역할 범위 넓어지다 반영 직무 수당 별도 적용 방안 비교 직무 조정 지나치다 벌어지다 평가 등급 a 연간 성과급 수준 검토 현재 의견 연봉 정안 잡다 다음 조직 이동 여부 확정 최종 반영 시점 맞추다 회차 직급 체계 자체 바꾸다 개인 역할 확대 최근 평가 결과 반영 금액 차이 크다 항목 비교 급여 반영 시점 조직 이동 대상자 직무 범위 실제 담당 업무 일치 정안 확정 예정 주요 항목 업무 기록 조직 유형 업무 검토 기록 상태 검토 진행 검토 현재 조정 검토 수당 성과급 현행 유지 성과급 검토
hb_doc_0274.docx,1,hanbit semiconductor 반기 평가 영안 하반기 인력 운영 검토 현재 연봉 조정 안이 우선 최근 역할 범위 넓어지다 반영 직무 수당 별도 적용 방안 비교 직무 조정 지나치다 벌어지다 최하 평가 등급 a 연간 성과급 수준 검토 현재 의견 연봉 정안 잡다 다음 조직 이동 여부 확정 최종 반영 시점 맞추다 회차 직급 체계 자체 바꾸다 개인 역할 확대 최근 평가 결과 반영 금액 차이 크다 항목 비교 급여 반영 시점 조직 이동 대상자 직무 범위 실제 담당 업무 일치 정안 확정 예정 주요 항목 업무 기록 조직 유형 업무 검토 기록 상태 검토 진행 검토 현재 조정 검토 수당 성과급 현행 유지 성과급 검토
hb_doc_0265.txt,1,hanbit semiconductor 성과 반영 점검 조직 유형 업무 검토 기록 상태 검토 진행 하반기 인력 운영 검토 서다 나은 현재 연봉 조정 안이 우선 최근 역할 범위 넓어지다 반영 직무 수당 별도 적용 방안 비교 직무 조정 지나치다 벌어지다 비다 평가 등급 a 연간 성과급 수준 검토 현재 의견 연봉 정안 잡다 다음 조직 이동 여부 확정 최종 반영 시점 맞추다 회차 직급 체계 자체 바꾸다 개인 역할 확대 최근 평가 결과 반영 금액 차이 크다 항목 비교 급여 반영 시점 조직 이동 대상자 직무 범위 실제 담당 업무 일치 정안 확정 예정 주요 항목 검토 현재 조정 검토 서다 수당 성과급 현행 유지 성과급 검토
hb_doc_0281.docx,1,hanbit semiconductor 채용 전환 검토 기록 하반기 인력 운영 검토 앗다 현재 연봉 조정 안이 우선 최근 역할 범위 넓어지다 반영 직무 수당 별도 적용 방안 비교 직무 조정 지나치다 벌어지다 평가 등급 a 연간 성과급 수준 검토 현재 의견 연봉 정안 잡다 다음 조직 이동 여부 확정 최종 반영 시점 맞추다 회차 직급 체계 자체 바꾸다 개인 역할 확대 최근 평가 결과 반영 금액 차이 크다 항목 비교 급여 반영 시점 조직 이동 대상자 직무 범위 실제 담당 업무 일치 정안 확정 예정 주요 항목 업무 기록 조직 유형 업무 검토 기록 상태 검토 진행 검토 현재 조정 검토 수당 성과급 현행 유지 성과급 검토
hb_doc_0278.docx,1,hanbit semiconductor 직무 보상 조정 메모 하반기 인력 운영 검토 하은 현재 연봉 조정 안이 우선 최근 역할 범위 넓어지다 반영 직무 수당 별도 적용 방안 비교 직무 조정 지나치다 벌어지다 훈는 평가 등급 a 연간 성과급 수준 검토 현재 의견 연봉 정안 잡다 다음 조직 이동 여부 확정 최종 반영 시점 맞추다 회차 직급 체계 자체 바꾸다 개인 역할 확대 최근 평가 결과 반영 금액 차이 크다 항목 비교 급여 반영 시점 조직 이동 대상자 직무 범위 실제 담당 업무 일치 정안 확정 예정 주요 항목 업무 기록 조직 유형 업무 검토 기록 상태 검토 진행 검토 현재 조정 검토 수당 성과급 현행 유지 성과급 검토
hb_doc_0284.docx,1,hanbit semiconductor 인력 배치 처우 검토 하반기 인력 운영 검토 앗다 현재 연봉 조정 안이 우선 최근 역할 범위 넓어지다 반영 직무 수당 별도 적용 방안 비교 직무 조정 지나치다 벌어지다 평가 등급 b 연간 성과급 수준 검토 현재 의견 연봉 정안 잡다 다음 조직 이동 여부 확정 최종 반영 시점 맞추다 회차 직급 체계 자체 바꾸다 개인 역할 확대 최근 평가 결과 반영 금액 차이 크다 항목 비교 급여 반영 시점 조직 이동 대상자 직무 범위 실제 담당 업무 일치 정안 확정 예정 주요 항목 업무 기록 조직 유형 업무 검토 기록 상태 검토 진행 검토 현재 조정 검토 수당 성과급 현행 유지 성과급 검토
hb_doc_0286.pdf,1,hanbit semiconductor 인력 배치 처우 검토 조직 유형 업무 검토 기록 상태 검토 진행 하반기 인력 운영 검토 현재 연봉 조정 안이 우선 최근 역할 범위 넓어지다 반영 직무 수당 별도 적용 방안 비교 직무 조정 지나치다 벌어지다 윤는 평가 등급 a 연간 성과급 수준 검토 현재 의견 연봉 정안 잡다 다음 조직 이동 여부 확정 최종 반영 시점 맞추다 회차 직급 체계 자체 바꾸다 개인 역할 확대 최근 평가 결과 반영 금액 차이 크다 항목 비교 급여 반영 시점 조직 이동 대상자 직무 범위 실제 담당 업무 일치 정안 확정 예정 주요 항목 검토 현재 조정 검토 수당 성과급 현행 유지 성과급 검토 업무 기록
hb_doc_0268.txt,1,hanbit semiconductor 채용 전환 검토 기록 조직 유형 업무 검토 기록 상태 검토 진행 하반기 인력 운영 검토 재다 현재 연봉 조정 안이 우선 최근 역할 범위 넓어지다 반영 직무 수당 별도 적용 방안 비교 직무 조정 지나치다 벌어지다 평가 등급 a 연간 성과급 수준 검토 현재 의견 연봉 정안 잡다 다음 조직 이동 여부 확정 최종 반영 시점 맞추다 회차 직급 체계 자체 바꾸다 개인 역할 확대 최근 평가 결과 반영 금액 차이 크다 항목 비교 급여 반영 시점 조직 이동 대상자 직무 범위 실제 담당 업무 일치 정안 확정 예정 주요 항목 검토 현재 조정 검토 수당 성과급 현행 유지 성과급 검토
hb_doc_0256.txt,1,hanbit semiconductor 급여 조정 회의 메모 조직 유형 업무 검토 기록 상태 검토 진행 하반기 인력 운영 검토 현재 연봉 조정 안이 우선 최근 역할 범위 넓어지다 반영 직무 수당 별도 적용 방안 비교 직무 조정 지나치다 벌어지다 윤는 평가 등급 a 연간 성과급 수준 검토 영은 현재 의견 연봉 정안 잡다 다음 조직 이동 여부 확정 최종 반영 시점 맞추다 회차 직급 체계 자체 바꾸다 개인 역할 확대 최근 평가 결과 반영 금액 차이 크다 항목 비교 급여 반영 시점 조직 이동 대상자 직무 범위 실제 담당 업무 일치 정안 확정 예정 주요 항목 검토 현재 조정 검토 수당 성과급 현행 유지 성과급 검토
hb_doc_0288.pdf,1,hanbit semiconductor 반기 평가 영안 조직 유형 업무 검토 기록 상태 검토 진행 하반기 인력 운영 검토 현재 연봉 조정 안이 우선 최근 역할 범위 넓어지다 반영 직무 수당 별도 적용 방안 비교 직무 조정 지나치다 벌어지다 하의 평가 등급 b 연간 성과급 수준 검토 앗다 현재 의견 하의 연봉 정안 잡다 다음 조직 이동 여부 확정 최종 반영 시점 맞추다 회차 직급 체계 자체 바꾸다 개인 역할 확대 최근 평가 결과 반영 금액 차이 크다 항목 비교 급여 반영 시점 조직 이동 대상자 직무 범위 실제 담당 업무 일치 정안 확정 예정 주요 항목 검토 현재 조정 검토 수당 성과급 현행 유지 성과급 검토 업무 기록
hb_doc_0260.txt,1,hanbit semiconductor 성과 반영 점검 조직 유형 업무 검토 기록 상태 검토 진행 하반기 인력 운영 검토 현재 연봉 조정 안이 우선 최근 역할 범위 넓어지다 반영 직무 수당 별도 적용 방안 비교 직무 조정 지나치다 벌어지다 윤는 평가 등급 a 연간 성과급 수준 검토 재다 현재 의견 연봉 정안 잡다 다음 조직 이동 여부 확정 최종 반영 시점 맞추다 회차 직급 체계 자체 바꾸다 개인 역할 확대 최근 평가 결과 반영 금액 차이 크다 항목 비교 급여 반영 시점 조직 이동 대상자 직무 범위 실제 담당 업무 일치 정안 확정 예정 주요 항목 검토 현재 조정 검토 수당 성과급 현행 유지 성과급 검토
hb_doc_0261.txt,1,hanbit semiconductor 반기 평가 영안 조직 유형 업무 검토 기록 상태 검토 진행 하반기 인력 운영 검토 현재 연봉 조정 안이 우선 최근 역할 범위 넓어지다 반영 직무 수당 별도 적용 방안 비교 직무 조정 지나치다 벌어지다 평가 등급 a 연간 성과급 수준 검토 서다 나은 현재 의견 연봉 정안 잡다 다음 조직 이동 여부 확정 최종 반영 시점 맞추다 회차 직급 체계 자체 바꾸다 개인 역할 확대 최근 평가 결과 반영 금액 차이 크다 항목 비교 급여 반영 시점 조직 이동 대상자 직무 범위 실제 담당 업무 일치 정안 확정 예정 주요 항목 검토 현재 조정 검토 수당 성과급 서다 현행 유지 성과급 검토
hb_doc_0297.pdf,1,hanbit semiconductor 급여 조정 회의 메모 조직 유형 업무 검토 기록 상태 검토 진행 하반기 인력 운영 검토 현재 연봉 조정 안이 우선 최근 역할 범위 넓어지다 반영 직무 수당 별도 적용 방안 비교 직무 조정 지나치다 벌어지다 진의 평가 등급 a 연간 성과급 수준 검토 현재 의견 진의 연봉 정안 잡다 다음 조직 이동 여부 확정 최종 반영 시점 맞추다 회차 직급 체계 자체 바꾸다 개인 역할 확대 최근 평가 결과 반영 금액 차이 크다 항목 비교 급여 반영 시점 조직 이동 대상자 직무 범위 실제 담당 업무 일치 정안 확정 예정 주요 항목 검토 현재 조정 검토 수당 성과급 현행 유지 성과급 검토 업무 기록
hb_doc_0290.pdf,1,hanbit semiconductor 조직 이동 협의 기록 조직 유형 업무 검토 기록 상태 검토 진행 하반기 인력 운영 검토 현재 연봉 조정 안이 우선 최근 역할 범위 넓어지다 반영 직무 수당 별도 적용 방안 비교 직무 조정 지나치다 벌어지다 평가 등급 b 연간 성과급 수준 검토 현재 의견 연봉 정안 잡다 다음 조직 이동 여부 확정 최종 반영 시점 맞추다 회차 직급 체계 자체 바꾸다 개인 역할 확대 최근 평가 결과 반영 금액 차이 크다 항목 비교 급여 반영 시점 조직 이동 대상자 직무 범위 실제 담당 업무 일치 정안 확정 예정 주요 항목 검토 현재 조정 검토 수당 성과급 현행 유지 성과급 검토 업무 기록
hb_doc_0294.pdf,1,hanbit semiconductor 조직 이동 협의 기록 조직 유형 업무 검토 기록 상태 검토 진행 하반기 인력 운영 검토 현재 연봉 조정 안이 우선 최근 역할 범위 넓어지다 반영 직무 수당 별도 적용 방안 비교 직무 조정 지나치다 벌어지다 평가 등급 a 연간 성과급 수준 검토 현재 의견 연봉 정안 잡다 다음 조직 이동 여부 확정 최종 반영 시점 맞추다 회차 직급 체계 자체 바꾸다 개인 역할 확대 최근 평가 결과 반영 금액 차이 크다 항목 비교 급여 반영 시점 조직 이동 대상자 직무 범위 실제 담당 업무 일치 정안 확정 예정 주요 항목 검토 현재 조정 검토 수당 성과급 현행 유지 성과급 검토 업무 기록
hb_doc_0295.pdf,1,hanbit semiconductor 하반기 인력 운영 검토 조직 유형 업무 검토 기록 상태 검토 진행 하반기 인력 운영 검토 현재 연봉 조정 안이 우선 최근 역할 범위 넓어지다 반영 직무 수당 별도 적용 방안 비교 직무 조정 지나치다 벌어지다 안다 재의 평가 등급 b 연간 성과급 수준 검토 현재 의견 재의 연봉 정안 잡다 다음 조직 이동 여부 확정 최종 반영 시점 맞추다 회차 직급 체계 자체 바꾸다 개인 역할 확대 최근 평가 결과 반영 금액 차이 크다 항목 비교 급여 반영 시점 조직 이동 대상자 직무 범위 실제 담당 업무 일치 정안 확정 예정 주요 항목 검토 현재 조정 검토 수당 성과급 현행 유지 성과급 검토 업무 기록
hb_doc_0296.pdf,1,hanbit semiconductor 하반기 인력 운영 검토 조직 유형 업무 검토 기록 상태 검토 진행 하반기 인력 운영 검토 호은 현재 연봉 조정 안이 우선 최근 역할 범위 넓어지다 반영 직무 수당 별도 적용 방안 비교 직무 조정 지나치다 벌어지다 비다 평가 등급 a 연간 성과급 수준 검토 앗다 현재 의견 연봉 정안 잡다 다음 조직 이동 여부 확정 최종 반영 시점 맞추다 회차 직급 체계 자체 바꾸다 개인 역할 확대 최근 평가 결과 반영 금액 차이 크다 항목 비교 급여 반영 시점 조직 이동 대상자 직무 범위 실제 담당 업무 일치 정안 확정 예정 주요 항목 검토 현재 조정 검토 수당 성과급 현행 유지 성과급 검토 업무 기록
hb_doc_0291.pdf,1,hanbit semiconductor 인력 배치 처우 검토 조직 유형 업무 검토 기록 상태 검토 진행 하반기 인력 운영 검토 현재 연봉 조정 안이 우선 최근 역할 범위 넓어지다 반영 직무 수당 별도 적용 방안 비교 직무 조정 지나치다 벌어지다 혁는 평가 등급 b 연간 성과급 수준 검토 영은 현재 의견 연봉 정안 잡다 다음 조직 이동 여부 확정 최종 반영 시점 맞추다 회차 직급 체계 자체 바꾸다 개인 역할 확대 최근 평가 결과 반영 금액 차이 크다 항목 비교 급여 반영 시점 조직 이동 대상자 직무 범위 실제 담당 업무 일치 정안 확정 예정 주요 항목 검토 현재 조정 검토 수당 성과급 현행 유지 성과급 검토 업무 기록
hb_doc_0300.pdf,1,hanbit semiconductor 직무 보상 조정 메모 조직 유형 업무 검토 기록 상태 검토 진행 하반기 인력 운영 검토 호은 현재 연봉 조정 안이 우선 최근 역할 범위 넓어지다 반영 직무 수당 별도 적용 방안 비교 직무 조정 지나치다 벌어지다 재는 평가 등급 a 연간 성과급 수준 검토 현재 의견 연봉 정안 잡다 다음 조직 이동 여부 확정 최종 반영 시점 맞추다 회차 직급 체계 자체 바꾸다 개인 역할 확대 최근 평가 결과 반영 금액 차이 크다 항목 비교 급여 반영 시점 조직 이동 대상자 직무 범위 실제 담당 업무 일치 정안 확정 예정 주요 항목 검토 현재 조정 검토 수당 성과급 현행 유지 성과급 검토 업무 기록
hb_doc_0299.pdf,1,hanbit semiconductor 급여 조정 회의 메모 조직 유형 업무 검토 기록 상태 검토 진행 하반기 인력 운영 검토 현재 연봉 조정 안이 우선 최근 역할 범위 넓어지다 반영 직무 수당 별도 적용 방안 비교 직무 조정 지나치다 벌어지다 최하 평가 등급 b 연간 성과급 수준 검토 현재 의견 연봉 정안 잡다 다음 조직 이동 여부 확정 최종 반영 시점 맞추다 회차 직급 체계 자체 바꾸다 개인 역할 확대 최근 평가 결과 반영 금액 차이 크다 항목 비교 급여 반영 시점 조직 이동 대상자 직무 범위 실제 담당 업무 일치 정안 확정 예정 주요 항목 검토 현재 조정 검토 수당 성과급 현행 유지 성과급 검토 업무 기록
hb_doc_0298.pdf,1,hanbit semiconductor 채용 전환 검토 기록 조직 유형 업무 검토 기록 상태 검토 진행 하반기 인력 운영 검토 재다 현재 연봉 조정 안이 우선 최근 역할 범위 넓어지다 반영 직무 수당 별도 적용 방안 비교 직무 조정 지나치다 벌어지다 호의 평가 등급 b 연간 성과급 수준 검토 현재 의견 호의 연봉 정안 잡다 다음 조직 이동 여부 확정 최종 반영 시점 맞추다 회차 직급 체계 자체 바꾸다 개인 역할 확대 최근 평가 결과 반영 금액 차이 크다 항목 비교 급여 반영 시점 조직 이동 대상자 직무 범위 실제 담당 업무 일치 정안 확정 예정 주요 항목 검토 현재 조정 검토 수당 성과급 현행 유지 성과급 검토 업무 기록
hb_doc_0292.pdf,1,hanbit semiconductor 반기 평가 영안 조직 유형 업무 검토 기록 상태 검토 진행 하반기 인력 운영 검토 현재 연봉 조정 안이 우선 최근 역할 범위 넓어지다 반영 직무 수당 별도 적용 방안 비교 직무 조정 지나치다 벌어지다 한유진 평가 등급 b 연간 성과급 수준 검토 현재 의견 연봉 정안 잡다 다음 조직 이동 여부 확정 최종 반영 시점 맞추다 회차 직급 체계 자체 바꾸다 개인 역할 확대 최근 평가 결과 반영 금액 차이 크다 항목 비교 급여 반영 시점 조직 이동 대상자 직무 범위 실제 담당 업무 일치 정안 확정 예정 주요 항목 검토 현재 조정 검토 수당 성과급 현행 유지 성과급 검토 업무 기록
hb_doc_0293.pdf,1,hanbit semiconductor 성과 반영 점검 조직 유형 업무 검토 기록 상태 검토 진행 하반기 인력 운영 검토 현재 연봉 조정 안이 우선 최근 역할 범위 넓어지다 반영 직무 수당 별도 적용 방안 비교 직무 조정 지나치다 벌어지다 배하 평가 등급 a 연간 성과급 수준 검토 현재 의견 연봉 정안 잡다 다음 조직 이동 여부 확정 최종 반영 시점 맞추다 회차 직급 체계 자체 바꾸다 개인 역할 확대 최근 평가 결과 반영 금액 차이 크다 항목 비교 급여 반영 시점 조직 이동 대상자 직무 범위 실제 담당 업무 일치 정안 확정 예정 주요 항목 검토 현재 조정 검토 수당 성과급 현행 유지 성과급 검토 업무 기록
hanbit_doc_002.txt,1,핵심 인재 유지 보상 hanbit semiconductor 내부 업무 서관 프로젝트 핵심 인재 유지 보상 안과 개인 보상 정안 검토 평가 결과 직무 변화 보상 일관 반영 조직 설명 달라지다 문구 점검 검토 초안 개인 지급 조정 포함 기본 별도 잔류 인센티브 분할 지급 방안 검토 비교 과정 동일 내부 최근 역할 변경 여부 개인 수치 확정 제한 인원 열람 다음 검토 급여 목별 계산 근거 맞추다 발령 일정 지급 시점 충돌 지급 조건 재직 기간 인사 규정 맞추다 수치 확정 승인 이후 급여 시스템 반영 항목 기본 조정 개인 초안 승인 검증 성과급 평가 결과 반영 재원 한도 적용 시점 발령 일정 대조 시스템 반영 준비
hanbit_doc_005.txt,1,신규 직책 보상 검토 hanbit semiconductor 내부 업무 구동 회의실 신규 직책 보상 검토 개인 보상 정안 검토 평가 결과 직무 변화 보상 일관 반영 조직 설명 달라지다 문구 점검 검토 초안 개인 지급 조정 포함 책임 역할 맡다 기본 조정 직책 수당 추가 방안 검토 비교 과정 동일 내부 최근 역할 변경 여부 개인 수치 확정 제한 인원 열람 다음 검토 급여 목별 계산 근거 맞추다 발령 일정 지급 시점 충돌 발령 시점 수당 적용 작일 확정 시스템 반영 수치 확정 승인 이후 급여 시스템 반영 항목 기본 조정 개인 초안 승인 검증 성과급 평가 결과 반영 재원 한도 적용 시점 발령 일정 대조 시스템 반영 준비
hanbit_doc_006.txt,1,하반기 보상 조정 검토 hanbit semiconductor 내부 업무 서관 프로젝트 하반기 보상 조정 검토 개인 보상 정안 검토 평가 결과 직무 변화 보상 일관 반영 조직 설명 달라지다 문구 점검 검토 초안 개인 지급 조정 포함 호의 연간 기본 조정 성과급 기본 적용 안이 검토 비교 과정 동일 내부 최근 역할 변경 여부 개인 수치 확정 제한 인원 열람 다음 검토 급여 목별 계산 근거 맞추다 발령 일정 지급 시점 충돌 동일 보상 편차 최종 반영 여부 확정 수치 확정 승인 이후 급여 시스템 반영 항목 기본 조정 개인 초안 승인 검증 성과급 평가 결과 반영 재원 한도 적용 시점 발령 일정 대조 시스템 반영 준비
hanbit_doc_004.txt,1,성과급 배분 시뮬레이션 hanbit semiconductor 내부 업무 본관 협업 성과급 배분 시뮬레이션 개인 보상 정안 검토 평가 결과 직무 변화 보상 일관 반영 조직 설명 달라지다 문구 점검 검토 초안 개인 지급 조정 포함 목표 달성 반영 호은 프로젝트 기여 도르다 반영 지급 시뮬레이션 결과 산출 비교 과정 동일 내부 최근 역할 변경 여부 개인 수치 확정 제한 인원 열람 다음 검토 급여 목별 계산 근거 맞추다 발령 일정 지급 시점 충돌 조직 재원 한도 개인 상한 수치 확정 승인 이후 급여 시스템 반영 항목 기본 조정 개인 초안 승인 검증 성과급 평가 결과 반영 재원 한도 적용 시점 발령 일정 대조 시스템 반영 준비
hanbit_doc_003.txt,1,조직 연봉 정안 hanbit semiconductor 내부 업무 본관 회의실 조직 연봉 조정 안과 개인 보상 정안 검토 장유진 평가 결과 직무 변화 보상 일관 반영 조직 설명 달라지다 문구 점검 검토 초안 개인 지급 조정 포함 연봉 조정 초안 비교 과정 동일 내부 최근 역할 변경 여부 개인 수치 확정 제한 인원 열람 다음 검토 급여 목별 계산 근거 맞추다 발령 일정 지급 시점 충돌 평가 등급 직무 난이도 반영 조정 검토 서다 수치 확정 승인 이후 급여 시스템 반영 항목 기본 조정 개인 초안 승인 검증 성과급 평가 결과 반영 재원 한도 적용 시점 발령 일정 대조 시스템 반영 준비
hanbit_doc_001.txt,1,하반기 보상 조정 검토 hanbit semiconductor 내부 업무 구동 회의실 하반기 보상 조정 검토 개인 보상 정안 검토 평가 결과 직무 변화 보상 일관 반영 조직 설명 달라지다 문구 점검 검토 초안 개인 지급 조정 포함 연간 기본 조정 성과급 기본 적용 안이 검토 비교 과정 동일 내부 최근 역할 변경 여부 개인 수치 확정 제한 인원 열람 다음 검토 급여 목별 계산 근거 맞추다 발령 일정 지급 시점 충돌 동일 보상 편차 최종 반영 여부 확정 수치 확정 승인 이후 급여 시스템 반영 항목 기본 조정 개인 초안 승인 검증 성과급 평가 결과 반영 재원 한도 적용 시점 발령 일정 대조 시스템 반영 준비
hanbit_doc_008.txt,1,조직 연봉 정안 hanbit semiconductor 내부 업무 본관 협업 조직 연봉 조정 안과 개인 보상 정안 검토 평가 결과 직무 변화 보상 일관 반영 조직 설명 달라지다 문구 점검 검토 초안 개인 지급 조정 포함 연봉 조정 초안 비교 과정 동일 내부 최근 역할 변경 여부 개인 수치 확정 제한 인원 열람 다음 검토 급여 목별 계산 근거 맞추다 발령 일정 지급 시점 충돌 평가 등급 직무 난이도 반영 조정 검토 수치 확정 승인 이후 급여 시스템 반영 항목 기본 조정 개인 초안 승인 검증 성과급 평가 결과 반영 재원 한도 적용 시점 발령 일정 대조 시스템 반영 준비
hanbit_doc_007.txt,1,핵심 인재 유지 보상 hanbit semiconductor 내부 업무 본관 회의실 핵심 인재 유지 보상 안과 개인 보상 정안 검토 이채원 평가 결과 직무 변화 보상 일관 반영 훈는 조직 설명 달라지다 문구 점검 검토 초안 개인 지급 조정 포함 기본 별도 잔류 인센티브 분할 지급 방안 검토 비교 과정 동일 내부 최근 역할 변경 여부 개인 수치 확정 제한 인원 열람 다음 검토 급여 목별 계산 근거 맞추다 발령 일정 지급 시점 충돌 지급 조건 재직 기간 인사 규정 맞추다 수치 확정 승인 이후 급여 시스템 반영 항목 기본 조정 개인 초안 승인 검증 성과급 평가 결과 반영 재원 한도 적용 시점 발령 일정 대조 시스템 반영 준비
hanbit_doc_032.txt,1,신규 직책 보상 검토 hanbit semiconductor 내부 업무 본관 협업 신규 직책 보상 검토 개인 보상 정안 검토 호은 평가 결과 직무 변화 보상 일관 반영 지다 조직 설명 달라지다 문구 점검 검토 초안 개인 지급 조정 포함 책임 역할 맡다 기본 조정 직책 수당 추가 방안 검토 비교 과정 동일 내부 최근 역할 변경 여부 개인 수치 확정 제한 인원 열람 다음 검토 급여 목별 계산 근거 맞추다 발령 일정 지급 시점 충돌 발령 시점 수당 적용 작일 확정 시스템 반영 진과 수치 확정 승인 이후 급여 시스템 반영 항목 기본 조정 개인 초안 승인 검증 성과급 평가 결과 반영 재원 한도 적용 시점 발령 일정 대조 시스템 반영 준비
hanbit_doc_042.txt,1,하반기 보상 조정 검토 hanbit semiconductor 내부 업무 서관 프로젝트 하반기 보상 조정 검토 개인 보상 정안 검토 평가 결과 직무 변화 보상 일관 반영 조직 설명 달라지다 문구 점검 검토 초안 개인 지급 조정 포함 연간 기본 조정 성과급 기본 적용 안이 검토 비교 과정 동일 내부 최근 역할 변경 여부 개인 수치 확정 제한 인원 열람 다음 검토 급여 목별 계산 근거 맞추다 발령 일정 지급 시점 충돌 동일 보상 편차 최종 반영 여부 확정 수치 확정 승인 이후 급여 시스템 반영 항목 기본 조정 개인 초안 승인 검증 성과급 평가 결과 반영 재원 한도 적용 시점 발령 일정 대조 시스템 반영 준비
hanbit_doc_011.txt,1,핵심 인재 유지 보상 hanbit semiconductor 내부 업무 본관 회의실 핵심 인재 유지 보상 안과 개인 보상 정안 검토 평가 결과 직무 변화 보상 일관 반영 지다 조직 설명 달라지다 문구 점검 검토 초안 개인 지급 조정 포함 기본 별도 잔류 인센티브 분할 지급 방안 검토 비교 과정 동일 내부 최근 역할 변경 여부 개인 수치 확정 제한 인원 열람 다음 검토 급여 목별 계산 근거 맞추다 발령 일정 지급 시점 충돌 지급 조건 재직 기간 인사 규정 맞추다 수치 확정 승인 이후 급여 시스템 반영 항목 기본 조정 개인 초안 승인 검증 성과급 평가 결과 반영 재원 한도 적용 시점 발령 일정 대조 시스템 반영 준비
hanbit_doc_016.txt,1,핵심 인재 유지 보상 hanbit semiconductor 내부 업무 본관 협업 핵심 인재 유지 보상 안과 개인 보상 정안 검토 서다 재다 평가 결과 직무 변화 보상 일관 반영 지다 조직 설명 달라지다 문구 점검 검토 초안 개인 지급 조정 포함 기본 별도 잔류 인센티브 분할 지급 방안 검토 비교 과정 동일 내부 최근 역할 변경 여부 개인 수치 확정 제한 인원 열람 다음 검토 급여 목별 계산 근거 맞추다 발령 일정 지급 시점 충돌 지급 조건 재직 기간 인사 규정 맞추다 진과 수치 확정 승인 이후 급여 시스템 반영 항목 기본 조정 개인 초안 승인 검증 성과급 평가 결과 반영 재원 한도 적용 시점 발령 일정 대조 시스템 반영 준비
hanbit_doc_037.txt,1,신규 직책 보상 검토 hanbit semiconductor 내부 업무 구동 회의실 신규 직책 보상 검토 개인 보상 정안 검토 평가 결과 직무 변화 보상 일관 반영 조직 설명 달라지다 문구 점검 검토 초안 개인 지급 조정 포함 경이 책임 역할 맡다 기본 조정 직책 수당 추가 방안 검토 비교 과정 동일 내부 최근 역할 변경 여부 개인 수치 확정 제한 인원 열람 다음 검토 급여 목별 계산 근거 맞추다 발령 일정 지급 시점 충돌 발령 시점 수당 적용 작일 확정 시스템 반영 경과 서다 수치 확정 승인 이후 급여 시스템 반영 항목 기본 조정 개인 초안 승인 검증 성과급 평가 결과 반영 재원 한도 적용 시점 발령 일정 대조 시스템 반영 준비
hanbit_doc_026.txt,1,조직 연봉 정안 hanbit semiconductor 내부 업무 서관 프로젝트 조직 연봉 조정 안과 개인 보상 정안 검토 영은 평가 결과 직무 변화 보상 일관 반영 윤는 조직 설명 달라지다 문구 점검 검토 초안 개인 지급 조정 포함 연봉 조정 초안 비교 과정 동일 내부 최근 역할 변경 여부 개인 수치 확정 제한 인원 열람 다음 검토 급여 목별 계산 근거 맞추다 발령 일정 지급 시점 충돌 평가 등급 직무 난이도 반영 조정 검토 수치 확정 승인 이후 급여 시스템 반영 항목 기본 조정 개인 초안 승인 검증 성과급 평가 결과 반영 재원 한도 적용 시점 발령 일정 대조 시스템 반영 준비
hanbit_doc_029.docx,1,하반기 보상 조정 검토 hanbit semiconductor 내부 업무 하반기 보상 조정 검토 개인 보상 정안 검토 평가 결과 직무 변화 보상 일관 반영 서다 재는 조직 설명 달라지다 문구 점검 검토 초안 개인 지급 조정 포함 우의 연간 기본 조정 성과급 기본 적용 안이 검토 비교 과정 동일 내부 최근 역할 변경 여부 개인 수치 확정 제한 인원 열람 다음 검토 급여 목별 계산 근거 맞추다 발령 일정 지급 시점 충돌 동일 보상 편차 최종 반영 여부 확정 수치 확정 승인 이후 급여 시스템 반영 항목 검토 장소 구동 회의실 범위 보상 검토 자료 항목 현재 상태 다음 조치 기본 조정 개인 초안 승인 검증 성과급 평가 결과 반영 재원 한도 적용 시점 발령 일정 대조 시스템 반영 준비
hanbit_doc_024.txt,1,하반기 보상 조정 검토 hanbit semiconductor 내부 업무 본관 협업 하반기 보상 조정 검토 개인 보상 정안 검토 문예은 평가 결과 직무 변화 보상 일관 반영 조직 설명 달라지다 문구 점검 검토 초안 개인 지급 조정 포함 서다 연간 기본 조정 성과급 기본 적용 안이 검토 비교 과정 동일 내부 최근 역할 변경 여부 개인 수치 확정 제한 인원 열람 다음 검토 급여 목별 계산 근거 맞추다 발령 일정 지급 시점 충돌 동일 보상 편차 최종 반영 여부 확정 서다 수치 확정 승인 이후 급여 시스템 반영 항목 기본 조정 개인 초안 승인 검증 성과급 평가 결과 반영 재원 한도 적용 시점 발령 일정 대조 시스템 반영 준비
hanbit_doc_019.docx,1,신규 직책 보상 검토 hanbit semiconductor 내부 업무 신규 직책 보상 검토 개인 보상 정안 검토 평가 결과 직무 변화 보상 일관 반영 조직 설명 달라지다 문구 점검 검토 초안 개인 지급 조정 포함 책임 역할 맡다 기본 조정 직책 수당 추가 방안 검토 비교 과정 동일 내부 최근 역할 변경 여부 개인 수치 확정 제한 인원 열람 다음 검토 급여 목별 계산 근거 맞추다 발령 일정 지급 시점 충돌 발령 시점 수당 적용 작일 확정 시스템 반영 수치 확정 승인 이후 급여 시스템 반영 항목 검토 장소 본관 회의실 범위 보상 검토 자료 항목 현재 상태 다음 조치 기본 조정 개인 초안 승인 검증 성과급 평가 결과 반영 재원 한도 적용 시점 발령 일정 대조 시스템 반영 준비
hanbit_doc_027.txt,1,성과급 배분 시뮬레이션 hanbit semiconductor 내부 업무 본관 회의실 성과급 배분 시뮬레이션 개인 보상 정안 검토 최하 평가 결과 직무 변화 보상 일관 반영 윤서 조직 설명 달라지다 문구 점검 검토 초안 개인 지급 조정 포함 윤는 목표 달성 반영 프로젝트 기여 도르다 반영 지급 시뮬레이션 결과 산출 비교 과정 동일 내부 최근 역할 변경 여부 개인 수치 확정 제한 인원 열람 다음 검토 급여 목별 계산 근거 맞추다 발령 일정 지급 시점 충돌 조직 재원 한도 개인 상한 수치 확정 승인 이후 급여 시스템 반영 항목 기본 조정 개인 초안 승인 검증 성과급 평가 결과 반영 재원 한도 적용 시점 발령 일정 대조 시스템 반영 준비
hanbit_doc_034.txt,1,핵심 인재 유지 보상 hanbit semiconductor 내부 업무 서관 프로젝트 핵심 인재 유지 보상 안과 개인 보상 정안 검토 평가 결과 직무 변화 보상 일관 반영 조직 설명 달라지다 문구 점검 검토 초안 개인 지급 조정 포함 기본 별도 잔류 인센티브 분할 지급 방안 검토 비교 과정 동일 내부 최근 역할 변경 여부 개인 수치 확정 제한 인원 열람 다음 검토 급여 목별 계산 근거 맞추다 발령 일정 지급 시점 충돌 지급 조건 재직 기간 인사 규정 맞추다 이채원 수치 확정 승인 이후 급여 시스템 반영 항목 기본 조정 개인 초안 승인 검증 성과급 평가 결과 반영 재원 한도 적용 시점 발령 일정 대조 시스템 반영 준비
hanbit_doc_025.txt,1,핵심 인재 유지 보상 hanbit semiconductor 내부 업무 구동 회의실 핵심 인재 유지 보상 안과 개인 보상 정안 검토 앗다 평가 결과 직무 변화 보상 일관 반영 윤는 조직 설명 달라지다 문구 점검 검토 초안 개인 지급 조정 포함 기본 별도 잔류 인센티브 분할 지급 방안 검토 비교 과정 동일 내부 최근 역할 변경 여부 개인 수치 확정 제한 인원 열람 다음 검토 급여 목별 계산 근거 맞추다 발령 일정 지급 시점 충돌 지급 조건 재직 기간 인사 규정 맞추다 수치 확정 승인 이후 급여 시스템 반영 항목 기본 조정 개인 초안 승인 검증 성과급 평가 결과 반영 재원 한도 적용 시점 발령 일정 대조 시스템 반영 준비
hanbit_doc_036.txt,1,성과급 배분 시뮬레이션 hanbit semiconductor 내부 업무 본관 협업 성과급 배분 시뮬레이션 개인 보상 정안 검토 지안 평가 결과 직무 변화 보상 일관 반영 도경 조직 설명 달라지다 문구 점검 검토 초안 개인 지급 조정 포함 목표 달성 반영 프로젝트 기여 도르다 반영 지급 시뮬레이션 결과 산출 비교 과정 동일 내부 최근 역할 변경 여부 개인 수치 확정 제한 인원 열람 다음 검토 급여 목별 계산 근거 맞추다 발령 일정 지급 시점 충돌 조직 재원 한도 개인 상한 수치 확정 승인 이후 급여 시스템 반영 항목 기본 조정 개인 초안 승인 검증 성과급 평가 결과 반영 재원 한도 적용 시점 발령 일정 대조 시스템 반영 준비
hanbit_doc_035.txt,1,조직 연봉 정안 hanbit semiconductor 내부 업무 본관 회의실 조직 연봉 조정 안과 개인 보상 정안 검토 평가 결과 직무 변화 보상 일관 반영 조직 설명 달라지다 문구 점검 검토 초안 개인 지급 조정 포함 연봉 조정 초안 비교 과정 동일 내부 최근 역할 변경 여부 개인 수치 확정 제한 인원 열람 다음 검토 급여 목별 계산 근거 맞추다 발령 일정 지급 시점 충돌 평가 등급 직무 난이도 반영 조정 검토 수치 확정 승인 이후 급여 시스템 반영 항목 기본 조정 개인 초안 승인 검증 성과급 평가 결과 반영 재원 한도 적용 시점 발령 일정 대조 시스템 반영 준비
hanbit_doc_009.docx,1,성과급 배분 시뮬레이션 hanbit semiconductor 내부 업무 성과급 배분 시뮬레이션 개인 보상 정안 검토 한민 규은 평가 결과 직무 변화 보상 일관 반영 조직 설명 달라지다 문구 점검 검토 초안 개인 지급 조정 포함 목표 달성 반영 프로젝트 기여 도르다 반영 지급 시뮬레이션 결과 산출 비교 과정 동일 내부 최근 역할 변경 여부 개인 수치 확정 제한 인원 열람 다음 검토 급여 목별 계산 근거 맞추다 발령 일정 지급 시점 충돌 조직 재원 한도 개인 상한 수치 확정 승인 이후 급여 시스템 반영 항목 검토 장소 구동 회의실 범위 보상 검토 자료 항목 현재 상태 다음 조치 기본 조정 개인 초안 승인 검증 성과급 평가 결과 반영 재원 한도 적용 시점 발령 일정 대조 시스템 반영 준비
hanbit_doc_012.txt,1,조직 연봉 정안 hanbit semiconductor 내부 업무 본관 협업 조직 연봉 조정 안과 개인 보상 정안 검토 평가 결과 직무 변화 보상 일관 반영 조직 설명 달라지다 문구 점검 검토 초안 개인 지급 조정 포함 진의 연봉 조정 초안 비교 과정 동일 내부 최근 역할 변경 여부 개인 수치 확정 제한 인원 열람 다음 검토 급여 목별 계산 근거 맞추다 발령 일정 지급 시점 충돌 평가 등급 직무 난이도 반영 조정 검토 진과 수치 확정 승인 이후 급여 시스템 반영 항목 기본 조정 개인 초안 승인 검증 성과급 평가 결과 반영 재원 한도 적용 시점 발령 일정 대조 시스템 반영 준비
hanbit_doc_017.txt,1,조직 연봉 정안 hanbit semiconductor 내부 업무 구동 회의실 조직 연봉 조정 안과 개인 보상 정안 검토 배수아 평가 결과 직무 변화 보상 일관 반영 훈는 조직 설명 달라지다 문구 점검 검토 초안 개인 지급 조정 포함 진의 연봉 조정 초안 비교 과정 동일 내부 최근 역할 변경 여부 개인 수치 확정 제한 인원 열람 다음 검토 급여 목별 계산 근거 맞추다 발령 일정 지급 시점 충돌 평가 등급 직무 난이도 반영 조정 검토 진과 수치 확정 승인 이후 급여 시스템 반영 항목 기본 조정 개인 초안 승인 검증 성과급 평가 결과 반영 재원 한도 적용 시점 발령 일정 대조 시스템 반영 준비
hanbit_doc_021.txt,1,조직 연봉 정안 hanbit semiconductor 내부 업무 구동 회의실 조직 연봉 조정 안과 개인 보상 정안 검토 평가 결과 직무 변화 보상 일관 반영 울다 조직 설명 달라지다 문구 점검 검토 초안 개인 지급 조정 포함 연봉 조정 초안 비교 과정 동일 내부 최근 역할 변경 여부 개인 수치 확정 제한 인원 열람 다음 검토 급여 목별 계산 근거 맞추다 발령 일정 지급 시점 충돌 평가 등급 직무 난이도 반영 조정 검토 수치 확정 승인 이후 급여 시스템 반영 항목 기본 조정 개인 초안 승인 검증 성과급 평가 결과 반영 재원 한도 적용 시점 발령 일정 대조 시스템 반영 준비
hanbit_doc_013.txt,1,성과급 배분 시뮬레이션 hanbit semiconductor 내부 업무 구동 회의실 성과급 배분 시뮬레이션 개인 보상 정안 검토 평가 결과 직무 변화 보상 일관 반영 조직 설명 달라지다 문구 점검 검토 초안 개인 지급 조정 포함 목표 달성 반영 프로젝트 기여 도르다 반영 지급 시뮬레이션 결과 산출 비교 과정 동일 내부 최근 역할 변경 여부 개인 수치 확정 제한 인원 열람 다음 검토 급여 목별 계산 근거 맞추다 발령 일정 지급 시점 충돌 조직 재원 한도 개인 상한 수치 확정 승인 이후 급여 시스템 반영 항목 기본 조정 개인 초안 승인 검증 성과급 평가 결과 반영 재원 한도 적용 시점 발령 일정 대조 시스템 반영 준비
hanbit_doc_020.pdf,1,하반기 보상 조정 검토 hanbit semiconductor 내부 업무 검토 장소 본관 협업 범위 보상 검토 자료 하반기 보상 조정 검토 개인 보상 정안 검토 후은 평가 결과 직무 변화 보상 일관 반영 조직 설명 달라지다 문구 점검 검토 초안 개인 지급 조정 포함 연간 기본 조정 성과급 기본 적용 안이 검토 비교 과정 동일 내부 최근 역할 변경 여부 개인 수치 확정 제한 인원 열람 다음 검토 급여 목별 계산 근거 맞추다 발령 일정 지급 시점 충돌 동일 보상 편차 최종 반영 여부 확정 수치 확정 승인 이후 급여 시스템 반영 항목 항목 현재 상태 다음 조치 기본 조정 개인 초안 승인 검증 성과급 평가 결과 반영 재원 한도 적용 시점 발령 일정 대조 시스템 반영 준비
hanbit_doc_014.txt,1,신규 직책 보상 검토 hanbit semiconductor 내부 업무 서관 프로젝트 신규 직책 보상 검토 개인 보상 정안 검토 하은 평가 결과 직무 변화 보상 일관 반영 윤는 조직 설명 달라지다 문구 점검 검토 초안 개인 지급 조정 포함 책임 역할 맡다 기본 조정 직책 수당 추가 방안 검토 비교 과정 동일 내부 최근 역할 변경 여부 개인 수치 확정 제한 인원 열람 다음 검토 급여 목별 계산 근거 맞추다 발령 일정 지급 시점 충돌 발령 시점 수당 적용 작일 확정 시스템 반영 수치 확정 승인 이후 급여 시스템 반영 항목 기본 조정 개인 초안 승인 검증 성과급 평가 결과 반영 재원 한도 적용 시점 발령 일정 대조 시스템 반영 준비
hanbit_doc_044.txt,1,조직 연봉 정안 hanbit semiconductor 내부 업무 본관 협업 조직 연봉 조정 안과 개인 보상 정안 검토 평가 결과 직무 변화 보상 일관 반영 조직 설명 달라지다 문구 점검 검토 초안 개인 지급 조정 포함 호의 연봉 호은 조정 초안 비교 과정 동일 내부 최근 역할 변경 여부 개인 수치 확정 제한 인원 열람 다음 검토 급여 목별 계산 근거 맞추다 발령 일정 지급 시점 충돌 평가 등급 직무 난이도 반영 조정 검토 수치 확정 승인 이후 급여 시스템 반영 항목 기본 조정 개인 초안 승인 검증 성과급 평가 결과 반영 재원 한도 적용 시점 발령 일정 대조 시스템 반영 준비
hanbit_doc_010.pdf,1,신규 직책 보상 검토 hanbit semiconductor 내부 업무 검토 장소 서관 프로젝트 범위 보상 검토 자료 신규 직책 보상 검토 개인 보상 정안 검토 서다 평가 결과 직무 변화 보상 일관 반영 조직 설명 달라지다 문구 점검 검토 초안 개인 지급 조정 포함 안이 책임 역할 맡다 기본 조정 직책 수당 추가 방안 검토 비교 과정 동일 내부 최근 역할 변경 여부 개인 수치 확정 제한 인원 열람 다음 검토 급여 목별 계산 근거 맞추다 발령 일정 지급 시점 충돌 발령 시점 수당 적용 작일 확정 시스템 반영 안과 수치 확정 승인 이후 급여 시스템 반영 항목 항목 현재 상태 다음 조치 기본 조정 개인 초안 승인 검증 성과급 평가 결과 반영 재원 한도 적용 시점 발령 일정 대조 시스템 반영 준비
hanbit_doc_047.txt,1,하반기 보상 조정 검토 hanbit semiconductor 내부 업무 본관 회의실 하반기 보상 조정 검토 개인 보상 정안 검토 이채원 평가 결과 직무 변화 보상 일관 반영 훈는 조직 설명 달라지다 문구 점검 검토 초안 개인 지급 조정 포함 연간 기본 조정 성과급 기본 적용 안이 검토 비교 과정 동일 내부 최근 역할 변경 여부 개인 수치 확정 제한 인원 열람 다음 검토 급여 목별 계산 근거 맞추다 발령 일정 지급 시점 충돌 동일 보상 편차 최종 반영 여부 확정 수치 확정 승인 이후 급여 시스템 반영 항목 기본 조정 개인 초안 승인 검증 성과급 평가 결과 반영 재원 한도 적용 시점 발령 일정 대조 시스템 반영 준비
hanbit_doc_046.txt,1,신규 직책 보상 검토 hanbit semiconductor 내부 업무 서관 프로젝트 신규 직책 보상 검토 개인 보상 정안 검토 평가 결과 직무 변화 보상 일관 반영 조직 설명 달라지다 문구 점검 검토 초안 개인 지급 조정 포함 책임 역할 맡다 기본 조정 직책 수당 추가 방안 검토 비교 과정 동일 내부 최근 역할 변경 여부 개인 수치 확정 제한 인원 열람 다음 검토 급여 목별 계산 근거 맞추다 발령 일정 지급 시점 충돌 발령 시점 수당 적용 작일 확정 시스템 반영 수치 확정 승인 이후 급여 시스템 반영 항목 기본 조정 개인 초안 승인 검증 성과급 평가 결과 반영 재원 한도 적용 시점 발령 일정 대조 시스템 반영 준비
hanbit_doc_039.docx,1,핵심 인재 유지 보상 hanbit semiconductor 내부 업무 핵심 인재 유지 보상 안과 개인 보상 정안 검토 소연 평가 결과 직무 변화 보상 일관 반영 조직 설명 달라지다 문구 점검 검토 초안 개인 지급 조정 포함 기본 별도 잔류 인센티브 분할 지급 방안 검토 비교 과정 동일 내부 최근 역할 변경 여부 개인 수치 확정 제한 인원 열람 다음 검토 급여 목별 계산 근거 맞추다 발령 일정 지급 시점 충돌 지급 조건 재직 기간 인사 규정 맞추다 수치 확정 승인 이후 급여 시스템 반영 항목 검토 장소 본관 회의실 범위 보상 검토 자료 항목 현재 상태 다음 조치 기본 조정 개인 초안 승인 검증 성과급 평가 결과 반영 재원 한도 적용 시점 발령 일정 대조 시스템 반영 준비
hanbit_doc_018.txt,1,성과급 배분 시뮬레이션 hanbit semiconductor 내부 업무 서관 프로젝트 성과급 배분 시뮬레이션 개인 보상 정안 검토 신우진 평가 결과 직무 변화 보상 일관 반영 조직 설명 달라지다 문구 점검 검토 초안 개인 지급 조정 포함 훈는 목표 달성 반영 프로젝트 기여 도르다 반영 지급 시뮬레이션 결과 산출 비교 과정 동일 내부 최근 역할 변경 여부 개인 수치 확정 제한 인원 열람 다음 검토 급여 목별 계산 근거 맞추다 발령 일정 지급 시점 충돌 조직 재원 한도 개인 상한 수치 확정 승인 이후 급여 시스템 반영 항목 기본 조정 개인 초안 승인 검증 성과급 평가 결과 반영 재원 한도 적용 시점 발령 일정 대조 시스템 반영 준비
hanbit_doc_031.txt,1,성과급 배분 시뮬레이션 hanbit semiconductor 내부 업무 본관 회의실 성과급 배분 시뮬레이션 개인 보상 정안 검토 평가 결과 직무 변화 보상 일관 반영 지다 조직 설명 달라지다 문구 점검 검토 초안 개인 지급 조정 포함 목표 달성 반영 앗다 프로젝트 기여 도르다 반영 지급 시뮬레이션 결과 산출 비교 과정 동일 내부 최근 역할 변경 여부 개인 수치 확정 제한 인원 열람 다음 검토 급여 목별 계산 근거 맞추다 발령 일정 지급 시점 충돌 조직 재원 한도 개인 상한 수치 확정 승인 이후 급여 시스템 반영 항목 기본 조정 개인 초안 승인 검증 성과급 평가 결과 반영 재원 한도 적용 시점 발령 일정 대조 시스템 반영 준비
hanbit_doc_040.pdf,1,조직 연봉 정안 hanbit semiconductor 내부 업무 검토 장소 본관 협업 범위 보상 검토 자료 조직 연봉 조정 안과 개인 보상 정안 검토 평가 결과 직무 변화 보상 일관 반영 조직 설명 달라지다 문구 점검 검토 초안 개인 지급 조정 포함 연봉 영은 조정 초안 비교 과정 동일 내부 최근 역할 변경 여부 개인 수치 확정 제한 인원 열람 다음 검토 급여 목별 계산 근거 맞추다 발령 일정 지급 시점 충돌 평가 등급 직무 난이도 반영 조정 검토 수치 확정 승인 이후 급여 시스템 반영 항목 항목 현재 상태 다음 조치 기본 조정 개인 초안 승인 검증 성과급 평가 결과 반영 재원 한도 적용 시점 발령 일정 대조 시스템 반영 준비
hanbit_doc_022.txt,1,성과급 배분 시뮬레이션 hanbit semiconductor 내부 업무 서관 프로젝트 성과급 배분 시뮬레이션 개인 보상 정안 검토 평가 결과 직무 변화 보상 일관 반영 조직 설명 달라지다 문구 점검 검토 초안 개인 지급 조정 포함 울다 목표 달성 반영 프로젝트 기여 도르다 반영 지급 시뮬레이션 결과 산출 비교 과정 동일 내부 최근 역할 변경 여부 개인 수치 확정 제한 인원 열람 다음 검토 급여 목별 계산 근거 맞추다 발령 일정 지급 시점 충돌 조직 재원 한도 개인 상한 수치 확정 승인 이후 급여 시스템 반영 항목 기본 조정 개인 초안 승인 검증 성과급 평가 결과 반영 재원 한도 적용 시점 발령 일정 대조 시스템 반영 준비
hanbit_doc_015.txt,1,하반기 보상 조정 검토 hanbit semiconductor 내부 업무 본관 회의실 하반기 보상 조정 검토 개인 보상 정안 검토 한지우 평가 결과 직무 변화 보상 일관 반영 지다 조직 설명 달라지다 문구 점검 검토 초안 개인 지급 조정 포함 연간 기본 조정 성과급 기본 적용 안이 검토 비교 과정 동일 내부 최근 역할 변경 여부 개인 수치 확정 제한 인원 열람 다음 검토 급여 목별 계산 근거 맞추다 발령 일정 지급 시점 충돌 동일 보상 편차 최종 반영 여부 확정 수치 확정 승인 이후 급여 시스템 반영 항목 기본 조정 개인 초안 승인 검증 성과급 평가 결과 반영 재원 한도 적용 시점 발령 일정 대조 시스템 반영 준비
hanbit_doc_033.txt,1,하반기 보상 조정 검토 hanbit semiconductor 내부 업무 구동 회의실 하반기 보상 조정 검토 개인 보상 정안 검토 나은 평가 결과 직무 변화 보상 일관 반영 조직 설명 달라지다 문구 점검 검토 초안 개인 지급 조정 포함 진의 연간 기본 조정 성과급 기본 적용 안이 검토 비교 과정 동일 내부 최근 역할 변경 여부 개인 수치 확정 제한 인원 열람 다음 검토 급여 목별 계산 근거 맞추다 발령 일정 지급 시점 충돌 동일 보상 편차 최종 반영 여부 확정 진과 수치 확정 승인 이후 급여 시스템 반영 항목 기본 조정 개인 초안 승인 검증 성과급 평가 결과 반영 재원 한도 적용 시점 발령 일정 대조 시스템 반영 준비
hanbit_doc_028.txt,1,신규 직책 보상 검토 hanbit semiconductor 내부 업무 본관 협업 신규 직책 보상 검토 개인 보상 정안 검토 평가 결과 직무 변화 보상 일관 반영 울다 조직 설명 달라지다 문구 점검 검토 초안 개인 지급 조정 포함 책임 역할 맡다 기본 조정 직책 수당 추가 방안 검토 비교 과정 동일 내부 최근 역할 변경 여부 개인 수치 확정 제한 인원 열람 다음 검토 급여 목별 계산 근거 맞추다 발령 일정 지급 시점 충돌 발령 시점 수당 적용 작일 확정 시스템 반영 도윤 수치 확정 승인 이후 급여 시스템 반영 항목 기본 조정 개인 초안 승인 검증 성과급 평가 결과 반영 재원 한도 적용 시점 발령 일정 대조 시스템 반영 준비
hanbit_doc_030.pdf,1,핵심 인재 유지 보상 hanbit semiconductor 내부 업무 검토 장소 서관 프로젝트 범위 보상 검토 자료 핵심 인재 유지 보상 안과 개인 보상 정안 검토 지호 평가 결과 직무 변화 보상 일관 반영 조직 설명 달라지다 문구 점검 검토 초안 개인 지급 조정 포함 서다 기본 별도 잔류 인센티브 분할 지급 방안 검토 비교 과정 동일 내부 최근 역할 변경 여부 개인 수치 확정 제한 인원 열람 다음 검토 급여 목별 계산 근거 맞추다 발령 일정 지급 시점 충돌 지급 조건 재직 기간 인사 규정 맞추다 서다 장유진 수치 확정 승인 이후 급여 시스템 반영 항목 항목 현재 상태 다음 조치 기본 조정 개인 초안 승인 검증 성과급 평가 결과 반영 재원 한도 적용 시점 발령 일정 대조 시스템 반영 준비
hanbit_doc_023.txt,1,신규 직책 보상 검토 hanbit semiconductor 내부 업무 본관 회의실 신규 직책 보상 검토 개인 보상 정안 검토 경은 평가 결과 직무 변화 보상 일관 반영 서다 윤는 조직 설명 달라지다 문구 점검 검토 초안 개인 지급 조정 포함 책임 역할 맡다 기본 조정 직책 수당 추가 방안 검토 비교 과정 동일 내부 최근 역할 변경 여부 개인 수치 확정 제한 인원 열람 다음 검토 급여 목별 계산 근거 맞추다 발령 일정 지급 시점 충돌 발령 시점 수당 적용 작일 확정 시스템 반영 지안 수치 확정 승인 이후 급여 시스템 반영 항목 기본 조정 개인 초안 승인 검증 성과급 평가 결과 반영 재원 한도 적용 시점 발령 일정 대조 시스템 반영 준비
hanbit_doc_043.txt,1,핵심 인재 유지 보상 hanbit semiconductor 내부 업무 본관 회의실 핵심 인재 유지 보상 안과 개인 보상 정안 검토 평가 결과 직무 변화 보상 일관 반영 조직 설명 달라지다 문구 점검 검토 초안 개인 지급 조정 포함 기본 별도 잔류 인센티브 분할 지급 방안 검토 비교 과정 동일 내부 최근 역할 변경 여부 개인 수치 확정 제한 인원 열람 다음 검토 급여 목별 계산 근거 맞추다 발령 일정 지급 시점 충돌 지급 조건 재직 기간 인사 규정 맞추다 서다 수치 확정 승인 이후 급여 시스템 반영 항목 기본 조정 개인 초안 승인 검증 성과급 평가 결과 반영 재원 한도 적용 시점 발령 일정 대조 시스템 반영 준비
hanbit_doc_049.docx,1,조직 연봉 정안 hanbit semiconductor 내부 업무 조직 연봉 조정 안과 개인 보상 정안 검토 한민 규은 평가 결과 직무 변화 보상 일관 반영 조직 설명 달라지다 문구 점검 검토 초안 개인 지급 조정 포함 연봉 조정 초안 비교 과정 동일 내부 최근 역할 변경 여부 개인 수치 확정 제한 인원 열람 다음 검토 급여 목별 계산 근거 맞추다 발령 일정 지급 시점 충돌 평가 등급 직무 난이도 반영 조정 검토 수치 확정 승인 이후 급여 시스템 반영 항목 검토 장소 구동 회의실 범위 보상 검토 자료 항목 현재 상태 다음 조치 기본 조정 개인 초안 승인 검증 성과급 평가 결과 반영 재원 한도 적용 시점 발령 일정 대조 시스템 반영 준비
hanbit_doc_048.txt,1,핵심 인재 유지 보상 hanbit semiconductor 내부 업무 본관 협업 핵심 인재 유지 보상 안과 개인 보상 정안 검토 평가 결과 직무 변화 보상 일관 반영 조직 설명 달라지다 문구 점검 검토 초안 개인 지급 조정 포함 기본 별도 잔류 인센티브 분할 지급 방안 검토 비교 과정 동일 내부 최근 역할 변경 여부 개인 수치 확정 제한 인원 열람 다음 검토 급여 목별 계산 근거 맞추다 발령 일정 지급 시점 충돌 지급 조건 재직 기간 인사 규정 맞추다 수치 확정 승인 이후 급여 시스템 반영 항목 기본 조정 개인 초안 승인 검증 성과급 평가 결과 반영 재원 한도 적용 시점 발령 일정 대조 시스템 반영 준비
hanbit_doc_050.pdf,1,성과급 배분 시뮬레이션 hanbit semiconductor 내부 업무 검토 장소 서관 프로젝트 범위 보상 검토 자료 성과급 배분 시뮬레이션 개인 보상 정안 검토 서다 평가 결과 직무 변화 보상 일관 반영 조직 설명 달라지다 문구 점검 검토 초안 개인 지급 조정 포함 목표 달성 반영 지안 프로젝트 기여 도르다 반영 지급 시뮬레이션 결과 산출 비교 과정 동일 내부 최근 역할 변경 여부 개인 수치 확정 제한 인원 열람 다음 검토 급여 목별 계산 근거 맞추다 발령 일정 지급 시점 충돌 조직 재원 한도 개인 상한 오지 안과 수치 확정 승인 이후 급여 시스템 반영 항목 항목 현재 상태 다음 조치 기본 조정 개인 초안 승인 검증 성과급 평가 결과 반영 재원 한도 적용 시점 발령 일정 대조 시스템 반영 준비
hb_doc_0007.txt,1,hanbit semiconductor 주간 고객 대응 조직 유형 업무 검토 기록 상태 검토 진행 중부 고객 대응 상황 링크 hb mx 공급 조건 맞추다 회차 이상 주문 전제 단가 조정 우선 검토 수량 미치다 기존 단가 유지 의견 모으다 태림 디바이스 다음 분기 예상 주량 수준 보고 영업 이익 아래 내려가다 추가 할인 제한 공유 태림 디바이스 경쟁 제시 가가 수준 설명 전달 물량 확정 여부 리베이트 최대 적용 시나리오 비교 안다 갱신 일정 말로 예상 계정 우선 순위 제안 표현 통일 납기 조건 고객 가격 변경 실제 주문 수량 장기 계약 여부 조정 다음 영업 회의 거래처 확정 수량 예상 매출 차이 비교 예정 주요 항목 검토 항목 현재 다음 네오 링크 단가 이상 조건 태림 디바이스 전망 마진 유지 여부 리베이트 범위 최대 계약 일정
hb_doc_0021.txt,1,hanbit semiconductor 거래처 협의 진행 메모 조직 유형 업무 검토 기록 상태 검토 진행 동남권 고객 대응 상황 앗다 태림 디바이스 hb xc 공급 조건 맞추다 회차 이상 주문 전제 단가 조정 우선 검토 수량 미치다 기존 단가 유지 의견 모으다 윤는 전자 다음 분기 예상 주량 수준 보고 영업 이익 아래 내려가다 추가 할인 제한 공유 전자 경쟁 제시 가가 수준 설명 전달 물량 확정 여부 리베이트 최대 적용 시나리오 비교 윤서 하은 갱신 일정 말로 예상 계정 우선 순위 제안 표현 통일 납기 조건 고객 가격 변경 실제 주문 수량 장기 계약 여부 조정 다음 영업 회의 거래처 확정 수량 예상 매출 차이 비교 예정 주요 항목 검토 항목 현재 다음 태림 디바이스 단가 이상 조건 전자 전망 마진 유지 여부 리베이트 범위 최대 계약 일정
hb_doc_0006.txt,1,hanbit semiconductor 거래 일정 조율 메모 조직 유형 업무 검토 기록 상태 검토 진행 동남권 고객 대응 상황 블루 스톤 모빌리티 hb mx 공급 조건 맞추다 회차 이상 주문 전제 단가 조정 우선 검토 수량 미치다 기존 단가 유지 의견 모으다 유니온 다음 분기 예상 주량 수준 보고 영업 이익 아래 내려가다 추가 할인 제한 공유 유니온 경쟁 제시 가가 수준 설명 전달 물량 확정 여부 리베이트 최대 적용 시나리오 비교 갱신 일정 말로 예상 계정 우선 순위 제안 표현 통일 납기 조건 고객 가격 변경 실제 주문 수량 장기 계약 여부 조정 다음 영업 회의 거래처 확정 수량 예상 매출 차이 비교 예정 주요 항목 검토 항목 현재 다음 블루 스톤 모빌리티 단가 이상 조건 유니온 전망 마진 유지 여부 리베이트 범위 최대 계약 일정
hb_doc_0013.txt,1,hanbit semiconductor 월간 영업 운영 기록 조직 유형 업무 검토 기록 상태 검토 진행 중부 고객 대응 상황 전자 hb dr 공급 조건 맞추다 회차 이상 주문 전제 단가 조정 우선 검토 수량 미치다 기존 단가 유지 의견 모으다 한결 테크 다음 분기 예상 주량 수준 보고 영업 이익 아래 내려가다 추가 할인 제한 공유 한결 테크 경쟁 제시 가가 수준 설명 전달 물량 확정 여부 리베이트 최대 적용 시나리오 비교 서유 나은 갱신 일정 말로 예상 계정 우선 순위 제안 표현 통일 납기 조건 고객 가격 변경 실제 주문 수량 장기 계약 여부 조정 다음 영업 회의 거래처 확정 수량 예상 매출 차이 비교 예정 주요 항목 검토 항목 현재 다음 전자 단가 이상 조건 한결 테크 전망 마진 유지 여부 리베이트 범위 최대 계약 일정
hb_doc_0012.txt,1,hanbit semiconductor 거래처 협의 진행 메모 조직 유형 업무 검토 기록 상태 검토 진행 중부 고객 대응 상황 전자 hb mx 공급 조건 맞추다 회차 이상 주문 전제 단가 조정 우선 검토 수량 미치다 기존 단가 유지 의견 모으다 코어 웨이브 다음 분기 예상 주량 수준 보고 영업 이익 아래 내려가다 추가 할인 제한 공유 코어 웨이브 경쟁 제시 가가 수준 설명 전달 물량 확정 여부 리베이트 최대 적용 시나리오 비교 갱신 일정 주로 예상 계정 우선 순위 제안 표현 통일 납기 조건 고객 가격 변경 실제 주문 수량 장기 계약 여부 조정 다음 영업 회의 거래처 확정 수량 예상 매출 차이 비교 예정 주요 항목 검토 항목 현재 다음 전자 단가 이상 조건 코어 웨이브 전망 마진 유지 여부 리베이트 범위 최대 계약 일정
hb_doc_0025.txt,1,hanbit semiconductor 고객 요청 검토 조직 유형 업무 검토 기록 상태 검토 진행 동남권 고객 대응 상황 전자 hb nv 공급 조건 맞추다 회차 이상 주문 전제 단가 조정 우선 검토 수량 미치다 기존 단가 유지 의견 모으다 오로라 시스템 다음 분기 예상 주량 수준 보고 영업 이익 아래 내려가다 추가 할인 제한 공유 오로라 시스 템즈 경쟁 제시 가가 수준 설명 전달 물량 확정 여부 리베이트 최대 적용 시나리오 비교 조민재 갱신 일정 주로 예상 계정 우선 순위 제안 표현 통일 납기 조건 고객 가격 변경 실제 주문 수량 장기 계약 여부 조정 다음 영업 회의 거래처 확정 수량 예상 매출 차이 비교 예정 주요 항목 검토 항목 현재 다음 전자 단가 이상 조건 오로라 시스 템즈 전망 마진 유지 여부 리베이트 범위 최대 계약 일정
hb_doc_0031.txt,1,hanbit semiconductor 견적 조정 회의 메모 조직 유형 업무 검토 기록 상태 검토 진행 남부 고객 대응 상황 유니온 hb nv 공급 조건 맞추다 회차 이상 주문 전제 단가 조정 우선 검토 수량 미치다 기존 단가 유지 의견 모으다 지다 버넷 솔루션 다음 분기 예상 주량 수준 보고 영업 이익 아래 내려가다 추가 할인 제한 공유 버넷 솔루션 경쟁 제시 가가 수준 설명 전달 물량 확정 여부 리베이트 최대 적용 시나리오 비교 가은 갱신 일정 주로 예상 계정 우선 순위 제안 표현 통일 납기 조건 고객 가격 변경 실제 주문 수량 장기 계약 여부 조정 다음 영업 회의 거래처 확정 수량 예상 매출 차이 비교 예정 주요 항목 검토 항목 현재 다음 유니온 단가 이상 조건 버넷 솔루션 전망 마진 유지 여부 리베이트 범위 최대 계약 일정
hb_doc_0028.txt,1,hanbit semiconductor 거래 일정 조율 메모 조직 유형 업무 검토 기록 상태 검토 진행 남부 고객 대응 상황 링크 hb p 공급 조건 맞추다 회차 이상 주문 전제 단가 조정 우선 검토 수량 미치다 기존 단가 유지 의견 모으다 태림 디바이스 다음 분기 예상 주량 수준 보고 영업 이익 아래 내려가다 추가 할인 제한 공유 태림 디바이스 경쟁 제시 가가 수준 설명 전달 물량 확정 여부 리베이트 최대 적용 시나리오 비교 갱신 일정 주로 예상 계정 우선 순위 제안 표현 통일 납기 조건 고객 가격 변경 실제 주문 수량 장기 계약 여부 조정 다음 영업 회의 거래처 확정 수량 예상 매출 차이 비교 예정 주요 항목 검토 항목 현재 다음 네오 링크 단가 이상 조건 태림 디바이스 전망 마진 유지 여부 리베이트 범위 최대 계약 일정
hb_doc_0019.txt,1,hanbit semiconductor 견적 조정 회의 메모 조직 유형 업무 검토 기록 상태 검토 진행 남부 고객 대응 상황 유니온 hb xc 공급 조건 맞추다 회차 이상 주문 전제 단가 조정 우선 검토 수량 미치다 기존 단가 유지 의견 모으다 미래 모듈 다음 분기 예상 주량 수준 보고 영업 이익 아래 내려가다 추가 할인 제한 공유 미래 모듈 경쟁 제시 가가 수준 설명 전달 물량 확정 여부 리베이트 최대 적용 시나리오 비교 정수빈 갱신 일정 말로 예상 계정 우선 순위 제안 표현 통일 납기 조건 고객 가격 변경 실제 주문 수량 장기 계약 여부 조정 다음 영업 회의 거래처 확정 수량 예상 매출 차이 비교 예정 주요 항목 검토 항목 현재 다음 유니온 단가 이상 조건 미래 모듈 전망 마진 유지 여부 리베이트 범위 최대 계약 일정
hb_doc_0026.txt,1,hanbit semiconductor 주간 고객 대응 조직 유형 업무 검토 기록 상태 검토 진행 남부 고객 대응 상황 블루 스톤 모빌리티 hb eu 공급 조건 맞추다 회차 이상 주문 전제 단가 조정 우선 검토 수량 미치다 기존 단가 유지 의견 모으다 유니온 다음 분기 예상 주량 수준 보고 영업 이익 아래 내려가다 추가 할인 제한 공유 유니온 경쟁 제시 가가 수준 설명 전달 물량 확정 여부 리베이트 최대 적용 시나리오 비교 박서준 갱신 일정 주로 예상 계정 우선 순위 제안 표현 통일 납기 조건 고객 가격 변경 실제 주문 수량 장기 계약 여부 조정 다음 영업 회의 거래처 확정 수량 예상 매출 차이 비교 예정 주요 항목 검토 항목 현재 다음 블루 스톤 모빌리티 단가 이상 조건 유니온 전망 마진 유지 여부 리베이트 범위 최대 계약 일정
hb_doc_0004.txt,1,hanbit semiconductor 견적 조정 회의 메모 조직 유형 업무 검토 기록 상태 검토 진행 중부 고객 대응 상황 블루 스톤 모빌리티 hb mx 공급 조건 맞추다 회차 이상 주문 전제 단가 조정 우선 검토 수량 미치다 기존 단가 유지 의견 모으다 전자 다음 분기 예상 주량 수준 보고 영업 이익 아래 내려가다 추가 할인 제한 공유 전자 경쟁 제시 가가 수준 설명 전달 물량 확정 여부 리베이트 최대 적용 시나리오 비교 유태현 갱신 일정 주로 예상 계정 우선 순위 제안 표현 통일 납기 조건 고객 가격 변경 실제 주문 수량 장기 계약 여부 조정 다음 영업 회의 거래처 확정 수량 예상 매출 차이 비교 예정 주요 항목 검토 항목 현재 다음 블루 스톤 모빌리티 단가 이상 조건 전자 전망 마진 유지 여부 리베이트 범위 최대 계약 일정
hb_doc_0022.txt,1,hanbit semiconductor 채널 운영 점검 기록 조직 유형 업무 검토 기록 상태 검토 진행 동남권 고객 대응 상황 미래 모듈 hb mx 공급 조건 맞추다 회차 이상 주문 전제 단가 조정 우선 검토 수량 미치다 기존 단가 유지 의견 모으다 블루 스톤 모빌리티 다음 분기 예상 주량 수준 보고 영업 이익 아래 내려가다 추가 할인 제한 공유 블루 스톤 모빌리티 경쟁 제시 가가 수준 설명 전달 물량 확정 여부 리베이트 최대 적용 시나리오 비교 유태현 갱신 일정 말로 예상 계정 우선 순위 제안 표현 통일 납기 조건 고객 가격 변경 실제 주문 수량 장기 계약 여부 조정 다음 영업 회의 거래처 확정 수량 예상 매출 차이 비교 예정 주요 항목 검토 항목 현재 다음 미래 모듈 단가 이상 조건 블루 스톤 모빌리티 전망 마진 유지 여부 리베이트 범위 최대 계약 일정
hb_doc_0029.txt,1,hanbit semiconductor 주간 고객 대응 조직 유형 업무 검토 기록 상태 검토 진행 중부 고객 대응 상황 영은 링크 hb mx 공급 조건 맞추다 회차 이상 주문 전제 단가 조정 우선 검토 수량 미치다 기존 단가 유지 의견 모으다 태림 디바이스 다음 분기 예상 주량 수준 보고 영업 이익 아래 내려가다 추가 할인 제한 공유 태림 디바이스 경쟁 제시 가가 수준 설명 전달 물량 확정 여부 리베이트 최대 적용 시나리오 비교 조민재 갱신 일정 주로 예상 계정 우선 순위 제안 표현 통일 납기 조건 고객 가격 변경 실제 주문 수량 장기 계약 여부 조정 다음 영업 회의 거래처 확정 수량 예상 매출 차이 비교 예정 주요 항목 검토 항목 현재 다음 네오 링크 단가 이상 조건 태림 디바이스 전망 마진 유지 여부 리베이트 범위 최대 계약 일정
hb_doc_0002.txt,1,hanbit semiconductor 거래 일정 조율 메모 조직 유형 업무 검토 기록 상태 검토 진행 동남권 고객 대응 상황 코어 웨이브 hb q 공급 조건 맞추다 회차 이상 주문 전제 단가 조정 우선 검토 수량 미치다 기존 단가 유지 의견 모으다 윤는 한결 테크 다음 분기 예상 주량 수준 보고 영업 이익 아래 내려가다 추가 할인 제한 공유 한결 테크 경쟁 제시 가가 수준 설명 전달 물량 확정 여부 리베이트 최대 적용 시나리오 비교 갱신 일정 주로 예상 계정 우선 순위 제안 표현 통일 납기 조건 고객 가격 변경 실제 주문 수량 장기 계약 여부 조정 다음 영업 회의 거래처 확정 수량 예상 매출 차이 비교 예정 주요 항목 검토 항목 현재 다음 코어 웨이브 단가 이상 조건 한결 테크 전망 마진 유지 여부 리베이트 범위 최대 계약 일정
hb_doc_0024.txt,1,hanbit semiconductor 분기 수주 흐름 조직 유형 업무 검토 기록 상태 검토 진행 중부 고객 대응 상황 한결 테크 hb q 공급 조건 맞추다 회차 이상 주문 전제 단가 조정 우선 검토 수량 미치다 기존 단가 유지 의견 모으다 블루 스톤 모빌리티 다음 분기 예상 주량 수준 보고 영업 이익 아래 내려가다 추가 할인 제한 공유 블루 스톤 모빌리티 경쟁 제시 가가 수준 설명 전달 물량 확정 여부 리베이트 최대 적용 시나리오 비교 김현영 갱신 일정 말로 예상 계정 우선 순위 제안 표현 통일 납기 조건 고객 가격 변경 실제 주문 수량 장기 계약 여부 조정 다음 영업 회의 거래처 확정 수량 예상 매출 차이 비교 예정 주요 항목 검토 항목 현재 다음 한결 테크 단가 이상 조건 블루 스톤 모빌리티 전망 마진 유지 여부 리베이트 범위 최대 계약 일정
hb_doc_0008.txt,1,hanbit semiconductor 주간 고객 대응 조직 유형 업무 검토 기록 상태 검토 진행 서부 고객 대응 상황 태림 디바이스 hb nv 공급 조건 맞추다 회차 이상 주문 전제 단가 조정 우선 검토 수량 미치다 기존 단가 유지 의견 모으다 전자 다음 분기 예상 주량 수준 보고 영업 이익 아래 내려가다 추가 할인 제한 공유 전자 경쟁 제시 가가 수준 설명 전달 물량 확정 여부 리베이트 최대 적용 시나리오 비교 조민재 갱신 일정 주로 예상 계정 우선 순위 제안 표현 통일 납기 조건 고객 가격 변경 실제 주문 수량 장기 계약 여부 조정 다음 영업 회의 거래처 확정 수량 예상 매출 차이 비교 예정 주요 항목 검토 항목 현재 다음 태림 디바이스 단가 이상 조건 전자 전망 마진 유지 여부 리베이트 범위 최대 계약 일정
hb_doc_0020.txt,1,hanbit semiconductor 채널 운영 점검 기록 조직 유형 업무 검토 기록 상태 검토 진행 중부 고객 대응 상황 전자 hb mx 공급 조건 맞추다 회차 이상 주문 전제 단가 조정 우선 검토 수량 미치다 기존 단가 유지 의견 모으다 윤는 코어 웨이브 다음 분기 예상 주량 수준 보고 영업 이익 아래 내려가다 추가 할인 제한 공유 코어 웨이브 경쟁 제시 가가 수준 설명 전달 물량 확정 여부 리베이트 최대 적용 시나리오 비교 갱신 일정 주로 예상 계정 우선 순위 제안 표현 통일 납기 조건 고객 가격 변경 실제 주문 수량 장기 계약 여부 조정 다음 영업 회의 거래처 확정 수량 예상 매출 차이 비교 예정 주요 항목 검토 항목 현재 다음 전자 단가 이상 조건 코어 웨이브 전망 마진 유지 여부 리베이트 범위 최대 계약 일정
hb_doc_0001.txt,1,hanbit semiconductor 거래처 협의 진행 메모 조직 유형 업무 검토 기록 상태 검토 진행 중부 고객 대응 상황 문서연 미래 모듈 hb p 공급 조건 맞추다 회차 이상 주문 전제 단가 조정 우선 검토 수량 미치다 기존 단가 유지 의견 모으다 링크 다음 분기 예상 주량 수준 보고 영업 이익 아래 내려가다 추가 할인 제한 공유 네오 링크 경쟁 제시 가가 수준 설명 전달 물량 확정 여부 리베이트 최대 적용 시나리오 비교 장민석 갱신 일정 주로 예상 계정 우선 순위 제안 표현 통일 납기 조건 고객 가격 변경 실제 주문 수량 장기 계약 여부 조정 다음 영업 회의 거래처 확정 수량 예상 매출 차이 비교 예정 주요 항목 검토 항목 현재 다음 미래 모듈 단가 이상 조건 네오 링크 전망 마진 유지 여부 리베이트 범위 최대 계약 일정
hb_doc_0027.txt,1,hanbit semiconductor 주간 고객 대응 조직 유형 업무 검토 기록 상태 검토 진행 수도권 고객 대응 상황 코어 웨이브 hb nv 공급 조건 맞추다 회차 이상 주문 전제 단가 조정 우선 검토 수량 미치다 기존 단가 유지 의견 모으다 전자 다음 분기 예상 주량 수준 보고 영업 이익 아래 내려가다 추가 할인 제한 공유 전자 경쟁 제시 가가 수준 설명 전달 물량 확정 여부 리베이트 최대 적용 시나리오 비교 권태윤 갱신 일정 주로 예상 계정 우선 순위 제안 표현 통일 납기 조건 고객 가격 변경 실제 주문 수량 장기 계약 여부 조정 다음 영업 회의 거래처 확정 수량 예상 매출 차이 비교 예정 주요 항목 검토 항목 현재 다음 코어 웨이브 단가 이상 조건 전자 전망 마진 유지 여부 리베이트 범위 최대 계약 일정
hb_doc_0016.txt,1,hanbit semiconductor 주간 고객 대응 조직 유형 업무 검토 기록 상태 검토 진행 중부 고객 대응 상황 호은 유니온 hb nv 공급 조건 맞추다 회차 이상 주문 전제 단가 조정 우선 검토 수량 미치다 기존 단가 유지 의견 모으다 지다 전자 다음 분기 예상 주량 수준 보고 영업 이익 아래 내려가다 추가 할인 제한 공유 전자 경쟁 제시 가가 수준 설명 전달 물량 확정 여부 리베이트 최대 적용 시나리오 비교 안다 갱신 일정 말로 예상 계정 우선 순위 제안 표현 통일 납기 조건 고객 가격 변경 실제 주문 수량 장기 계약 여부 조정 다음 영업 회의 거래처 확정 수량 예상 매출 차이 비교 예정 주요 항목 검토 항목 현재 다음 유니온 단가 이상 조건 전자 전망 마진 유지 여부 리베이트 범위 최대 계약 일정
hb_doc_0010.txt,1,hanbit semiconductor 견적 조정 회의 메모 조직 유형 업무 검토 기록 상태 검토 진행 수도권 고객 대응 상황 앗다 오로라 시스템 hb mx 공급 조건 맞추다 회차 이상 주문 전제 단가 조정 우선 검토 수량 미치다 기존 단가 유지 의견 모으다 링크 다음 분기 예상 주량 수준 보고 영업 이익 아래 내려가다 추가 할인 제한 공유 네오 링크 경쟁 제시 가가 수준 설명 전달 물량 확정 여부 리베이트 최대 적용 시나리오 비교 황준혁 갱신 일정 주로 예상 계정 우선 순위 제안 표현 통일 납기 조건 고객 가격 변경 실제 주문 수량 장기 계약 여부 조정 다음 영업 회의 거래처 확정 수량 예상 매출 차이 비교 예정 주요 항목 검토 항목 현재 다음 오로라 시스 템즈 단가 이상 조건 네오 링크 전망 마진 유지 여부 리베이트 범위 최대 계약 일정
hb_doc_0009.txt,1,hanbit semiconductor 거래 일정 조율 메모 조직 유형 업무 검토 기록 상태 검토 진행 중부 고객 대응 상황 앗다 버넷 솔루션 hb mx 공급 조건 맞추다 회차 이상 주문 전제 단가 조정 우선 검토 수량 미치다 기존 단가 유지 의견 모으다 훈는 링크 다음 분기 예상 주량 수준 보고 영업 이익 아래 내려가다 추가 할인 제한 공유 네오 링크 경쟁 제시 가가 수준 설명 전달 물량 확정 여부 리베이트 최대 적용 시나리오 비교 조민재 갱신 일정 말로 예상 계정 우선 순위 제안 표현 통일 납기 조건 고객 가격 변경 실제 주문 수량 장기 계약 여부 조정 다음 영업 회의 거래처 확정 수량 예상 매출 차이 비교 예정 주요 항목 검토 항목 현재 다음 버넷 솔루션 단가 이상 조건 네오 링크 전망 마진 유지 여부 리베이트 범위 최대 계약 일정
hb_doc_0023.txt,1,hanbit semiconductor 월간 영업 운영 기록 조직 유형 업무 검토 기록 상태 검토 진행 수도권 고객 대응 상황 전자 hb p 공급 조건 맞추다 회차 이상 주문 전제 단가 조정 우선 검토 수량 미치다 기존 단가 유지 의견 모으다 버넷 솔루션 다음 분기 예상 주량 수준 보고 영업 이익 아래 내려가다 추가 할인 제한 공유 버넷 솔루션 경쟁 제시 가가 수준 설명 전달 물량 확정 여부 리베이트 최대 적용 시나리오 비교 갱신 일정 주로 예상 계정 우선 순위 제안 표현 통일 납기 조건 고객 가격 변경 실제 주문 수량 장기 계약 여부 조정 다음 영업 회의 거래처 확정 수량 예상 매출 차이 비교 예정 주요 항목 검토 항목 현재 다음 전자 단가 이상 조건 버넷 솔루션 전망 마진 유지 여부 리베이트 범위 최대 계약 일정
hb_doc_0015.txt,1,hanbit semiconductor 거래 일정 조율 메모 조직 유형 업무 검토 기록 상태 검토 진행 중부 고객 대응 상황 서다 나은 태림 디바이스 hb mx 공급 조건 맞추다 회차 이상 주문 전제 단가 조정 우선 검토 수량 미치다 기존 단가 유지 의견 모으다 미래 모듈 다음 분기 예상 주량 수준 보고 영업 이익 아래 내려가다 추가 할인 제한 공유 미래 모듈 경쟁 제시 가가 수준 설명 전달 물량 확정 여부 리베이트 최대 적용 시나리오 비교 갱신 일정 주로 예상 계정 우선 순위 제안 표현 통일 납기 조건 고객 가격 변경 실제 주문 수량 장기 계약 여부 조정 다음 영업 회의 거래처 확정 수량 예상 매출 차이 비교 예정 주요 항목 검토 항목 현재 다음 태림 디바이스 단가 이상 조건 미래 모듈 전망 마진 유지 여부 리베이트 범위 최대 계약 일정
hb_doc_0014.txt,1,hanbit semiconductor 채널 운영 점검 기록 조직 유형 업무 검토 기록 상태 검토 진행 동남권 고객 대응 상황 한결 테크 hb p 공급 조건 맞추다 회차 이상 주문 전제 단가 조정 우선 검토 수량 미치다 기존 단가 유지 의견 모으다 전자 다음 분기 예상 주량 수준 보고 영업 이익 아래 내려가다 추가 할인 제한 공유 전자 경쟁 제시 가가 수준 설명 전달 물량 확정 여부 리베이트 최대 적용 시나리오 비교 조민재 갱신 일정 주로 예상 계정 우선 순위 제안 표현 통일 납기 조건 고객 가격 변경 실제 주문 수량 장기 계약 여부 조정 다음 영업 회의 거래처 확정 수량 예상 매출 차이 비교 예정 주요 항목 검토 항목 현재 다음 한결 테크 단가 이상 조건 전자 전망 마진 유지 여부 리베이트 범위 최대 계약 일정
hb_doc_0032.txt,1,hanbit semiconductor 월간 영업 운영 기록 조직 유형 업무 검토 기록 상태 검토 진행 서부 고객 대응 상황 유니온 hb xc 공급 조건 맞추다 회차 이상 주문 전제 단가 조정 우선 검토 수량 미치다 기존 단가 유지 의견 모으다 버넷 솔루션 다음 분기 예상 주량 수준 보고 영업 이익 아래 내려가다 추가 할인 제한 공유 버넷 솔루션 경쟁 제시 가가 수준 설명 전달 물량 확정 여부 리베이트 최대 적용 시나리오 비교 윤서 하은 갱신 일정 주로 예상 계정 우선 순위 제안 표현 통일 납기 조건 고객 가격 변경 실제 주문 수량 장기 계약 여부 조정 다음 영업 회의 거래처 확정 수량 예상 매출 차이 비교 예정 주요 항목 검토 항목 현재 다음 유니온 단가 이상 조건 버넷 솔루션 전망 마진 유지 여부 리베이트 범위 최대 계약 일정
hb_doc_0030.txt,1,hanbit semiconductor 월간 영업 운영 기록 조직 유형 업무 검토 기록 상태 검토 진행 수도권 고객 대응 상황 오로라 시스템 hb dr 공급 조건 맞추다 회차 이상 주문 전제 단가 조정 우선 검토 수량 미치다 기존 단가 유지 의견 모으다 문서연 블루 스톤 모빌리티 다음 분기 예상 주량 수준 보고 영업 이익 아래 내려가다 추가 할인 제한 공유 블루 스톤 모빌리티 경쟁 제시 가가 수준 설명 전달 물량 확정 여부 리베이트 최대 적용 시나리오 비교 안다 갱신 일정 주로 예상 계정 우선 순위 제안 표현 통일 납기 조건 고객 가격 변경 실제 주문 수량 장기 계약 여부 조정 다음 영업 회의 거래처 확정 수량 예상 매출 차이 비교 예정 주요 항목 검토 항목 현재 다음 오로라 시스 템즈 단가 이상 조건 블루 스톤 모빌리티 전망 마진 유지 여부 리베이트 범위 최대 계약 일정
hb_doc_0003.txt,1,hanbit semiconductor 채널 운영 점검 기록 조직 유형 업무 검토 기록 상태 검토 진행 수도권 고객 대응 상황 미래 모듈 hb dr 공급 조건 맞추다 회차 이상 주문 전제 단가 조정 우선 검토 수량 미치다 기존 단가 유지 의견 모으다 서다 유니온 다음 분기 예상 주량 수준 보고 영업 이익 아래 내려가다 추가 할인 제한 공유 유니온 경쟁 제시 가가 수준 설명 전달 물량 확정 여부 리베이트 최대 적용 시나리오 비교 이도윤 갱신 일정 주로 예상 계정 우선 순위 제안 표현 통일 납기 조건 고객 가격 변경 실제 주문 수량 장기 계약 여부 조정 다음 영업 회의 거래처 확정 수량 예상 매출 차이 비교 예정 주요 항목 검토 항목 현재 다음 미래 모듈 단가 이상 조건 유니온 전망 마진 유지 여부 리베이트 범위 최대 계약 일정
hb_doc_0011.txt,1,hanbit semiconductor 고객 요청 검토 조직 유형 업무 검토 기록 상태 검토 진행 수도권 고객 대응 상황 한결 테크 hb nv 공급 조건 맞추다 회차 이상 주문 전제 단가 조정 우선 검토 수량 미치다 기존 단가 유지 의견 모으다 미래 모듈 다음 분기 예상 주량 수준 보고 영업 이익 아래 내려가다 추가 할인 제한 공유 미래 모듈 경쟁 제시 가가 수준 설명 전달 물량 확정 여부 리베이트 최대 적용 시나리오 비교 갱신 일정 말로 예상 계정 우선 순위 제안 표현 통일 납기 조건 고객 가격 변경 실제 주문 수량 장기 계약 여부 조정 다음 영업 회의 거래처 확정 수량 예상 매출 차이 비교 예정 주요 항목 검토 항목 현재 다음 한결 테크 단가 이상 조건 미래 모듈 전망 마진 유지 여부 리베이트 범위 최대 계약 일정
hb_doc_0005.txt,1,hanbit semiconductor 견적 조정 회의 메모 조직 유형 업무 검토 기록 상태 검토 진행 남부 고객 대응 상황 태림 디바이스 hb dr 공급 조건 맞추다 회차 이상 주문 전제 단가 조정 우선 검토 수량 미치다 기존 단가 유지 의견 모으다 버넷 솔루션 다음 분기 예상 주량 수준 보고 영업 이익 아래 내려가다 추가 할인 제한 공유 버넷 솔루션 경쟁 제시 가가 수준 설명 전달 물량 확정 여부 리베이트 최대 적용 시나리오 비교 갱신 일정 주로 예상 계정 우선 순위 제안 표현 통일 납기 조건 고객 가격 변경 실제 주문 수량 장기 계약 여부 조정 다음 영업 회의 거래처 확정 수량 예상 매출 차이 비교 예정 주요 항목 검토 항목 현재 다음 태림 디바이스 단가 이상 조건 버넷 솔루션 전망 마진 유지 여부 리베이트 범위 최대 계약 일정
hb_doc_0017.txt,1,hanbit semiconductor 거래처 협의 진행 메모 조직 유형 업무 검토 기록 상태 검토 진행 중부 고객 대응 상황 오로라 시스템 hb eu 공급 조건 맞추다 회차 이상 주문 전제 단가 조정 우선 검토 수량 미치다 기존 단가 유지 의견 모으다 블루 스톤 모빌리티 다음 분기 예상 주량 수준 보고 영업 이익 아래 내려가다 추가 할인 제한 공유 블루 스톤 모빌리티 경쟁 제시 가가 수준 설명 전달 물량 확정 여부 리베이트 최대 적용 시나리오 비교 유태현 갱신 일정 주로 예상 계정 우선 순위 제안 표현 통일 납기 조건 고객 가격 변경 실제 주문 수량 장기 계약 여부 조정 다음 영업 회의 거래처 확정 수량 예상 매출 차이 비교 예정 주요 항목 검토 항목 현재 다음 오로라 시스 템즈 단가 이상 조건 블루 스톤 모빌리티 전망 마진 유지 여부 리베이트 범위 최대 계약 일정
hb_doc_0018.txt,1,hanbit semiconductor 주간 고객 대응 조직 유형 업무 검토 기록 상태 검토 진행 수도권 고객 대응 상황 하은 유니온 hb dr 공급 조건 맞추다 회차 이상 주문 전제 단가 조정 우선 검토 수량 미치다 기존 단가 유지 의견 모으다 전자 다음 분기 예상 주량 수준 보고 영업 이익 아래 내려가다 추가 할인 제한 공유 전자 경쟁 제시 가가 수준 설명 전달 물량 확정 여부 리베이트 최대 적용 시나리오 비교 박민준 갱신 일정 주로 예상 계정 우선 순위 제안 표현 통일 납기 조건 고객 가격 변경 실제 주문 수량 장기 계약 여부 조정 다음 영업 회의 거래처 확정 수량 예상 매출 차이 비교 예정 주요 항목 검토 항목 현재 다음 유니온 단가 이상 조건 전자 전망 마진 유지 여부 리베이트 범위 최대 계약 일정
hb_doc_0049.txt,1,hanbit semiconductor 견적 조정 회의 메모 조직 유형 업무 검토 기록 상태 검토 진행 중부 고객 대응 상황 서다 나은 태림 디바이스 hb eu 공급 조건 맞추다 회차 이상 주문 전제 단가 조정 우선 검토 수량 미치다 기존 단가 유지 의견 모으다 코어 웨이브 다음 분기 예상 주량 수준 보고 영업 이익 아래 내려가다 추가 할인 제한 공유 코어 웨이브 경쟁 제시 가가 수준 설명 전달 물량 확정 여부 리베이트 최대 적용 시나리오 비교 갱신 일정 주로 예상 계정 우선 순위 제안 표현 통일 납기 조건 고객 가격 변경 실제 주문 수량 장기 계약 여부 조정 다음 영업 회의 거래처 확정 수량 예상 매출 차이 비교 예정 주요 항목 검토 항목 현재 다음 태림 디바이스 단가 이상 조건 코어 웨이브 전망 마진 유지 여부 리베이트 범위 최대 계약 일정
hb_doc_0044.txt,1,hanbit semiconductor 주간 고객 대응 조직 유형 업무 검토 기록 상태 검토 진행 남부 고객 대응 상황 버넷 솔루션 hb mx 공급 조건 맞추다 회차 이상 주문 전제 단가 조정 우선 검토 수량 미치다 기존 단가 유지 의견 모으다 혁는 미래 모듈 다음 분기 예상 주량 수준 보고 영업 이익 아래 내려가다 추가 할인 제한 공유 미래 모듈 경쟁 제시 가가 수준 설명 전달 물량 확정 여부 리베이트 최대 적용 시나리오 비교 가은 갱신 일정 주로 예상 계정 우선 순위 제안 표현 통일 납기 조건 고객 가격 변경 실제 주문 수량 장기 계약 여부 조정 다음 영업 회의 거래처 확정 수량 예상 매출 차이 비교 예정 주요 항목 검토 항목 현재 다음 버넷 솔루션 단가 이상 조건 미래 모듈 전망 마진 유지 여부 리베이트 범위 최대 계약 일정
hb_doc_0033.txt,1,hanbit semiconductor 견적 조정 회의 메모 조직 유형 업무 검토 기록 상태 검토 진행 중부 고객 대응 상황 버넷 솔루션 hb xc 공급 조건 맞추다 회차 이상 주문 전제 단가 조정 우선 검토 수량 미치다 기존 단가 유지 의견 모으다 윤는 블루 스톤 모빌리티 다음 분기 예상 주량 수준 보고 영업 이익 아래 내려가다 추가 할인 제한 공유 블루 스톤 모빌리티 경쟁 제시 가가 수준 설명 전달 물량 확정 여부 리베이트 최대 적용 시나리오 비교 이도윤 갱신 일정 주로 예상 계정 우선 순위 제안 표현 통일 납기 조건 고객 가격 변경 실제 주문 수량 장기 계약 여부 조정 다음 영업 회의 거래처 확정 수량 예상 매출 차이 비교 예정 주요 항목 검토 항목 현재 다음 버넷 솔루션 단가 이상 조건 블루 스톤 모빌리티 전망 마진 유지 여부 리베이트 범위 최대 계약 일정
hb_doc_0055.txt,1,hanbit semiconductor 분기 수주 흐름 조직 유형 업무 검토 기록 상태 검토 진행 남부 고객 대응 상황 미래 모듈 hb mx 공급 조건 맞추다 회차 이상 주문 전제 단가 조정 우선 검토 수량 미치다 기존 단가 유지 의견 모으다 재는 유니온 다음 분기 예상 주량 수준 보고 영업 이익 아래 내려가다 추가 할인 제한 공유 유니온 경쟁 제시 가가 수준 설명 전달 물량 확정 여부 리베이트 최대 적용 시나리오 비교 최하 갱신 일정 주로 예상 계정 우선 순위 제안 표현 통일 납기 조건 고객 가격 변경 실제 주문 수량 장기 계약 여부 조정 다음 영업 회의 거래처 확정 수량 예상 매출 차이 비교 예정 주요 항목 검토 항목 현재 다음 미래 모듈 단가 이상 조건 유니온 전망 마진 유지 여부 리베이트 범위 최대 계약 일정
hb_doc_0061.txt,1,hanbit semiconductor 거래 일정 조율 메모 조직 유형 업무 검토 기록 상태 검토 진행 수도권 고객 대응 상황 블루 스톤 모빌리티 hb p 공급 조건 맞추다 회차 이상 주문 전제 단가 조정 우선 검토 수량 미치다 기존 단가 유지 의견 모으다 재는 버넷 솔루션 다음 분기 예상 주량 수준 보고 영업 이익 아래 내려가다 추가 할인 제한 공유 버넷 솔루션 경쟁 제시 가가 수준 설명 전달 물량 확정 여부 리베이트 최대 적용 시나리오 비교 갱신 일정 주로 예상 계정 우선 순위 제안 표현 통일 납기 조건 고객 가격 변경 실제 주문 수량 장기 계약 여부 조정 다음 영업 회의 거래처 확정 수량 예상 매출 차이 비교 예정 주요 항목 검토 항목 현재 다음 블루 스톤 모빌리티 단가 이상 조건 버넷 솔루션 전망 마진 유지 여부 리베이트 범위 최대 계약 일정
hb_doc_0059.txt,1,hanbit semiconductor 월간 영업 운영 기록 조직 유형 업무 검토 기록 상태 검토 진행 남부 고객 대응 상황 코어 웨이브 hb nv 공급 조건 맞추다 회차 이상 주문 전제 단가 조정 우선 검토 수량 미치다 기존 단가 유지 의견 모으다 윤는 전자 다음 분기 예상 주량 수준 보고 영업 이익 아래 내려가다 추가 할인 제한 공유 전자 경쟁 제시 가가 수준 설명 전달 물량 확정 여부 리베이트 최대 적용 시나리오 비교 황준혁 갱신 일정 주로 예상 계정 우선 순위 제안 표현 통일 납기 조건 고객 가격 변경 실제 주문 수량 장기 계약 여부 조정 다음 영업 회의 거래처 확정 수량 예상 매출 차이 비교 예정 주요 항목 검토 항목 현재 다음 코어 웨이브 단가 이상 조건 전자 전망 마진 유지 여부 리베이트 범위 최대 계약 일정
hb_doc_0068.txt,1,hanbit semiconductor 거래처 협의 진행 메모 조직 유형 업무 검토 기록 상태 검토 진행 수도권 고객 대응 상황 호은 태림 디바이스 hb eu 공급 조건 맞추다 회차 이상 주문 전제 단가 조정 우선 검토 수량 미치다 기존 단가 유지 의견 모으다 링크 다음 분기 예상 주량 수준 보고 영업 이익 아래 내려가다 추가 할인 제한 공유 네오 링크 경쟁 제시 가가 수준 설명 전달 물량 확정 여부 리베이트 최대 적용 시나리오 비교 갱신 일정 말로 예상 계정 우선 순위 제안 표현 통일 납기 조건 고객 가격 변경 실제 주문 수량 장기 계약 여부 조정 다음 영업 회의 거래처 확정 수량 예상 매출 차이 비교 예정 주요 항목 검토 항목 현재 다음 태림 디바이스 단가 이상 조건 네오 링크 전망 마진 유지 여부 리베이트 범위 최대 계약 일정
hb_doc_0058.txt,1,hanbit semiconductor 견적 조정 회의 메모 조직 유형 업무 검토 기록 상태 검토 진행 중부 고객 대응 상황 오로라 시스템 hb mx 공급 조건 맞추다 회차 이상 주문 전제 단가 조정 우선 검토 수량 미치다 기존 단가 유지 의견 모으다 훈는 링크 다음 분기 예상 주량 수준 보고 영업 이익 아래 내려가다 추가 할인 제한 공유 네오 링크 경쟁 제시 가가 수준 설명 전달 물량 확정 여부 리베이트 최대 적용 시나리오 비교 황준혁 갱신 일정 주로 예상 계정 우선 순위 제안 표현 통일 납기 조건 고객 가격 변경 실제 주문 수량 장기 계약 여부 조정 다음 영업 회의 거래처 확정 수량 예상 매출 차이 비교 예정 주요 항목 검토 항목 현재 다음 오로라 시스 템즈 단가 이상 조건 네오 링크 전망 마진 유지 여부 리베이트 범위 최대 계약 일정
hb_doc_0037.txt,1,hanbit semiconductor 월간 영업 운영 기록 조직 유형 업무 검토 기록 상태 검토 진행 남부 고객 대응 상황 유니온 hb dr 공급 조건 맞추다 회차 이상 주문 전제 단가 조정 우선 검토 수량 미치다 기존 단가 유지 의견 모으다 윤는 한결 테크 다음 분기 예상 주량 수준 보고 영업 이익 아래 내려가다 추가 할인 제한 공유 한결 테크 경쟁 제시 가가 수준 설명 전달 물량 확정 여부 리베이트 최대 적용 시나리오 비교 백수 앗다 갱신 일정 주로 예상 계정 우선 순위 제안 표현 통일 납기 조건 고객 가격 변경 실제 주문 수량 장기 계약 여부 조정 다음 영업 회의 거래처 확정 수량 예상 매출 차이 비교 예정 주요 항목 검토 항목 현재 다음 유니온 단가 이상 조건 한결 테크 전망 마진 유지 여부 리베이트 범위 최대 계약 일정
hb_doc_0051.txt,1,hanbit semiconductor 거래처 협의 진행 메모 조직 유형 업무 검토 기록 상태 검토 진행 남부 고객 대응 상황 미래 모듈 hb q 공급 조건 맞추다 회차 이상 주문 전제 단가 조정 우선 검토 수량 미치다 기존 단가 유지 의견 모으다 윤는 코어 웨이브 다음 분기 예상 주량 수준 보고 영업 이익 아래 내려가다 추가 할인 제한 공유 코어 웨이브 경쟁 제시 가가 수준 설명 전달 물량 확정 여부 리베이트 최대 적용 시나리오 비교 가은 갱신 일정 말로 예상 계정 우선 순위 제안 표현 통일 납기 조건 고객 가격 변경 실제 주문 수량 장기 계약 여부 조정 다음 영업 회의 거래처 확정 수량 예상 매출 차이 비교 예정 주요 항목 검토 항목 현재 다음 미래 모듈 단가 이상 조건 코어 웨이브 전망 마진 유지 여부 리베이트 범위 최대 계약 일정
hb_doc_0039.txt,1,hanbit semiconductor 거래 일정 조율 메모 조직 유형 업무 검토 기록 상태 검토 진행 수도권 고객 대응 상황 미래 모듈 hb p 공급 조건 맞추다 회차 이상 주문 전제 단가 조정 우선 검토 수량 미치다 기존 단가 유지 의견 모으다 유니온 다음 분기 예상 주량 수준 보고 영업 이익 아래 내려가다 추가 할인 제한 공유 유니온 경쟁 제시 가가 수준 설명 전달 물량 확정 여부 리베이트 최대 적용 시나리오 비교 도윤 갱신 일정 말로 예상 계정 우선 순위 제안 표현 통일 납기 조건 고객 가격 변경 실제 주문 수량 장기 계약 여부 조정 다음 영업 회의 거래처 확정 수량 예상 매출 차이 비교 예정 주요 항목 검토 항목 현재 다음 미래 모듈 단가 이상 조건 유니온 전망 마진 유지 여부 리베이트 범위 최대 계약 일정
hb_doc_0064.txt,1,hanbit semiconductor 고객 요청 검토 조직 유형 업무 검토 기록 상태 검토 진행 남부 고객 대응 상황 버넷 솔루션 hb eu 공급 조건 맞추다 회차 이상 주문 전제 단가 조정 우선 검토 수량 미치다 기존 단가 유지 의견 모으다 한결 테크 다음 분기 예상 주량 수준 보고 영업 이익 아래 내려가다 추가 할인 제한 공유 한결 테크 경쟁 제시 가가 수준 설명 전달 물량 확정 여부 리베이트 최대 적용 시나리오 비교 이도윤 갱신 일정 주로 예상 계정 우선 순위 제안 표현 통일 납기 조건 고객 가격 변경 실제 주문 수량 장기 계약 여부 조정 다음 영업 회의 거래처 확정 수량 예상 매출 차이 비교 예정 주요 항목 검토 항목 현재 다음 버넷 솔루션 단가 이상 조건 한결 테크 전망 마진 유지 여부 리베이트 범위 최대 계약 일정
hb_doc_0050.txt,1,hanbit semiconductor 채널 운영 점검 기록 조직 유형 업무 검토 기록 상태 검토 진행 수도권 고객 대응 상황 미래 모듈 hb mx 공급 조건 맞추다 회차 이상 주문 전제 단가 조정 우선 검토 수량 미치다 기존 단가 유지 의견 모으다 윤는 오로라 시스템 다음 분기 예상 주량 수준 보고 영업 이익 아래 내려가다 추가 할인 제한 공유 오로라 시스 템즈 경쟁 제시 가가 수준 설명 전달 물량 확정 여부 리베이트 최대 적용 시나리오 비교 안다 갱신 일정 주로 예상 계정 우선 순위 제안 표현 통일 납기 조건 고객 가격 변경 실제 주문 수량 장기 계약 여부 조정 다음 영업 회의 거래처 확정 수량 예상 매출 차이 비교 예정 주요 항목 검토 항목 현재 다음 미래 모듈 단가 이상 조건 오로라 시스 템즈 전망 마진 유지 여부 리베이트 범위 최대 계약 일정
hb_doc_0052.txt,1,hanbit semiconductor 거래처 협의 진행 메모 조직 유형 업무 검토 기록 상태 검토 진행 동남권 고객 대응 상황 전자 hb xc 공급 조건 맞추다 회차 이상 주문 전제 단가 조정 우선 검토 수량 미치다 기존 단가 유지 의견 모으다 윤는 유니온 다음 분기 예상 주량 수준 보고 영업 이익 아래 내려가다 추가 할인 제한 공유 유니온 경쟁 제시 가가 수준 설명 전달 물량 확정 여부 리베이트 최대 적용 시나리오 비교 유태현 갱신 일정 주로 예상 계정 우선 순위 제안 표현 통일 납기 조건 고객 가격 변경 실제 주문 수량 장기 계약 여부 조정 다음 영업 회의 거래처 확정 수량 예상 매출 차이 비교 예정 주요 항목 검토 항목 현재 다음 전자 단가 이상 조건 유니온 전망 마진 유지 여부 리베이트 범위 최대 계약 일정
hb_doc_0035.txt,1,hanbit semiconductor 고객 요청 검토 조직 유형 업무 검토 기록 상태 검토 진행 수도권 고객 대응 상황 버넷 솔루션 hb eu 공급 조건 맞추다 회차 이상 주문 전제 단가 조정 우선 검토 수량 미치다 기존 단가 유지 의견 모으다 코어 웨이브 다음 분기 예상 주량 수준 보고 영업 이익 아래 내려가다 추가 할인 제한 공유 코어 웨이브 경쟁 제시 가가 수준 설명 전달 물량 확정 여부 리베이트 최대 적용 시나리오 비교 하늘 갱신 일정 주로 예상 계정 우선 순위 제안 표현 통일 납기 조건 고객 가격 변경 실제 주문 수량 장기 계약 여부 조정 다음 영업 회의 거래처 확정 수량 예상 매출 차이 비교 예정 주요 항목 검토 항목 현재 다음 버넷 솔루션 단가 이상 조건 코어 웨이브 전망 마진 유지 여부 리베이트 범위 최대 계약 일정
hb_doc_0067.txt,1,hanbit semiconductor 채널 운영 점검 기록 조직 유형 업무 검토 기록 상태 검토 진행 수도권 고객 대응 상황 호은 전자 hb dr 공급 조건 맞추다 회차 이상 주문 전제 단가 조정 우선 검토 수량 미치다 기존 단가 유지 의견 모으다 태림 디바이스 다음 분기 예상 주량 수준 보고 영업 이익 아래 내려가다 추가 할인 제한 공유 태림 디바이스 경쟁 제시 가가 수준 설명 전달 물량 확정 여부 리베이트 최대 적용 시나리오 비교 권태윤 갱신 일정 주로 예상 계정 우선 순위 제안 표현 통일 납기 조건 고객 가격 변경 실제 주문 수량 장기 계약 여부 조정 다음 영업 회의 거래처 확정 수량 예상 매출 차이 비교 예정 주요 항목 검토 항목 현재 다음 전자 단가 이상 조건 태림 디바이스 전망 마진 유지 여부 리베이트 범위 최대 계약 일정
hb_doc_0053.txt,1,hanbit semiconductor 고객 요청 검토 조직 유형 업무 검토 기록 상태 검토 진행 수도권 고객 대응 상황 오로라 시스템 hb mx 공급 조건 맞추다 회차 이상 주문 전제 단가 조정 우선 검토 수량 미치다 기존 단가 유지 의견 모으다 버넷 솔루션 다음 분기 예상 주량 수준 보고 영업 이익 아래 내려가다 추가 할인 제한 공유 버넷 솔루션 경쟁 제시 가가 수준 설명 전달 물량 확정 여부 리베이트 최대 적용 시나리오 비교 윤서 하은 갱신 일정 주로 예상 계정 우선 순위 제안 표현 통일 납기 조건 고객 가격 변경 실제 주문 수량 장기 계약 여부 조정 다음 영업 회의 거래처 확정 수량 예상 매출 차이 비교 예정 주요 항목 검토 항목 현재 다음 오로라 시스 템즈 단가 이상 조건 버넷 솔루션 전망 마진 유지 여부 리베이트 범위 최대 계약 일정
hb_doc_0063.txt,1,hanbit semiconductor 채널 운영 점검 기록 조직 유형 업무 검토 기록 상태 검토 진행 중부 고객 대응 상황 호은 블루 스톤 모빌리티 hb eu 공급 조건 맞추다 회차 이상 주문 전제 단가 조정 우선 검토 수량 미치다 기존 단가 유지 의견 모으다 태림 디바이스 다음 분기 예상 주량 수준 보고 영업 이익 아래 내려가다 추가 할인 제한 공유 태림 디바이스 경쟁 제시 가가 수준 설명 전달 물량 확정 여부 리베이트 최대 적용 시나리오 비교 갱신 일정 주로 예상 계정 우선 순위 제안 표현 통일 납기 조건 고객 가격 변경 실제 주문 수량 장기 계약 여부 조정 다음 영업 회의 거래처 확정 수량 예상 매출 차이 비교 예정 주요 항목 검토 항목 현재 다음 블루 스톤 모빌리티 단가 이상 조건 태림 디바이스 전망 마진 유지 여부 리베이트 범위 최대 계약 일정
hb_doc_0054.txt,1,hanbit semiconductor 주간 고객 대응 조직 유형 업무 검토 기록 상태 검토 진행 수도권 고객 대응 상황 한결 테크 hb mx 공급 조건 맞추다 회차 이상 주문 전제 단가 조정 우선 검토 수량 미치다 기존 단가 유지 의견 모으다 윤는 블루 스톤 모빌리티 다음 분기 예상 주량 수준 보고 영업 이익 아래 내려가다 추가 할인 제한 공유 블루 스톤 모빌리티 경쟁 제시 가가 수준 설명 전달 물량 확정 여부 리베이트 최대 적용 시나리오 비교 송지훈 갱신 일정 주로 예상 계정 우선 순위 제안 표현 통일 납기 조건 고객 가격 변경 실제 주문 수량 장기 계약 여부 조정 다음 영업 회의 거래처 확정 수량 예상 매출 차이 비교 예정 주요 항목 검토 항목 현재 다음 한결 테크 단가 이상 조건 블루 스톤 모빌리티 전망 마진 유지 여부 리베이트 범위 최대 계약 일정
hb_doc_0043.txt,1,hanbit semiconductor 주간 고객 대응 조직 유형 업무 검토 기록 상태 검토 진행 동남권 고객 대응 상황 버넷 솔루션 hb mx 공급 조건 맞추다 회차 이상 주문 전제 단가 조정 우선 검토 수량 미치다 기존 단가 유지 의견 모으다 한결 테크 다음 분기 예상 주량 수준 보고 영업 이익 아래 내려가다 추가 할인 제한 공유 한결 테크 경쟁 제시 가가 수준 설명 전달 물량 확정 여부 리베이트 최대 적용 시나리오 비교 서유 나은 갱신 일정 주로 예상 계정 우선 순위 제안 표현 통일 납기 조건 고객 가격 변경 실제 주문 수량 장기 계약 여부 조정 다음 영업 회의 거래처 확정 수량 예상 매출 차이 비교 예정 주요 항목 검토 항목 현재 다음 버넷 솔루션 단가 이상 조건 한결 테크 전망 마진 유지 여부 리베이트 범위 최대 계약 일정
hb_doc_0045.txt,1,hanbit semiconductor 월간 영업 운영 기록 조직 유형 업무 검토 기록 상태 검토 진행 동남권 고객 대응 상황 한결 테크 hb mx 공급 조건 맞추다 회차 이상 주문 전제 단가 조정 우선 검토 수량 미치다 기존 단가 유지 의견 모으다 전자 다음 분기 예상 주량 수준 보고 영업 이익 아래 내려가다 추가 할인 제한 공유 전자 경쟁 제시 가가 수준 설명 전달 물량 확정 여부 리베이트 최대 적용 시나리오 비교 갱신 일정 주로 예상 계정 우선 순위 제안 표현 통일 납기 조건 고객 가격 변경 실제 주문 수량 장기 계약 여부 조정 다음 영업 회의 거래처 확정 수량 예상 매출 차이 비교 예정 주요 항목 검토 항목 현재 다음 한결 테크 단가 이상 조건 전자 전망 마진 유지 여부 리베이트 범위 최대 계약 일정
hb_doc_0047.txt,1,hanbit semiconductor 거래처 협의 진행 메모 조직 유형 업무 검토 기록 상태 검토 진행 중부 고객 대응 상황 코어 웨이브 hb mx 공급 조건 맞추다 회차 이상 주문 전제 단가 조정 우선 검토 수량 미치다 기존 단가 유지 의견 모으다 링크 다음 분기 예상 주량 수준 보고 영업 이익 아래 내려가다 추가 할인 제한 공유 네오 링크 경쟁 제시 가가 수준 설명 전달 물량 확정 여부 리베이트 최대 적용 시나리오 비교 갱신 일정 주로 예상 계정 우선 순위 제안 표현 통일 납기 조건 고객 가격 변경 실제 주문 수량 장기 계약 여부 조정 다음 영업 회의 거래처 확정 수량 예상 매출 차이 비교 예정 주요 항목 검토 항목 현재 다음 코어 웨이브 단가 이상 조건 네오 링크 전망 마진 유지 여부 리베이트 범위 최대 계약 일정
hb_doc_0041.txt,1,hanbit semiconductor 월간 영업 운영 기록 조직 유형 업무 검토 기록 상태 검토 진행 수도권 고객 대응 상황 링크 hb xc 공급 조건 맞추다 회차 이상 주문 전제 단가 조정 우선 검토 수량 미치다 기존 단가 유지 의견 모으다 태림 디바이스 다음 분기 예상 주량 수준 보고 영업 이익 아래 내려가다 추가 할인 제한 공유 태림 디바이스 경쟁 제시 가가 수준 설명 전달 물량 확정 여부 리베이트 최대 적용 시나리오 비교 도윤 갱신 일정 주로 예상 계정 우선 순위 제안 표현 통일 납기 조건 고객 가격 변경 실제 주문 수량 장기 계약 여부 조정 다음 영업 회의 거래처 확정 수량 예상 매출 차이 비교 예정 주요 항목 검토 항목 현재 다음 네오 링크 단가 이상 조건 태림 디바이스 전망 마진 유지 여부 리베이트 범위 최대 계약 일정
hb_doc_0060.txt,1,hanbit semiconductor 고객 요청 검토 조직 유형 업무 검토 기록 상태 검토 진행 서부 고객 대응 상황 영은 블루 스톤 모빌리티 hb mx 공급 조건 맞추다 회차 이상 주문 전제 단가 조정 우선 검토 수량 미치다 기존 단가 유지 의견 모으다 유니온 다음 분기 예상 주량 수준 보고 영업 이익 아래 내려가다 추가 할인 제한 공유 유니온 경쟁 제시 가가 수준 설명 전달 물량 확정 여부 리베이트 최대 적용 시나리오 비교 노지은 갱신 일정 주로 예상 계정 우선 순위 제안 표현 통일 납기 조건 고객 가격 변경 실제 주문 수량 장기 계약 여부 조정 다음 영업 회의 거래처 확정 수량 예상 매출 차이 비교 예정 주요 항목 검토 항목 현재 다음 블루 스톤 모빌리티 단가 이상 조건 유니온 전망 마진 유지 여부 리베이트 범위 최대 계약 일정
hb_doc_0065.txt,1,hanbit semiconductor 거래 일정 조율 메모 조직 유형 업무 검토 기록 상태 검토 진행 중부 고객 대응 상황 영은 코어 웨이브 hb nv 공급 조건 맞추다 회차 이상 주문 전제 단가 조정 우선 검토 수량 미치다 기존 단가 유지 의견 모으다 윤는 한결 테크 다음 분기 예상 주량 수준 보고 영업 이익 아래 내려가다 추가 할인 제한 공유 한결 테크 경쟁 제시 가가 수준 설명 전달 물량 확정 여부 리베이트 최대 적용 시나리오 비교 송지훈 갱신 일정 주로 예상 계정 우선 순위 제안 표현 통일 납기 조건 고객 가격 변경 실제 주문 수량 장기 계약 여부 조정 다음 영업 회의 거래처 확정 수량 예상 매출 차이 비교 예정 주요 항목 검토 항목 현재 다음 코어 웨이브 단가 이상 조건 한결 테크 전망 마진 유지 여부 리베이트 범위 최대 계약 일정
hb_doc_0066.txt,1,hanbit semiconductor 거래 일정 조율 메모 조직 유형 업무 검토 기록 상태 검토 진행 서부 고객 대응 상황 재다 코어 웨이브 hb mx 공급 조건 맞추다 회차 이상 주문 전제 단가 조정 우선 검토 수량 미치다 기존 단가 유지 의견 모으다 블루 스톤 모빌리티 다음 분기 예상 주량 수준 보고 영업 이익 아래 내려가다 추가 할인 제한 공유 블루 스톤 모빌리티 경쟁 제시 가가 수준 설명 전달 물량 확정 여부 리베이트 최대 적용 시나리오 비교 박서준 갱신 일정 주로 예상 계정 우선 순위 제안 표현 통일 납기 조건 고객 가격 변경 실제 주문 수량 장기 계약 여부 조정 다음 영업 회의 거래처 확정 수량 예상 매출 차이 비교 예정 주요 항목 검토 항목 현재 다음 코어 웨이브 단가 이상 조건 블루 스톤 모빌리티 전망 마진 유지 여부 리베이트 범위 최대 계약 일정
hb_doc_0042.txt,1,hanbit semiconductor 견적 조정 회의 메모 조직 유형 업무 검토 기록 상태 검토 진행 남부 고객 대응 상황 한결 테크 hb q 공급 조건 맞추다 회차 이상 주문 전제 단가 조정 우선 검토 수량 미치다 기존 단가 유지 의견 모으다 윤는 버넷 솔루션 다음 분기 예상 주량 수준 보고 영업 이익 아래 내려가다 추가 할인 제한 공유 버넷 솔루션 경쟁 제시 가가 수준 설명 전달 물량 확정 여부 리베이트 최대 적용 시나리오 비교 갱신 일정 주로 예상 계정 우선 순위 제안 표현 통일 납기 조건 고객 가격 변경 실제 주문 수량 장기 계약 여부 조정 다음 영업 회의 거래처 확정 수량 예상 매출 차이 비교 예정 주요 항목 검토 항목 현재 다음 한결 테크 단가 이상 조건 버넷 솔루션 전망 마진 유지 여부 리베이트 범위 최대 계약 일정
hb_doc_0046.txt,1,hanbit semiconductor 견적 조정 회의 메모 조직 유형 업무 검토 기록 상태 검토 진행 남부 고객 대응 상황 미래 모듈 hb p 공급 조건 맞추다 회차 이상 주문 전제 단가 조정 우선 검토 수량 미치다 기존 단가 유지 의견 모으다 윤는 코어 웨이브 다음 분기 예상 주량 수준 보고 영업 이익 아래 내려가다 추가 할인 제한 공유 코어 웨이브 경쟁 제시 가가 수준 설명 전달 물량 확정 여부 리베이트 최대 적용 시나리오 비교 갱신 일정 주로 예상 계정 우선 순위 제안 표현 통일 납기 조건 고객 가격 변경 실제 주문 수량 장기 계약 여부 조정 다음 영업 회의 거래처 확정 수량 예상 매출 차이 비교 예정 주요 항목 검토 항목 현재 다음 미래 모듈 단가 이상 조건 코어 웨이브 전망 마진 유지 여부 리베이트 범위 최대 계약 일정
hb_doc_0070.txt,1,hanbit semiconductor 월간 영업 운영 기록 조직 유형 업무 검토 기록 상태 검토 진행 중부 고객 대응 상황 버넷 솔루션 hb q 공급 조건 맞추다 회차 이상 주문 전제 단가 조정 우선 검토 수량 미치다 기존 단가 유지 의견 모으다 미래 모듈 다음 분기 예상 주량 수준 보고 영업 이익 아래 내려가다 추가 할인 제한 공유 미래 모듈 경쟁 제시 가가 수준 설명 전달 물량 확정 여부 리베이트 최대 적용 시나리오 비교 황준혁 갱신 일정 주로 예상 계정 우선 순위 제안 표현 통일 납기 조건 고객 가격 변경 실제 주문 수량 장기 계약 여부 조정 다음 영업 회의 거래처 확정 수량 예상 매출 차이 비교 예정 주요 항목 검토 항목 현재 다음 버넷 솔루션 단가 이상 조건 미래 모듈 전망 마진 유지 여부 리베이트 범위 최대 계약 일정
hb_doc_0057.txt,1,hanbit semiconductor 채널 운영 점검 기록 조직 유형 업무 검토 기록 상태 검토 진행 동남권 고객 대응 상황 코어 웨이브 hb mx 공급 조건 맞추다 회차 이상 주문 전제 단가 조정 우선 검토 수량 미치다 기존 단가 유지 의견 모으다 재는 링크 다음 분기 예상 주량 수준 보고 영업 이익 아래 내려가다 추가 할인 제한 공유 네오 링크 경쟁 제시 가가 수준 설명 전달 물량 확정 여부 리베이트 최대 적용 시나리오 비교 윤서 하은 갱신 일정 주로 예상 계정 우선 순위 제안 표현 통일 납기 조건 고객 가격 변경 실제 주문 수량 장기 계약 여부 조정 다음 영업 회의 거래처 확정 수량 예상 매출 차이 비교 예정 주요 항목 검토 항목 현재 다음 코어 웨이브 단가 이상 조건 네오 링크 전망 마진 유지 여부 리베이트 범위 최대 계약 일정
hb_doc_0036.txt,1,hanbit semiconductor 거래처 협의 진행 메모 조직 유형 업무 검토 기록 상태 검토 진행 수도권 고객 대응 상황 블루 스톤 모빌리티 hb q 공급 조건 맞추다 회차 이상 주문 전제 단가 조정 우선 검토 수량 미치다 기존 단가 유지 의견 모으다 코어 웨이브 다음 분기 예상 주량 수준 보고 영업 이익 아래 내려가다 추가 할인 제한 공유 코어 웨이브 경쟁 제시 가가 수준 설명 전달 물량 확정 여부 리베이트 최대 적용 시나리오 비교 정수빈 갱신 일정 말로 예상 계정 우선 순위 제안 표현 통일 납기 조건 고객 가격 변경 실제 주문 수량 장기 계약 여부 조정 다음 영업 회의 거래처 확정 수량 예상 매출 차이 비교 예정 주요 항목 검토 항목 현재 다음 블루 스톤 모빌리티 단가 이상 조건 코어 웨이브 전망 마진 유지 여부 리베이트 범위 최대 계약 일정
hb_doc_0062.txt,1,hanbit semiconductor 채널 운영 점검 기록 조직 유형 업무 검토 기록 상태 검토 진행 동남권 고객 대응 상황 한결 테크 hb dr 공급 조건 맞추다 회차 이상 주문 전제 단가 조정 우선 검토 수량 미치다 기존 단가 유지 의견 모으다 유니온 다음 분기 예상 주량 수준 보고 영업 이익 아래 내려가다 추가 할인 제한 공유 유니온 경쟁 제시 가가 수준 설명 전달 물량 확정 여부 리베이트 최대 적용 시나리오 비교 윤서 하은 갱신 일정 주로 예상 계정 우선 순위 제안 표현 통일 납기 조건 고객 가격 변경 실제 주문 수량 장기 계약 여부 조정 다음 영업 회의 거래처 확정 수량 예상 매출 차이 비교 예정 주요 항목 검토 항목 현재 다음 한결 테크 단가 이상 조건 유니온 전망 마진 유지 여부 리베이트 범위 최대 계약 일정
hb_doc_0056.txt,1,hanbit semiconductor 거래 일정 조율 메모 조직 유형 업무 검토 기록 상태 검토 진행 남부 고객 대응 상황 버넷 솔루션 hb dr 공급 조건 맞추다 회차 이상 주문 전제 단가 조정 우선 검토 수량 미치다 기존 단가 유지 의견 모으다 블루 스톤 모빌리티 다음 분기 예상 주량 수준 보고 영업 이익 아래 내려가다 추가 할인 제한 공유 블루 스톤 모빌리티 경쟁 제시 가가 수준 설명 전달 물량 확정 여부 리베이트 최대 적용 시나리오 비교 갱신 일정 주로 예상 계정 우선 순위 제안 표현 통일 납기 조건 고객 가격 변경 실제 주문 수량 장기 계약 여부 조정 다음 영업 회의 거래처 확정 수량 예상 매출 차이 비교 예정 주요 항목 검토 항목 현재 다음 버넷 솔루션 단가 이상 조건 블루 스톤 모빌리티 전망 마진 유지 여부 리베이트 범위 최대 계약 일정
hb_doc_0040.txt,1,hanbit semiconductor 채널 운영 점검 기록 조직 유형 업무 검토 기록 상태 검토 진행 동남권 고객 대응 상황 미래 모듈 hb eu 공급 조건 맞추다 회차 이상 주문 전제 단가 조정 우선 검토 수량 미치다 기존 단가 유지 의견 모으다 블루 스톤 모빌리티 다음 분기 예상 주량 수준 보고 영업 이익 아래 내려가다 추가 할인 제한 공유 블루 스톤 모빌리티 경쟁 제시 가가 수준 설명 전달 물량 확정 여부 리베이트 최대 적용 시나리오 비교 갱신 일정 주로 예상 계정 우선 순위 제안 표현 통일 납기 조건 고객 가격 변경 실제 주문 수량 장기 계약 여부 조정 다음 영업 회의 거래처 확정 수량 예상 매출 차이 비교 예정 주요 항목 검토 항목 현재 다음 미래 모듈 단가 이상 조건 블루 스톤 모빌리티 전망 마진 유지 여부 리베이트 범위 최대 계약 일정
hb_doc_0069.txt,1,hanbit semiconductor 거래처 협의 진행 메모 조직 유형 업무 검토 기록 상태 검토 진행 동남권 고객 대응 상황 유니온 hb eu 공급 조건 맞추다 회차 이상 주문 전제 단가 조정 우선 검토 수량 미치다 기존 단가 유지 의견 모으다 블루 스톤 모빌리티 다음 분기 예상 주량 수준 보고 영업 이익 아래 내려가다 추가 할인 제한 공유 블루 스톤 모빌리티 경쟁 제시 가가 수준 설명 전달 물량 확정 여부 리베이트 최대 적용 시나리오 비교 안다 갱신 일정 주로 예상 계정 우선 순위 제안 표현 통일 납기 조건 고객 가격 변경 실제 주문 수량 장기 계약 여부 조정 다음 영업 회의 거래처 확정 수량 예상 매출 차이 비교 예정 주요 항목 검토 항목 현재 다음 유니온 단가 이상 조건 블루 스톤 모빌리티 전망 마진 유지 여부 리베이트 범위 최대 계약 일정
hb_doc_0038.txt,1,hanbit semiconductor 분기 수주 흐름 조직 유형 업무 검토 기록 상태 검토 진행 중부 고객 대응 상황 블루 스톤 모빌리티 hb q 공급 조건 맞추다 회차 이상 주문 전제 단가 조정 우선 검토 수량 미치다 기존 단가 유지 의견 모으다 코어 웨이브 다음 분기 예상 주량 수준 보고 영업 이익 아래 내려가다 추가 할인 제한 공유 코어 웨이브 경쟁 제시 가가 수준 설명 전달 물량 확정 여부 리베이트 최대 적용 시나리오 비교 안다 갱신 일정 주로 예상 계정 우선 순위 제안 표현 통일 납기 조건 고객 가격 변경 실제 주문 수량 장기 계약 여부 조정 다음 영업 회의 거래처 확정 수량 예상 매출 차이 비교 예정 주요 항목 검토 항목 현재 다음 블루 스톤 모빌리티 단가 이상 조건 코어 웨이브 전망 마진 유지 여부 리베이트 범위 최대 계약 일정
hb_doc_0034.txt,1,hanbit semiconductor 거래 일정 조율 메모 조직 유형 업무 검토 기록 상태 검토 진행 수도권 고객 대응 상황 버넷 솔루션 hb nv 공급 조건 맞추다 회차 이상 주문 전제 단가 조정 우선 검토 수량 미치다 기존 단가 유지 의견 모으다 지다 코어 웨이브 다음 분기 예상 주량 수준 보고 영업 이익 아래 내려가다 추가 할인 제한 공유 코어 웨이브 경쟁 제시 가가 수준 설명 전달 물량 확정 여부 리베이트 최대 적용 시나리오 비교 갱신 일정 주로 예상 계정 우선 순위 제안 표현 통일 납기 조건 고객 가격 변경 실제 주문 수량 장기 계약 여부 조정 다음 영업 회의 거래처 확정 수량 예상 매출 차이 비교 예정 주요 항목 검토 항목 현재 다음 버넷 솔루션 단가 이상 조건 코어 웨이브 전망 마진 유지 여부 리베이트 범위 최대 계약 일정
hb_doc_0048.txt,1,hanbit semiconductor 거래 일정 조율 메모 조직 유형 업무 검토 기록 상태 검토 진행 동남권 고객 대응 상황 오로라 시스템 hb eu 공급 조건 맞추다 회차 이상 주문 전제 단가 조정 우선 검토 수량 미치다 기존 단가 유지 의견 모으다 코어 웨이브 다음 분기 예상 주량 수준 보고 영업 이익 아래 내려가다 추가 할인 제한 공유 코어 웨이브 경쟁 제시 가가 수준 설명 전달 물량 확정 여부 리베이트 최대 적용 시나리오 비교 하늘 갱신 일정 주로 예상 계정 우선 순위 제안 표현 통일 납기 조건 고객 가격 변경 실제 주문 수량 장기 계약 여부 조정 다음 영업 회의 거래처 확정 수량 예상 매출 차이 비교 예정 주요 항목 검토 항목 현재 다음 오로라 시스 템즈 단가 이상 조건 코어 웨이브 전망 마진 유지 여부 리베이트 범위 최대 계약 일정
hb_doc_0085.txt,1,hanbit semiconductor 거래처 협의 진행 메모 조직 유형 업무 검토 기록 상태 검토 진행 중부 고객 대응 상황 문서연 오로라 시스템 hb q 공급 조건 맞추다 회차 이상 주문 전제 단가 조정 우선 검토 수량 미치다 기존 단가 유지 의견 모으다 비다 버넷 솔루션 다음 분기 예상 주량 수준 보고 영업 이익 아래 내려가다 추가 할인 제한 공유 버넷 솔루션 경쟁 제시 가가 수준 설명 전달 물량 확정 여부 리베이트 최대 적용 시나리오 비교 노지은 갱신 일정 주로 예상 계정 우선 순위 제안 표현 통일 납기 조건 고객 가격 변경 실제 주문 수량 장기 계약 여부 조정 다음 영업 회의 거래처 확정 수량 예상 매출 차이 비교 예정 주요 항목 검토 항목 현재 다음 오로라 시스 템즈 단가 이상 조건 버넷 솔루션 전망 마진 유지 여부 리베이트 범위 최대 계약 일정
hb_doc_0100.txt,1,hanbit semiconductor 거래처 협의 진행 메모 조직 유형 업무 검토 기록 상태 검토 진행 서부 고객 대응 상황 전자 hb eu 공급 조건 맞추다 회차 이상 주문 전제 단가 조정 우선 검토 수량 미치다 기존 단가 유지 의견 모으다 버넷 솔루션 다음 분기 예상 주량 수준 보고 영업 이익 아래 내려가다 추가 할인 제한 공유 버넷 솔루션 경쟁 제시 가가 수준 설명 전달 물량 확정 여부 리베이트 최대 적용 시나리오 비교 최하 갱신 일정 주로 예상 계정 우선 순위 제안 표현 통일 납기 조건 고객 가격 변경 실제 주문 수량 장기 계약 여부 조정 다음 영업 회의 거래처 확정 수량 예상 매출 차이 비교 예정 주요 항목 검토 항목 현재 다음 전자 단가 이상 조건 버넷 솔루션 전망 마진 유지 여부 리베이트 범위 최대 계약 일정
hb_doc_0097.txt,1,hanbit semiconductor 견적 조정 회의 메모 조직 유형 업무 검토 기록 상태 검토 진행 수도권 고객 대응 상황 태림 디바이스 hb dr 공급 조건 맞추다 회차 이상 주문 전제 단가 조정 우선 검토 수량 미치다 기존 단가 유지 의견 모으다 윤는 미래 모듈 다음 분기 예상 주량 수준 보고 영업 이익 아래 내려가다 추가 할인 제한 공유 미래 모듈 경쟁 제시 가가 수준 설명 전달 물량 확정 여부 리베이트 최대 적용 시나리오 비교 가은 갱신 일정 주로 예상 계정 우선 순위 제안 표현 통일 납기 조건 고객 가격 변경 실제 주문 수량 장기 계약 여부 조정 다음 영업 회의 거래처 확정 수량 예상 매출 차이 비교 예정 주요 항목 검토 항목 현재 다음 태림 디바이스 단가 이상 조건 미래 모듈 전망 마진 유지 여부 리베이트 범위 최대 계약 일정
hb_doc_0090.txt,1,hanbit semiconductor 거래 일정 조율 메모 조직 유형 업무 검토 기록 상태 검토 진행 동남권 고객 대응 상황 링크 hb q 공급 조건 맞추다 회차 이상 주문 전제 단가 조정 우선 검토 수량 미치다 기존 단가 유지 의견 모으다 유니온 다음 분기 예상 주량 수준 보고 영업 이익 아래 내려가다 추가 할인 제한 공유 유니온 경쟁 제시 가가 수준 설명 전달 물량 확정 여부 리베이트 최대 적용 시나리오 비교 이서현 갱신 일정 주로 예상 계정 우선 순위 제안 표현 통일 납기 조건 고객 가격 변경 실제 주문 수량 장기 계약 여부 조정 다음 영업 회의 거래처 확정 수량 예상 매출 차이 비교 예정 주요 항목 검토 항목 현재 다음 네오 링크 단가 이상 조건 유니온 전망 마진 유지 여부 리베이트 범위 최대 계약 일정
hb_doc_0104.txt,1,hanbit semiconductor 견적 조정 회의 메모 조직 유형 업무 검토 기록 상태 검토 진행 동남권 고객 대응 상황 서다 나은 오로라 시스템 hb p 공급 조건 맞추다 회차 이상 주문 전제 단가 조정 우선 검토 수량 미치다 기존 단가 유지 의견 모으다 훈는 태림 디바이스 다음 분기 예상 주량 수준 보고 영업 이익 아래 내려가다 추가 할인 제한 공유 태림 디바이스 경쟁 제시 가가 수준 설명 전달 물량 확정 여부 리베이트 최대 적용 시나리오 비교 호은 갱신 일정 말로 예상 계정 우선 순위 제안 표현 통일 납기 조건 고객 가격 변경 실제 주문 수량 장기 계약 여부 조정 다음 영업 회의 거래처 확정 수량 예상 매출 차이 비교 예정 주요 항목 검토 항목 현재 다음 오로라 시스 템즈 단가 이상 조건 태림 디바이스 전망 마진 유지 여부 리베이트 범위 최대 계약 일정
hb_doc_0082.txt,1,hanbit semiconductor 견적 조정 회의 메모 조직 유형 업무 검토 기록 상태 검토 진행 수도권 고객 대응 상황 전자 hb eu 공급 조건 맞추다 회차 이상 주문 전제 단가 조정 우선 검토 수량 미치다 기존 단가 유지 의견 모으다 윤는 링크 다음 분기 예상 주량 수준 보고 영업 이익 아래 내려가다 추가 할인 제한 공유 네오 링크 경쟁 제시 가가 수준 설명 전달 물량 확정 여부 리베이트 최대 적용 시나리오 비교 윤서 하은 갱신 일정 주로 예상 계정 우선 순위 제안 표현 통일 납기 조건 고객 가격 변경 실제 주문 수량 장기 계약 여부 조정 다음 영업 회의 거래처 확정 수량 예상 매출 차이 비교 예정 주요 항목 검토 항목 현재 다음 전자 단가 이상 조건 네오 링크 전망 마진 유지 여부 리베이트 범위 최대 계약 일정
hb_doc_0094.txt,1,hanbit semiconductor 거래처 협의 진행 메모 조직 유형 업무 검토 기록 상태 검토 진행 동남권 고객 대응 상황 블루 스톤 모빌리티 hb mx 공급 조건 맞추다 회차 이상 주문 전제 단가 조정 우선 검토 수량 미치다 기존 단가 유지 의견 모으다 오로라 시스템 다음 분기 예상 주량 수준 보고 영업 이익 아래 내려가다 추가 할인 제한 공유 오로라 시스 템즈 경쟁 제시 가가 수준 설명 전달 물량 확정 여부 리베이트 최대 적용 시나리오 비교 윤서 하은 갱신 일정 주로 예상 계정 우선 순위 제안 표현 통일 납기 조건 고객 가격 변경 실제 주문 수량 장기 계약 여부 조정 다음 영업 회의 거래처 확정 수량 예상 매출 차이 비교 예정 주요 항목 검토 항목 현재 다음 블루 스톤 모빌리티 단가 이상 조건 오로라 시스 템즈 전망 마진 유지 여부 리베이트 범위 최대 계약 일정
hb_doc_0106.txt,1,hanbit semiconductor 분기 수주 흐름 조직 유형 업무 검토 기록 상태 검토 진행 서부 고객 대응 상황 한결 테크 hb q 공급 조건 맞추다 회차 이상 주문 전제 단가 조정 우선 검토 수량 미치다 기존 단가 유지 의견 모으다 오로라 시스템 다음 분기 예상 주량 수준 보고 영업 이익 아래 내려가다 추가 할인 제한 공유 오로라 시스 템즈 경쟁 제시 가가 수준 설명 전달 물량 확정 여부 리베이트 최대 적용 시나리오 비교 이서현 갱신 일정 주로 예상 계정 우선 순위 제안 표현 통일 납기 조건 고객 가격 변경 실제 주문 수량 장기 계약 여부 조정 다음 영업 회의 거래처 확정 수량 예상 매출 차이 비교 예정 주요 항목 검토 항목 현재 다음 한결 테크 단가 이상 조건 오로라 시스 템즈 전망 마진 유지 여부 리베이트 범위 최대 계약 일정
hb_doc_0089.txt,1,hanbit semiconductor 견적 조정 회의 메모 조직 유형 업무 검토 기록 상태 검토 진행 수도권 고객 대응 상황 링크 hb mx 공급 조건 맞추다 회차 이상 주문 전제 단가 조정 우선 검토 수량 미치다 기존 단가 유지 의견 모으다 윤는 미래 모듈 다음 분기 예상 주량 수준 보고 영업 이익 아래 내려가다 추가 할인 제한 공유 미래 모듈 경쟁 제시 가가 수준 설명 전달 물량 확정 여부 리베이트 최대 적용 시나리오 비교 갱신 일정 주로 예상 계정 우선 순위 제안 표현 통일 납기 조건 고객 가격 변경 실제 주문 수량 장기 계약 여부 조정 다음 영업 회의 거래처 확정 수량 예상 매출 차이 비교 예정 주요 항목 검토 항목 현재 다음 네오 링크 단가 이상 조건 미래 모듈 전망 마진 유지 여부 리베이트 범위 최대 계약 일정
hb_doc_0098.txt,1,hanbit semiconductor 주간 고객 대응 조직 유형 업무 검토 기록 상태 검토 진행 수도권 고객 대응 상황 태림 디바이스 hb nv 공급 조건 맞추다 회차 이상 주문 전제 단가 조정 우선 검토 수량 미치다 기존 단가 유지 의견 모으다 버넷 솔루션 다음 분기 예상 주량 수준 보고 영업 이익 아래 내려가다 추가 할인 제한 공유 버넷 솔루션 경쟁 제시 가가 수준 설명 전달 물량 확정 여부 리베이트 최대 적용 시나리오 비교 장민석 갱신 일정 주로 예상 계정 우선 순위 제안 표현 통일 납기 조건 고객 가격 변경 실제 주문 수량 장기 계약 여부 조정 다음 영업 회의 거래처 확정 수량 예상 매출 차이 비교 예정 주요 항목 검토 항목 현재 다음 태림 디바이스 단가 이상 조건 버넷 솔루션 전망 마진 유지 여부 리베이트 범위 최대 계약 일정
hb_doc_0093.txt,1,hanbit semiconductor 거래 일정 조율 메모 조직 유형 업무 검토 기록 상태 검토 진행 서부 고객 대응 상황 재다 블루 스톤 모빌리티 hb xc 공급 조건 맞추다 회차 이상 주문 전제 단가 조정 우선 검토 수량 미치다 기존 단가 유지 의견 모으다 코어 웨이브 다음 분기 예상 주량 수준 보고 영업 이익 아래 내려가다 추가 할인 제한 공유 코어 웨이브 경쟁 제시 가가 수준 설명 전달 물량 확정 여부 리베이트 최대 적용 시나리오 비교 갱신 일정 주로 예상 계정 우선 순위 제안 표현 통일 납기 조건 고객 가격 변경 실제 주문 수량 장기 계약 여부 조정 다음 영업 회의 거래처 확정 수량 예상 매출 차이 비교 예정 주요 항목 검토 항목 현재 다음 블루 스톤 모빌리티 단가 이상 조건 코어 웨이브 전망 마진 유지 여부 리베이트 범위 최대 계약 일정
hb_doc_0095.txt,1,hanbit semiconductor 월간 영업 운영 기록 조직 유형 업무 검토 기록 상태 검토 진행 수도권 고객 대응 상황 태림 디바이스 hb xc 공급 조건 맞추다 회차 이상 주문 전제 단가 조정 우선 검토 수량 미치다 기존 단가 유지 의견 모으다 한결 테크 다음 분기 예상 주량 수준 보고 영업 이익 아래 내려가다 추가 할인 제한 공유 한결 테크 경쟁 제시 가가 수준 설명 전달 물량 확정 여부 리베이트 최대 적용 시나리오 비교 조민재 갱신 일정 주로 예상 계정 우선 순위 제안 표현 통일 납기 조건 고객 가격 변경 실제 주문 수량 장기 계약 여부 조정 다음 영업 회의 거래처 확정 수량 예상 매출 차이 비교 예정 주요 항목 검토 항목 현재 다음 태림 디바이스 단가 이상 조건 한결 테크 전망 마진 유지 여부 리베이트 범위 최대 계약 일정
hb_doc_0092.txt,1,hanbit semiconductor 채널 운영 점검 기록 조직 유형 업무 검토 기록 상태 검토 진행 중부 고객 대응 상황 링크 hb mx 공급 조건 맞추다 회차 이상 주문 전제 단가 조정 우선 검토 수량 미치다 기존 단가 유지 의견 모으다 오로라 시스템 다음 분기 예상 주량 수준 보고 영업 이익 아래 내려가다 추가 할인 제한 공유 오로라 시스 템즈 경쟁 제시 가가 수준 설명 전달 물량 확정 여부 리베이트 최대 적용 시나리오 비교 호은 갱신 일정 주로 예상 계정 우선 순위 제안 표현 통일 납기 조건 고객 가격 변경 실제 주문 수량 장기 계약 여부 조정 다음 영업 회의 거래처 확정 수량 예상 매출 차이 비교 예정 주요 항목 검토 항목 현재 다음 네오 링크 단가 이상 조건 오로라 시스 템즈 전망 마진 유지 여부 리베이트 범위 최대 계약 일정
hb_doc_0074.txt,1,hanbit semiconductor 견적 조정 회의 메모 조직 유형 업무 검토 기록 상태 검토 진행 수도권 고객 대응 상황 태림 디바이스 hb p 공급 조건 맞추다 회차 이상 주문 전제 단가 조정 우선 검토 수량 미치다 기존 단가 유지 의견 모으다 버넷 솔루션 다음 분기 예상 주량 수준 보고 영업 이익 아래 내려가다 추가 할인 제한 공유 버넷 솔루션 경쟁 제시 가가 수준 설명 전달 물량 확정 여부 리베이트 최대 적용 시나리오 비교 조민재 갱신 일정 주로 예상 계정 우선 순위 제안 표현 통일 납기 조건 고객 가격 변경 실제 주문 수량 장기 계약 여부 조정 다음 영업 회의 거래처 확정 수량 예상 매출 차이 비교 예정 주요 항목 검토 항목 현재 다음 태림 디바이스 단가 이상 조건 버넷 솔루션 전망 마진 유지 여부 리베이트 범위 최대 계약 일정
hb_doc_0086.txt,1,hanbit semiconductor 고객 요청 검토 조직 유형 업무 검토 기록 상태 검토 진행 중부 고객 대응 상황 한결 테크 hb mx 공급 조건 맞추다 회차 이상 주문 전제 단가 조정 우선 검토 수량 미치다 기존 단가 유지 의견 모으다 유니온 다음 분기 예상 주량 수준 보고 영업 이익 아래 내려가다 추가 할인 제한 공유 유니온 경쟁 제시 가가 수준 설명 전달 물량 확정 여부 리베이트 최대 적용 시나리오 비교 이서현 갱신 일정 말로 예상 계정 우선 순위 제안 표현 통일 납기 조건 고객 가격 변경 실제 주문 수량 장기 계약 여부 조정 다음 영업 회의 거래처 확정 수량 예상 매출 차이 비교 예정 주요 항목 검토 항목 현재 다음 한결 테크 단가 이상 조건 유니온 전망 마진 유지 여부 리베이트 범위 최대 계약 일정
hb_doc_0101.txt,1,hanbit semiconductor 채널 운영 점검 기록 조직 유형 업무 검토 기록 상태 검토 진행 동남권 고객 대응 상황 오로라 시스템 hb q 공급 조건 맞추다 회차 이상 주문 전제 단가 조정 우선 검토 수량 미치다 기존 단가 유지 의견 모으다 미래 모듈 다음 분기 예상 주량 수준 보고 영업 이익 아래 내려가다 추가 할인 제한 공유 미래 모듈 경쟁 제시 가가 수준 설명 전달 물량 확정 여부 리베이트 최대 적용 시나리오 비교 문서연 갱신 일정 주로 예상 계정 우선 순위 제안 표현 통일 납기 조건 고객 가격 변경 실제 주문 수량 장기 계약 여부 조정 다음 영업 회의 거래처 확정 수량 예상 매출 차이 비교 예정 주요 항목 검토 항목 현재 다음 오로라 시스 템즈 단가 이상 조건 미래 모듈 전망 마진 유지 여부 리베이트 범위 최대 계약 일정
hb_doc_0083.txt,1,hanbit semiconductor 견적 조정 회의 메모 조직 유형 업무 검토 기록 상태 검토 진행 서부 고객 대응 상황 한결 테크 hb mx 공급 조건 맞추다 회차 이상 주문 전제 단가 조정 우선 검토 수량 미치다 기존 단가 유지 의견 모으다 태림 디바이스 다음 분기 예상 주량 수준 보고 영업 이익 아래 내려가다 추가 할인 제한 공유 태림 디바이스 경쟁 제시 가가 수준 설명 전달 물량 확정 여부 리베이트 최대 적용 시나리오 비교 유태현 갱신 일정 주로 예상 계정 우선 순위 제안 표현 통일 납기 조건 고객 가격 변경 실제 주문 수량 장기 계약 여부 조정 다음 영업 회의 거래처 확정 수량 예상 매출 차이 비교 예정 주요 항목 검토 항목 현재 다음 한결 테크 단가 이상 조건 태림 디바이스 전망 마진 유지 여부 리베이트 범위 최대 계약 일정
hb_doc_0087.txt,1,hanbit semiconductor 채널 운영 점검 기록 조직 유형 업무 검토 기록 상태 검토 진행 수도권 고객 대응 상황 블루 스톤 모빌리티 hb dr 공급 조건 맞추다 회차 이상 주문 전제 단가 조정 우선 검토 수량 미치다 기존 단가 유지 의견 모으다 링크 다음 분기 예상 주량 수준 보고 영업 이익 아래 내려가다 추가 할인 제한 공유 네오 링크 경쟁 제시 가가 수준 설명 전달 물량 확정 여부 리베이트 최대 적용 시나리오 비교 안다 갱신 일정 주로 예상 계정 우선 순위 제안 표현 통일 납기 조건 고객 가격 변경 실제 주문 수량 장기 계약 여부 조정 다음 영업 회의 거래처 확정 수량 예상 매출 차이 비교 예정 주요 항목 검토 항목 현재 다음 블루 스톤 모빌리티 단가 이상 조건 네오 링크 전망 마진 유지 여부 리베이트 범위 최대 계약 일정
hb_doc_0102.txt,1,hanbit semiconductor 주간 고객 대응 조직 유형 업무 검토 기록 상태 검토 진행 서부 고객 대응 상황 호은 태림 디바이스 hb mx 공급 조건 맞추다 회차 이상 주문 전제 단가 조정 우선 검토 수량 미치다 기존 단가 유지 의견 모으다 전자 다음 분기 예상 주량 수준 보고 영업 이익 아래 내려가다 추가 할인 제한 공유 전자 경쟁 제시 가가 수준 설명 전달 물량 확정 여부 리베이트 최대 적용 시나리오 비교 정수빈 갱신 일정 주로 예상 계정 우선 순위 제안 표현 통일 납기 조건 고객 가격 변경 실제 주문 수량 장기 계약 여부 조정 다음 영업 회의 거래처 확정 수량 예상 매출 차이 비교 예정 주요 항목 검토 항목 현재 다음 태림 디바이스 단가 이상 조건 전자 전망 마진 유지 여부 리베이트 범위 최대 계약 일정
hb_doc_0080.txt,1,hanbit semiconductor 거래처 협의 진행 메모 조직 유형 업무 검토 기록 상태 검토 진행 중부 고객 대응 상황 태림 디바이스 hb eu 공급 조건 맞추다 회차 이상 주문 전제 단가 조정 우선 검토 수량 미치다 기존 단가 유지 의견 모으다 블루 스톤 모빌리티 다음 분기 예상 주량 수준 보고 영업 이익 아래 내려가다 추가 할인 제한 공유 블루 스톤 모빌리티 경쟁 제시 가가 수준 설명 전달 물량 확정 여부 리베이트 최대 적용 시나리오 비교 조민재 갱신 일정 주로 예상 계정 우선 순위 제안 표현 통일 납기 조건 고객 가격 변경 실제 주문 수량 장기 계약 여부 조정 다음 영업 회의 거래처 확정 수량 예상 매출 차이 비교 예정 주요 항목 검토 항목 현재 다음 태림 디바이스 단가 이상 조건 블루 스톤 모빌리티 전망 마진 유지 여부 리베이트 범위 최대 계약 일정
hb_doc_0072.txt,1,hanbit semiconductor 견적 조정 회의 메모 조직 유형 업무 검토 기록 상태 검토 진행 중부 고객 대응 상황 오로라 시스템 hb eu 공급 조건 맞추다 회차 이상 주문 전제 단가 조정 우선 검토 수량 미치다 기존 단가 유지 의견 모으다 지다 태림 디바이스 다음 분기 예상 주량 수준 보고 영업 이익 아래 내려가다 추가 할인 제한 공유 태림 디바이스 경쟁 제시 가가 수준 설명 전달 물량 확정 여부 리베이트 최대 적용 시나리오 비교 이도윤 갱신 일정 주로 예상 계정 우선 순위 제안 표현 통일 납기 조건 고객 가격 변경 실제 주문 수량 장기 계약 여부 조정 다음 영업 회의 거래처 확정 수량 예상 매출 차이 비교 예정 주요 항목 검토 항목 현재 다음 오로라 시스 템즈 단가 이상 조건 태림 디바이스 전망 마진 유지 여부 리베이트 범위 최대 계약 일정
hb_doc_0096.txt,1,hanbit semiconductor 견적 조정 회의 메모 조직 유형 업무 검토 기록 상태 검토 진행 서부 고객 대응 상황 서다 나은 오로라 시스템 hb mx 공급 조건 맞추다 회차 이상 주문 전제 단가 조정 우선 검토 수량 미치다 기존 단가 유지 의견 모으다 미래 모듈 다음 분기 예상 주량 수준 보고 영업 이익 아래 내려가다 추가 할인 제한 공유 미래 모듈 경쟁 제시 가가 수준 설명 전달 물량 확정 여부 리베이트 최대 적용 시나리오 비교 김현영 갱신 일정 주로 예상 계정 우선 순위 제안 표현 통일 납기 조건 고객 가격 변경 실제 주문 수량 장기 계약 여부 조정 다음 영업 회의 거래처 확정 수량 예상 매출 차이 비교 예정 주요 항목 검토 항목 현재 다음 오로라 시스 템즈 단가 이상 조건 미래 모듈 전망 마진 유지 여부 리베이트 범위 최대 계약 일정
hb_doc_0077.txt,1,hanbit semiconductor 주간 고객 대응 조직 유형 업무 검토 기록 상태 검토 진행 중부 고객 대응 상황 유니온 hb p 공급 조건 맞추다 회차 이상 주문 전제 단가 조정 우선 검토 수량 미치다 기존 단가 유지 의견 모으다 미래 모듈 다음 분기 예상 주량 수준 보고 영업 이익 아래 내려가다 추가 할인 제한 공유 미래 모듈 경쟁 제시 가가 수준 설명 전달 물량 확정 여부 리베이트 최대 적용 시나리오 비교 조민재 갱신 일정 말로 예상 계정 우선 순위 제안 표현 통일 납기 조건 고객 가격 변경 실제 주문 수량 장기 계약 여부 조정 다음 영업 회의 거래처 확정 수량 예상 매출 차이 비교 예정 주요 항목 검토 항목 현재 다음 유니온 단가 이상 조건 미래 모듈 전망 마진 유지 여부 리베이트 범위 최대 계약 일정
hb_doc_0075.txt,1,hanbit semiconductor 채널 운영 점검 기록 조직 유형 업무 검토 기록 상태 검토 진행 남부 고객 대응 상황 유니온 hb mx 공급 조건 맞추다 회차 이상 주문 전제 단가 조정 우선 검토 수량 미치다 기존 단가 유지 의견 모으다 지다 버넷 솔루션 다음 분기 예상 주량 수준 보고 영업 이익 아래 내려가다 추가 할인 제한 공유 버넷 솔루션 경쟁 제시 가가 수준 설명 전달 물량 확정 여부 리베이트 최대 적용 시나리오 비교 도윤 갱신 일정 주로 예상 계정 우선 순위 제안 표현 통일 납기 조건 고객 가격 변경 실제 주문 수량 장기 계약 여부 조정 다음 영업 회의 거래처 확정 수량 예상 매출 차이 비교 예정 주요 항목 검토 항목 현재 다음 유니온 단가 이상 조건 버넷 솔루션 전망 마진 유지 여부 리베이트 범위 최대 계약 일정
hb_doc_0107.txt,1,hanbit semiconductor 거래 일정 조율 메모 조직 유형 업무 검토 기록 상태 검토 진행 남부 고객 대응 상황 링크 hb q 공급 조건 맞추다 회차 이상 주문 전제 단가 조정 우선 검토 수량 미치다 기존 단가 유지 의견 모으다 유니온 다음 분기 예상 주량 수준 보고 영업 이익 아래 내려가다 추가 할인 제한 공유 유니온 경쟁 제시 가가 수준 설명 전달 물량 확정 여부 리베이트 최대 적용 시나리오 비교 윤서 하은 갱신 일정 주로 예상 계정 우선 순위 제안 표현 통일 납기 조건 고객 가격 변경 실제 주문 수량 장기 계약 여부 조정 다음 영업 회의 거래처 확정 수량 예상 매출 차이 비교 예정 주요 항목 검토 항목 현재 다음 네오 링크 단가 이상 조건 유니온 전망 마진 유지 여부 리베이트 범위 최대 계약 일정
hb_doc_0103.txt,1,hanbit semiconductor 거래처 협의 진행 메모 조직 유형 업무 검토 기록 상태 검토 진행 서부 고객 대응 상황 호은 버넷 솔루션 hb mx 공급 조건 맞추다 회차 이상 주문 전제 단가 조정 우선 검토 수량 미치다 기존 단가 유지 의견 모으다 전자 다음 분기 예상 주량 수준 보고 영업 이익 아래 내려가다 추가 할인 제한 공유 전자 경쟁 제시 가가 수준 설명 전달 물량 확정 여부 리베이트 최대 적용 시나리오 비교 김현영 갱신 일정 주로 예상 계정 우선 순위 제안 표현 통일 납기 조건 고객 가격 변경 실제 주문 수량 장기 계약 여부 조정 다음 영업 회의 거래처 확정 수량 예상 매출 차이 비교 예정 주요 항목 검토 항목 현재 다음 버넷 솔루션 단가 이상 조건 전자 전망 마진 유지 여부 리베이트 범위 최대 계약 일정
hb_doc_0073.txt,1,hanbit semiconductor 월간 영업 운영 기록 조직 유형 업무 검토 기록 상태 검토 진행 수도권 고객 대응 상황 오로라 시스템 hb q 공급 조건 맞추다 회차 이상 주문 전제 단가 조정 우선 검토 수량 미치다 기존 단가 유지 의견 모으다 미래 모듈 다음 분기 예상 주량 수준 보고 영업 이익 아래 내려가다 추가 할인 제한 공유 미래 모듈 경쟁 제시 가가 수준 설명 전달 물량 확정 여부 리베이트 최대 적용 시나리오 비교 김현영 갱신 일정 주로 예상 계정 우선 순위 제안 표현 통일 납기 조건 고객 가격 변경 실제 주문 수량 장기 계약 여부 조정 다음 영업 회의 거래처 확정 수량 예상 매출 차이 비교 예정 주요 항목 검토 항목 현재 다음 오로라 시스 템즈 단가 이상 조건 미래 모듈 전망 마진 유지 여부 리베이트 범위 최대 계약 일정
hb_doc_0071.txt,1,hanbit semiconductor 고객 요청 검토 조직 유형 업무 검토 기록 상태 검토 진행 중부 고객 대응 상황 앗다 유니온 hb mx 공급 조건 맞추다 회차 이상 주문 전제 단가 조정 우선 검토 수량 미치다 기존 단가 유지 의견 모으다 태림 디바이스 다음 분기 예상 주량 수준 보고 영업 이익 아래 내려가다 추가 할인 제한 공유 태림 디바이스 경쟁 제시 가가 수준 설명 전달 물량 확정 여부 리베이트 최대 적용 시나리오 비교 이서현 갱신 일정 주로 예상 계정 우선 순위 제안 표현 통일 납기 조건 고객 가격 변경 실제 주문 수량 장기 계약 여부 조정 다음 영업 회의 거래처 확정 수량 예상 매출 차이 비교 예정 주요 항목 검토 항목 현재 다음 유니온 단가 이상 조건 태림 디바이스 전망 마진 유지 여부 리베이트 범위 최대 계약 일정
hb_doc_0099.txt,1,hanbit semiconductor 거래처 협의 진행 메모 조직 유형 업무 검토 기록 상태 검토 진행 중부 고객 대응 상황 영은 전자 hb xc 공급 조건 맞추다 회차 이상 주문 전제 단가 조정 우선 검토 수량 미치다 기존 단가 유지 의견 모으다 링크 다음 분기 예상 주량 수준 보고 영업 이익 아래 내려가다 추가 할인 제한 공유 네오 링크 경쟁 제시 가가 수준 설명 전달 물량 확정 여부 리베이트 최대 적용 시나리오 비교 정수빈 갱신 일정 주로 예상 계정 우선 순위 제안 표현 통일 납기 조건 고객 가격 변경 실제 주문 수량 장기 계약 여부 조정 다음 영업 회의 거래처 확정 수량 예상 매출 차이 비교 예정 주요 항목 검토 항목 현재 다음 전자 단가 이상 조건 네오 링크 전망 마진 유지 여부 리베이트 범위 최대 계약 일정
hb_doc_0079.txt,1,hanbit semiconductor 거래 일정 조율 메모 조직 유형 업무 검토 기록 상태 검토 진행 서부 고객 대응 상황 태림 디바이스 hb xc 공급 조건 맞추다 회차 이상 주문 전제 단가 조정 우선 검토 수량 미치다 기존 단가 유지 의견 모으다 한결 테크 다음 분기 예상 주량 수준 보고 영업 이익 아래 내려가다 추가 할인 제한 공유 한결 테크 경쟁 제시 가가 수준 설명 전달 물량 확정 여부 리베이트 최대 적용 시나리오 비교 백수 앗다 갱신 일정 주로 예상 계정 우선 순위 제안 표현 통일 납기 조건 고객 가격 변경 실제 주문 수량 장기 계약 여부 조정 다음 영업 회의 거래처 확정 수량 예상 매출 차이 비교 예정 주요 항목 검토 항목 현재 다음 태림 디바이스 단가 이상 조건 한결 테크 전망 마진 유지 여부 리베이트 범위 최대 계약 일정
hb_doc_0081.txt,1,hanbit semiconductor 고객 요청 검토 조직 유형 업무 검토 기록 상태 검토 진행 남부 고객 대응 상황 미래 모듈 hb xc 공급 조건 맞추다 회차 이상 주문 전제 단가 조정 우선 검토 수량 미치다 기존 단가 유지 의견 모으다 문서연 버넷 솔루션 다음 분기 예상 주량 수준 보고 영업 이익 아래 내려가다 추가 할인 제한 공유 버넷 솔루션 경쟁 제시 가가 수준 설명 전달 물량 확정 여부 리베이트 최대 적용 시나리오 비교 정수빈 갱신 일정 주로 예상 계정 우선 순위 제안 표현 통일 납기 조건 고객 가격 변경 실제 주문 수량 장기 계약 여부 조정 다음 영업 회의 거래처 확정 수량 예상 매출 차이 비교 예정 주요 항목 검토 항목 현재 다음 미래 모듈 단가 이상 조건 버넷 솔루션 전망 마진 유지 여부 리베이트 범위 최대 계약 일정
hb_doc_0078.txt,1,hanbit semiconductor 월간 영업 운영 기록 조직 유형 업무 검토 기록 상태 검토 진행 동남권 고객 대응 상황 한결 테크 hb xc 공급 조건 맞추다 회차 이상 주문 전제 단가 조정 우선 검토 수량 미치다 기존 단가 유지 의견 모으다 윤는 블루 스톤 모빌리티 다음 분기 예상 주량 수준 보고 영업 이익 아래 내려가다 추가 할인 제한 공유 블루 스톤 모빌리티 경쟁 제시 가가 수준 설명 전달 물량 확정 여부 리베이트 최대 적용 시나리오 비교 황준혁 갱신 일정 주로 예상 계정 우선 순위 제안 표현 통일 납기 조건 고객 가격 변경 실제 주문 수량 장기 계약 여부 조정 다음 영업 회의 거래처 확정 수량 예상 매출 차이 비교 예정 주요 항목 검토 항목 현재 다음 한결 테크 단가 이상 조건 블루 스톤 모빌리티 전망 마진 유지 여부 리베이트 범위 최대 계약 일정
hb_doc_0084.txt,1,hanbit semiconductor 주간 고객 대응 조직 유형 업무 검토 기록 상태 검토 진행 중부 고객 대응 상황 링크 hb q 공급 조건 맞추다 회차 이상 주문 전제 단가 조정 우선 검토 수량 미치다 기존 단가 유지 의견 모으다 코어 웨이브 다음 분기 예상 주량 수준 보고 영업 이익 아래 내려가다 추가 할인 제한 공유 코어 웨이브 경쟁 제시 가가 수준 설명 전달 물량 확정 여부 리베이트 최대 적용 시나리오 비교 류지호 갱신 일정 주로 예상 계정 우선 순위 제안 표현 통일 납기 조건 고객 가격 변경 실제 주문 수량 장기 계약 여부 조정 다음 영업 회의 거래처 확정 수량 예상 매출 차이 비교 예정 주요 항목 검토 항목 현재 다음 네오 링크 단가 이상 조건 코어 웨이브 전망 마진 유지 여부 리베이트 범위 최대 계약 일정
hb_doc_0076.txt,1,hanbit semiconductor 주간 고객 대응 조직 유형 업무 검토 기록 상태 검토 진행 중부 고객 대응 상황 미래 모듈 hb dr 공급 조건 맞추다 회차 이상 주문 전제 단가 조정 우선 검토 수량 미치다 기존 단가 유지 의견 모으다 전자 다음 분기 예상 주량 수준 보고 영업 이익 아래 내려가다 추가 할인 제한 공유 전자 경쟁 제시 가가 수준 설명 전달 물량 확정 여부 리베이트 최대 적용 시나리오 비교 남서윤 갱신 일정 주로 예상 계정 우선 순위 제안 표현 통일 납기 조건 고객 가격 변경 실제 주문 수량 장기 계약 여부 조정 다음 영업 회의 거래처 확정 수량 예상 매출 차이 비교 예정 주요 항목 검토 항목 현재 다음 미래 모듈 단가 이상 조건 전자 전망 마진 유지 여부 리베이트 범위 최대 계약 일정
hb_doc_0105.txt,1,hanbit semiconductor 주간 고객 대응 조직 유형 업무 검토 기록 상태 검토 진행 동남권 고객 대응 상황 블루 스톤 모빌리티 hb mx 공급 조건 맞추다 회차 이상 주문 전제 단가 조정 우선 검토 수량 미치다 기존 단가 유지 의견 모으다 오로라 시스템 다음 분기 예상 주량 수준 보고 영업 이익 아래 내려가다 추가 할인 제한 공유 오로라 시스 템즈 경쟁 제시 가가 수준 설명 전달 물량 확정 여부 리베이트 최대 적용 시나리오 비교 문서연 갱신 일정 주로 예상 계정 우선 순위 제안 표현 통일 납기 조건 고객 가격 변경 실제 주문 수량 장기 계약 여부 조정 다음 영업 회의 거래처 확정 수량 예상 매출 차이 비교 예정 주요 항목 검토 항목 현재 다음 블루 스톤 모빌리티 단가 이상 조건 오로라 시스 템즈 전망 마진 유지 여부 리베이트 범위 최대 계약 일정
hb_doc_0091.txt,1,hanbit semiconductor 주간 고객 대응 조직 유형 업무 검토 기록 상태 검토 진행 중부 고객 대응 상황 버넷 솔루션 hb q 공급 조건 맞추다 회차 이상 주문 전제 단가 조정 우선 검토 수량 미치다 기존 단가 유지 의견 모으다 한결 테크 다음 분기 예상 주량 수준 보고 영업 이익 아래 내려가다 추가 할인 제한 공유 한결 테크 경쟁 제시 가가 수준 설명 전달 물량 확정 여부 리베이트 최대 적용 시나리오 비교 갱신 일정 주로 예상 계정 우선 순위 제안 표현 통일 납기 조건 고객 가격 변경 실제 주문 수량 장기 계약 여부 조정 다음 영업 회의 거래처 확정 수량 예상 매출 차이 비교 예정 주요 항목 검토 항목 현재 다음 버넷 솔루션 단가 이상 조건 한결 테크 전망 마진 유지 여부 리베이트 범위 최대 계약 일정
hb_doc_0108.txt,1,hanbit semiconductor 고객 요청 검토 조직 유형 업무 검토 기록 상태 검토 진행 동남권 고객 대응 상황 링크 hb q 공급 조건 맞추다 회차 이상 주문 전제 단가 조정 우선 검토 수량 미치다 기존 단가 유지 의견 모으다 윤는 미래 모듈 다음 분기 예상 주량 수준 보고 영업 이익 아래 내려가다 추가 할인 제한 공유 미래 모듈 경쟁 제시 가가 수준 설명 전달 물량 확정 여부 리베이트 최대 적용 시나리오 비교 유태현 갱신 일정 주로 예상 계정 우선 순위 제안 표현 통일 납기 조건 고객 가격 변경 실제 주문 수량 장기 계약 여부 조정 다음 영업 회의 거래처 확정 수량 예상 매출 차이 비교 예정 주요 항목 검토 항목 현재 다음 네오 링크 단가 이상 조건 미래 모듈 전망 마진 유지 여부 리베이트 범위 최대 계약 일정
hb_doc_0088.txt,1,hanbit semiconductor 주간 고객 대응 조직 유형 업무 검토 기록 상태 검토 진행 중부 고객 대응 상황 미래 모듈 hb dr 공급 조건 맞추다 회차 이상 주문 전제 단가 조정 우선 검토 수량 미치다 기존 단가 유지 의견 모으다 버넷 솔루션 다음 분기 예상 주량 수준 보고 영업 이익 아래 내려가다 추가 할인 제한 공유 버넷 솔루션 경쟁 제시 가가 수준 설명 전달 물량 확정 여부 리베이트 최대 적용 시나리오 비교 갱신 일정 주로 예상 계정 우선 순위 제안 표현 통일 납기 조건 고객 가격 변경 실제 주문 수량 장기 계약 여부 조정 다음 영업 회의 거래처 확정 수량 예상 매출 차이 비교 예정 주요 항목 검토 항목 현재 다음 미래 모듈 단가 이상 조건 버넷 솔루션 전망 마진 유지 여부 리베이트 범위 최대 계약 일정
hb_doc_0114.txt,1,hanbit semiconductor 고객 요청 검토 조직 유형 업무 검토 기록 상태 검토 진행 동남권 고객 대응 상황 재다 코어 웨이브 hb dr 공급 조건 맞추다 회차 이상 주문 전제 단가 조정 우선 검토 수량 미치다 기존 단가 유지 의견 모으다 미래 모듈 다음 분기 예상 주량 수준 보고 영업 이익 아래 내려가다 추가 할인 제한 공유 미래 모듈 경쟁 제시 가가 수준 설명 전달 물량 확정 여부 리베이트 최대 적용 시나리오 비교 노지은 갱신 일정 말로 예상 계정 우선 순위 제안 표현 통일 납기 조건 고객 가격 변경 실제 주문 수량 장기 계약 여부 조정 다음 영업 회의 거래처 확정 수량 예상 매출 차이 비교 예정 주요 항목 검토 항목 현재 다음 코어 웨이브 단가 이상 조건 미래 모듈 전망 마진 유지 여부 리베이트 범위 최대 계약 일정
hb_doc_0113.txt,1,hanbit semiconductor 주간 고객 대응 조직 유형 업무 검토 기록 상태 검토 진행 중부 고객 대응 상황 문서연 링크 hb eu 공급 조건 맞추다 회차 이상 주문 전제 단가 조정 우선 검토 수량 미치다 기존 단가 유지 의견 모으다 전자 다음 분기 예상 주량 수준 보고 영업 이익 아래 내려가다 추가 할인 제한 공유 전자 경쟁 제시 가가 수준 설명 전달 물량 확정 여부 리베이트 최대 적용 시나리오 비교 갱신 일정 주로 예상 계정 우선 순위 제안 표현 통일 납기 조건 고객 가격 변경 실제 주문 수량 장기 계약 여부 조정 다음 영업 회의 거래처 확정 수량 예상 매출 차이 비교 예정 주요 항목 검토 항목 현재 다음 네오 링크 단가 이상 조건 전자 전망 마진 유지 여부 리베이트 범위 최대 계약 일정
hb_doc_0122.docx,1,hanbit semiconductor 분기 수주 흐름 동남권 고객 대응 상황 코어 웨이브 hb nv 공급 조건 맞추다 회차 이상 주문 전제 단가 조정 우선 검토 수량 미치다 기존 단가 유지 의견 모으다 서다 링크 다음 분기 예상 주량 수준 보고 영업 이익 아래 내려가다 추가 할인 제한 공유 네오 링크 경쟁 제시 가가 수준 설명 전달 물량 확정 여부 리베이트 최대 적용 시나리오 비교 송지훈 갱신 일정 주로 예상 계정 우선 순위 제안 표현 통일 납기 조건 고객 가격 변경 실제 주문 수량 장기 계약 여부 조정 다음 영업 회의 거래처 확정 수량 예상 매출 차이 비교 예정 주요 항목 업무 기록 조직 유형 업무 검토 기록 상태 검토 진행 검토 항목 현재 다음 코어 웨이브 단가 이상 조건 네오 링크 전망 마진 유지 여부 리베이트 범위 최대 계약 일정
hb_doc_0143.pdf,1,hanbit semiconductor 주간 고객 대응 조직 유형 업무 검토 기록 상태 검토 진행 중부 고객 대응 상황 하은 블루 스톤 모빌리티 hb eu 공급 조건 맞추다 회차 이상 주문 전제 단가 조정 우선 검토 수량 미치다 기존 단가 유지 의견 모으다 지다 한결 테크 다음 분기 예상 주량 수준 보고 영업 이익 아래 내려가다 추가 할인 제한 공유 한결 테크 경쟁 제시 가가 수준 설명 전달 물량 확정 여부 리베이트 최대 적용 시나리오 비교 권태윤 갱신 일정 주로 예상 계정 우선 순위 제안 표현 통일 납기 조건 고객 가격 변경 실제 주문 수량 장기 계약 여부 조정 다음 영업 회의 거래처 확정 수량 예상 매출 차이 비교 예정 주요 항목 검토 항목 현재 다음 블루 스톤 모빌리티 단가 이상 조건 한결 테크 전망 마진 유지 여부 리베이트 범위 최대 계약 일정 업무 기록
hb_doc_0136.pdf,1,hanbit semiconductor 월간 영업 운영 기록 조직 유형 업무 검토 기록 상태 검토 진행 중부 고객 대응 상황 하은 오로라 시스템 hb p 공급 조건 맞추다 회차 이상 주문 전제 단가 조정 우선 검토 수량 미치다 기존 단가 유지 의견 모으다 비다 미래 모듈 다음 분기 예상 주량 수준 보고 영업 이익 아래 내려가다 추가 할인 제한 공유 미래 모듈 경쟁 제시 가가 수준 설명 전달 물량 확정 여부 리베이트 최대 적용 시나리오 비교 장민석 갱신 일정 주로 예상 계정 우선 순위 제안 표현 통일 납기 조건 고객 가격 변경 실제 주문 수량 장기 계약 여부 조정 다음 영업 회의 거래처 확정 수량 예상 매출 차이 비교 예정 주요 항목 검토 항목 현재 다음 오로라 시스 템즈 단가 이상 조건 미래 모듈 전망 마진 유지 여부 리베이트 범위 최대 계약 일정 업무 기록
hb_doc_0111.txt,1,hanbit semiconductor 주간 고객 대응 조직 유형 업무 검토 기록 상태 검토 진행 수도권 고객 대응 상황 링크 hb q 공급 조건 맞추다 회차 이상 주문 전제 단가 조정 우선 검토 수량 미치다 기존 단가 유지 의견 모으다 전자 다음 분기 예상 주량 수준 보고 영업 이익 아래 내려가다 추가 할인 제한 공유 전자 경쟁 제시 가가 수준 설명 전달 물량 확정 여부 리베이트 최대 적용 시나리오 비교 장민석 갱신 일정 주로 예상 계정 우선 순위 제안 표현 통일 납기 조건 고객 가격 변경 실제 주문 수량 장기 계약 여부 조정 다음 영업 회의 거래처 확정 수량 예상 매출 차이 비교 예정 주요 항목 검토 항목 현재 다음 네오 링크 단가 이상 조건 전자 전망 마진 유지 여부 리베이트 범위 최대 계약 일정
hb_doc_0133.docx,1,hanbit semiconductor 거래처 협의 진행 메모 수도권 고객 대응 상황 하은 태림 디바이스 hb mx 공급 조건 맞추다 회차 이상 주문 전제 단가 조정 우선 검토 수량 미치다 기존 단가 유지 의견 모으다 훈는 유니온 다음 분기 예상 주량 수준 보고 영업 이익 아래 내려가다 추가 할인 제한 공유 유니온 경쟁 제시 가가 수준 설명 전달 물량 확정 여부 리베이트 최대 적용 시나리오 비교 이도윤 갱신 일정 주로 예상 계정 우선 순위 제안 표현 통일 납기 조건 고객 가격 변경 실제 주문 수량 장기 계약 여부 조정 다음 영업 회의 거래처 확정 수량 예상 매출 차이 비교 예정 주요 항목 업무 기록 조직 유형 업무 검토 기록 상태 검토 진행 검토 항목 현재 다음 태림 디바이스 단가 이상 조건 유니온 전망 마진 유지 여부 리베이트 범위 최대 계약 일정
hb_doc_0139.pdf,1,hanbit semiconductor 거래 일정 조율 메모 조직 유형 업무 검토 기록 상태 검토 진행 남부 고객 대응 상황 코어 웨이브 hb eu 공급 조건 맞추다 회차 이상 주문 전제 단가 조정 우선 검토 수량 미치다 기존 단가 유지 의견 모으다 미래 모듈 다음 분기 예상 주량 수준 보고 영업 이익 아래 내려가다 추가 할인 제한 공유 미래 모듈 경쟁 제시 가가 수준 설명 전달 물량 확정 여부 리베이트 최대 적용 시나리오 비교 류지호 갱신 일정 말로 예상 계정 우선 순위 제안 표현 통일 납기 조건 고객 가격 변경 실제 주문 수량 장기 계약 여부 조정 다음 영업 회의 거래처 확정 수량 예상 매출 차이 비교 예정 주요 항목 검토 항목 현재 다음 코어 웨이브 단가 이상 조건 미래 모듈 전망 마진 유지 여부 리베이트 범위 최대 계약 일정 업무 기록
hb_doc_0134.docx,1,hanbit semiconductor 분기 수주 흐름 동남권 고객 대응 상황 하은 미래 모듈 hb mx 공급 조건 맞추다 회차 이상 주문 전제 단가 조정 우선 검토 수량 미치다 기존 단가 유지 의견 모으다 링크 다음 분기 예상 주량 수준 보고 영업 이익 아래 내려가다 추가 할인 제한 공유 네오 링크 경쟁 제시 가가 수준 설명 전달 물량 확정 여부 리베이트 최대 적용 시나리오 비교 한유진 갱신 일정 주로 예상 계정 우선 순위 제안 표현 통일 납기 조건 고객 가격 변경 실제 주문 수량 장기 계약 여부 조정 다음 영업 회의 거래처 확정 수량 예상 매출 차이 비교 예정 주요 항목 업무 기록 조직 유형 업무 검토 기록 상태 검토 진행 검토 항목 현재 다음 미래 모듈 단가 이상 조건 네오 링크 전망 마진 유지 여부 리베이트 범위 최대 계약 일정
hb_doc_0115.txt,1,hanbit semiconductor 거래처 협의 진행 메모 조직 유형 업무 검토 기록 상태 검토 진행 서부 고객 대응 상황 오로라 시스템 hb nv 공급 조건 맞추다 회차 이상 주문 전제 단가 조정 우선 검토 수량 미치다 기존 단가 유지 의견 모으다 미래 모듈 다음 분기 예상 주량 수준 보고 영업 이익 아래 내려가다 추가 할인 제한 공유 미래 모듈 경쟁 제시 가가 수준 설명 전달 물량 확정 여부 리베이트 최대 적용 시나리오 비교 갱신 일정 말로 예상 계정 우선 순위 제안 표현 통일 납기 조건 고객 가격 변경 실제 주문 수량 장기 계약 여부 조정 다음 영업 회의 거래처 확정 수량 예상 매출 차이 비교 예정 주요 항목 검토 항목 현재 다음 오로라 시스 템즈 단가 이상 조건 미래 모듈 전망 마진 유지 여부 리베이트 범위 최대 계약 일정
hb_doc_0120.txt,1,hanbit semiconductor 주간 고객 대응 조직 유형 업무 검토 기록 상태 검토 진행 수도권 고객 대응 상황 최하 유니온 hb mx 공급 조건 맞추다 회차 이상 주문 전제 단가 조정 우선 검토 수량 미치다 기존 단가 유지 의견 모으다 한결 테크 다음 분기 예상 주량 수준 보고 영업 이익 아래 내려가다 추가 할인 제한 공유 한결 테크 경쟁 제시 가가 수준 설명 전달 물량 확정 여부 리베이트 최대 적용 시나리오 비교 문서연 갱신 일정 주로 예상 계정 우선 순위 제안 표현 통일 납기 조건 고객 가격 변경 실제 주문 수량 장기 계약 여부 조정 다음 영업 회의 거래처 확정 수량 예상 매출 차이 비교 예정 주요 항목 검토 항목 현재 다음 유니온 단가 이상 조건 한결 테크 전망 마진 유지 여부 리베이트 범위 최대 계약 일정
hb_doc_0119.txt,1,hanbit semiconductor 고객 요청 검토 조직 유형 업무 검토 기록 상태 검토 진행 수도권 고객 대응 상황 블루 스톤 모빌리티 hb q 공급 조건 맞추다 회차 이상 주문 전제 단가 조정 우선 검토 수량 미치다 기존 단가 유지 의견 모으다 코어 웨이브 다음 분기 예상 주량 수준 보고 영업 이익 아래 내려가다 추가 할인 제한 공유 코어 웨이브 경쟁 제시 가가 수준 설명 전달 물량 확정 여부 리베이트 최대 적용 시나리오 비교 갱신 일정 말로 예상 계정 우선 순위 제안 표현 통일 납기 조건 고객 가격 변경 실제 주문 수량 장기 계약 여부 조정 다음 영업 회의 거래처 확정 수량 예상 매출 차이 비교 예정 주요 항목 검토 항목 현재 다음 블루 스톤 모빌리티 단가 이상 조건 코어 웨이브 전망 마진 유지 여부 리베이트 범위 최대 계약 일정
hb_doc_0109.txt,1,hanbit semiconductor 주간 고객 대응 조직 유형 업무 검토 기록 상태 검토 진행 서부 고객 대응 상황 블루 스톤 모빌리티 hb dr 공급 조건 맞추다 회차 이상 주문 전제 단가 조정 우선 검토 수량 미치다 기존 단가 유지 의견 모으다 오로라 시스템 다음 분기 예상 주량 수준 보고 영업 이익 아래 내려가다 추가 할인 제한 공유 오로라 시스 템즈 경쟁 제시 가가 수준 설명 전달 물량 확정 여부 리베이트 최대 적용 시나리오 비교 갱신 일정 주로 예상 계정 우선 순위 제안 표현 통일 납기 조건 고객 가격 변경 실제 주문 수량 장기 계약 여부 조정 다음 영업 회의 거래처 확정 수량 예상 매출 차이 비교 예정 주요 항목 검토 항목 현재 다음 블루 스톤 모빌리티 단가 이상 조건 오로라 시스 템즈 전망 마진 유지 여부 리베이트 범위 최대 계약 일정
hb_doc_0128.docx,1,hanbit semiconductor 고객 요청 검토 남부 고객 대응 상황 서다 나은 태림 디바이스 hb xc 공급 조건 맞추다 회차 이상 주문 전제 단가 조정 우선 검토 수량 미치다 기존 단가 유지 의견 모으다 비다 링크 다음 분기 예상 주량 수준 보고 영업 이익 아래 내려가다 추가 할인 제한 공유 네오 링크 경쟁 제시 가가 수준 설명 전달 물량 확정 여부 리베이트 최대 적용 시나리오 비교 갱신 일정 주로 예상 계정 우선 순위 제안 표현 통일 납기 조건 고객 가격 변경 실제 주문 수량 장기 계약 여부 조정 다음 영업 회의 거래처 확정 수량 예상 매출 차이 비교 예정 주요 항목 업무 기록 조직 유형 업무 검토 기록 상태 검토 진행 검토 항목 현재 다음 태림 디바이스 단가 이상 조건 네오 링크 전망 마진 유지 여부 리베이트 범위 최대 계약 일정
hb_doc_0135.docx,1,hanbit semiconductor 채널 운영 점검 기록 서부 고객 대응 상황 전자 hb q 공급 조건 맞추다 회차 이상 주문 전제 단가 조정 우선 검토 수량 미치다 기존 단가 유지 의견 모으다 윤는 버넷 솔루션 다음 분기 예상 주량 수준 보고 영업 이익 아래 내려가다 추가 할인 제한 공유 버넷 솔루션 경쟁 제시 가가 수준 설명 전달 물량 확정 여부 리베이트 최대 적용 시나리오 비교 영은 갱신 일정 주로 예상 계정 우선 순위 제안 표현 통일 납기 조건 고객 가격 변경 실제 주문 수량 장기 계약 여부 조정 다음 영업 회의 거래처 확정 수량 예상 매출 차이 비교 예정 주요 항목 업무 기록 조직 유형 업무 검토 기록 상태 검토 진행 검토 항목 현재 다음 전자 단가 이상 조건 버넷 솔루션 전망 마진 유지 여부 리베이트 범위 최대 계약 일정
hb_doc_0129.docx,1,hanbit semiconductor 채널 운영 점검 기록 중부 고객 대응 상황 블루 스톤 모빌리티 hb xc 공급 조건 맞추다 회차 이상 주문 전제 단가 조정 우선 검토 수량 미치다 기존 단가 유지 의견 모으다 전자 다음 분기 예상 주량 수준 보고 영업 이익 아래 내려가다 추가 할인 제한 공유 전자 경쟁 제시 가가 수준 설명 전달 물량 확정 여부 리베이트 최대 적용 시나리오 비교 갱신 일정 주로 예상 계정 우선 순위 제안 표현 통일 납기 조건 고객 가격 변경 실제 주문 수량 장기 계약 여부 조정 다음 영업 회의 거래처 확정 수량 예상 매출 차이 비교 예정 주요 항목 업무 기록 조직 유형 업무 검토 기록 상태 검토 진행 검토 항목 현재 다음 블루 스톤 모빌리티 단가 이상 조건 전자 전망 마진 유지 여부 리베이트 범위 최대 계약 일정
hb_doc_0126.docx,1,hanbit semiconductor 거래처 협의 진행 메모 동남권 고객 대응 상황 문서연 블루 스톤 모빌리티 hb mx 공급 조건 맞추다 회차 이상 주문 전제 단가 조정 우선 검토 수량 미치다 기존 단가 유지 의견 모으다 유나 오로라 시스템 다음 분기 예상 주량 수준 보고 영업 이익 아래 내려가다 추가 할인 제한 공유 오로라 시스 템즈 경쟁 제시 가가 수준 설명 전달 물량 확정 여부 리베이트 최대 적용 시나리오 비교 최도현 갱신 일정 주로 예상 계정 우선 순위 제안 표현 통일 납기 조건 고객 가격 변경 실제 주문 수량 장기 계약 여부 조정 다음 영업 회의 거래처 확정 수량 예상 매출 차이 비교 예정 주요 항목 업무 기록 조직 유형 업무 검토 기록 상태 검토 진행 검토 항목 현재 다음 블루 스톤 모빌리티 단가 이상 조건 오로라 시스 템즈 전망 마진 유지 여부 리베이트 범위 최대 계약 일정
hb_doc_0112.txt,1,hanbit semiconductor 주간 고객 대응 조직 유형 업무 검토 기록 상태 검토 진행 수도권 고객 대응 상황 오로라 시스템 hb dr 공급 조건 맞추다 회차 이상 주문 전제 단가 조정 우선 검토 수량 미치다 기존 단가 유지 의견 모으다 지다 버넷 솔루션 다음 분기 예상 주량 수준 보고 영업 이익 아래 내려가다 추가 할인 제한 공유 버넷 솔루션 경쟁 제시 가가 수준 설명 전달 물량 확정 여부 리베이트 최대 적용 시나리오 비교 서유 나은 갱신 일정 주로 예상 계정 우선 순위 제안 표현 통일 납기 조건 고객 가격 변경 실제 주문 수량 장기 계약 여부 조정 다음 영업 회의 거래처 확정 수량 예상 매출 차이 비교 예정 주요 항목 검토 항목 현재 다음 오로라 시스 템즈 단가 이상 조건 버넷 솔루션 전망 마진 유지 여부 리베이트 범위 최대 계약 일정
hb_doc_0131.docx,1,hanbit semiconductor 거래처 협의 진행 메모 남부 고객 대응 상황 코어 웨이브 hb xc 공급 조건 맞추다 회차 이상 주문 전제 단가 조정 우선 검토 수량 미치다 기존 단가 유지 의견 모으다 미래 모듈 다음 분기 예상 주량 수준 보고 영업 이익 아래 내려가다 추가 할인 제한 공유 미래 모듈 경쟁 제시 가가 수준 설명 전달 물량 확정 여부 리베이트 최대 적용 시나리오 비교 갱신 일정 주로 예상 계정 우선 순위 제안 표현 통일 납기 조건 고객 가격 변경 실제 주문 수량 장기 계약 여부 조정 다음 영업 회의 거래처 확정 수량 예상 매출 차이 비교 예정 주요 항목 업무 기록 조직 유형 업무 검토 기록 상태 검토 진행 검토 항목 현재 다음 코어 웨이브 단가 이상 조건 미래 모듈 전망 마진 유지 여부 리베이트 범위 최대 계약 일정
hb_doc_0144.pdf,1,hanbit semiconductor 견적 조정 회의 메모 조직 유형 업무 검토 기록 상태 검토 진행 동남권 고객 대응 상황 전자 hb dr 공급 조건 맞추다 회차 이상 주문 전제 단가 조정 우선 검토 수량 미치다 기존 단가 유지 의견 모으다 지다 블루 스톤 모빌리티 다음 분기 예상 주량 수준 보고 영업 이익 아래 내려가다 추가 할인 제한 공유 블루 스톤 모빌리티 경쟁 제시 가가 수준 설명 전달 물량 확정 여부 리베이트 최대 적용 시나리오 비교 노지은 갱신 일정 주로 예상 계정 우선 순위 제안 표현 통일 납기 조건 고객 가격 변경 실제 주문 수량 장기 계약 여부 조정 다음 영업 회의 거래처 확정 수량 예상 매출 차이 비교 예정 주요 항목 검토 항목 현재 다음 전자 단가 이상 조건 블루 스톤 모빌리티 전망 마진 유지 여부 리베이트 범위 최대 계약 일정 업무 기록
hb_doc_0125.docx,1,hanbit semiconductor 채널 운영 점검 기록 중부 고객 대응 상황 한결 테크 hb dr 공급 조건 맞추다 회차 이상 주문 전제 단가 조정 우선 검토 수량 미치다 기존 단가 유지 의견 모으다 오로라 시스템 다음 분기 예상 주량 수준 보고 영업 이익 아래 내려가다 추가 할인 제한 공유 오로라 시스 템즈 경쟁 제시 가가 수준 설명 전달 물량 확정 여부 리베이트 최대 적용 시나리오 비교 하늘 갱신 일정 주로 예상 계정 우선 순위 제안 표현 통일 납기 조건 고객 가격 변경 실제 주문 수량 장기 계약 여부 조정 다음 영업 회의 거래처 확정 수량 예상 매출 차이 비교 예정 주요 항목 업무 기록 조직 유형 업무 검토 기록 상태 검토 진행 검토 항목 현재 다음 한결 테크 단가 이상 조건 오로라 시스 템즈 전망 마진 유지 여부 리베이트 범위 최대 계약 일정
hb_doc_0123.docx,1,hanbit semiconductor 분기 수주 흐름 서부 고객 대응 상황 서다 나은 코어 웨이브 hb mx 공급 조건 맞추다 회차 이상 주문 전제 단가 조정 우선 검토 수량 미치다 기존 단가 유지 의견 모으다 버넷 솔루션 다음 분기 예상 주량 수준 보고 영업 이익 아래 내려가다 추가 할인 제한 공유 버넷 솔루션 경쟁 제시 가가 수준 설명 전달 물량 확정 여부 리베이트 최대 적용 시나리오 비교 한유진 갱신 일정 주로 예상 계정 우선 순위 제안 표현 통일 납기 조건 고객 가격 변경 실제 주문 수량 장기 계약 여부 조정 다음 영업 회의 거래처 확정 수량 예상 매출 차이 비교 예정 주요 항목 업무 기록 조직 유형 업무 검토 기록 상태 검토 진행 검토 항목 현재 다음 코어 웨이브 단가 이상 조건 버넷 솔루션 전망 마진 유지 여부 리베이트 범위 최대 계약 일정
hb_doc_0140.pdf,1,hanbit semiconductor 분기 수주 흐름 조직 유형 업무 검토 기록 상태 검토 진행 동남권 고객 대응 상황 링크 hb mx 공급 조건 맞추다 회차 이상 주문 전제 단가 조정 우선 검토 수량 미치다 기존 단가 유지 의견 모으다 윤는 버넷 솔루션 다음 분기 예상 주량 수준 보고 영업 이익 아래 내려가다 추가 할인 제한 공유 버넷 솔루션 경쟁 제시 가가 수준 설명 전달 물량 확정 여부 리베이트 최대 적용 시나리오 비교 서유 나은 갱신 일정 주로 예상 계정 우선 순위 제안 표현 통일 납기 조건 고객 가격 변경 실제 주문 수량 장기 계약 여부 조정 다음 영업 회의 거래처 확정 수량 예상 매출 차이 비교 예정 주요 항목 검토 항목 현재 다음 네오 링크 단가 이상 조건 버넷 솔루션 전망 마진 유지 여부 리베이트 범위 최대 계약 일정 업무 기록
hb_doc_0118.txt,1,hanbit semiconductor 거래처 협의 진행 메모 조직 유형 업무 검토 기록 상태 검토 진행 수도권 고객 대응 상황 링크 hb p 공급 조건 맞추다 회차 이상 주문 전제 단가 조정 우선 검토 수량 미치다 기존 단가 유지 의견 모으다 블루 스톤 모빌리티 다음 분기 예상 주량 수준 보고 영업 이익 아래 내려가다 추가 할인 제한 공유 블루 스톤 모빌리티 경쟁 제시 가가 수준 설명 전달 물량 확정 여부 리베이트 최대 적용 시나리오 비교 문서연 갱신 일정 주로 예상 계정 우선 순위 제안 표현 통일 납기 조건 고객 가격 변경 실제 주문 수량 장기 계약 여부 조정 다음 영업 회의 거래처 확정 수량 예상 매출 차이 비교 예정 주요 항목 검토 항목 현재 다음 네오 링크 단가 이상 조건 블루 스톤 모빌리티 전망 마진 유지 여부 리베이트 범위 최대 계약 일정
hb_doc_0142.pdf,1,hanbit semiconductor 견적 조정 회의 메모 조직 유형 업무 검토 기록 상태 검토 진행 남부 고객 대응 상황 링크 hb mx 공급 조건 맞추다 회차 이상 주문 전제 단가 조정 우선 검토 수량 미치다 기존 단가 유지 의견 모으다 코어 웨이브 다음 분기 예상 주량 수준 보고 영업 이익 아래 내려가다 추가 할인 제한 공유 코어 웨이브 경쟁 제시 가가 수준 설명 전달 물량 확정 여부 리베이트 최대 적용 시나리오 비교 조민재 갱신 일정 주로 예상 계정 우선 순위 제안 표현 통일 납기 조건 고객 가격 변경 실제 주문 수량 장기 계약 여부 조정 다음 영업 회의 거래처 확정 수량 예상 매출 차이 비교 예정 주요 항목 검토 항목 현재 다음 네오 링크 단가 이상 조건 코어 웨이브 전망 마진 유지 여부 리베이트 범위 최대 계약 일정 업무 기록
hb_doc_0137.pdf,1,hanbit semiconductor 채널 운영 점검 기록 조직 유형 업무 검토 기록 상태 검토 진행 동남권 고객 대응 상황 호은 오로라 시스템 hb p 공급 조건 맞추다 회차 이상 주문 전제 단가 조정 우선 검토 수량 미치다 기존 단가 유지 의견 모으다 윤는 블루 스톤 모빌리티 다음 분기 예상 주량 수준 보고 영업 이익 아래 내려가다 추가 할인 제한 공유 블루 스톤 모빌리티 경쟁 제시 가가 수준 설명 전달 물량 확정 여부 리베이트 최대 적용 시나리오 비교 하늘 갱신 일정 주로 예상 계정 우선 순위 제안 표현 통일 납기 조건 고객 가격 변경 실제 주문 수량 장기 계약 여부 조정 다음 영업 회의 거래처 확정 수량 예상 매출 차이 비교 예정 주요 항목 검토 항목 현재 다음 오로라 시스 템즈 단가 이상 조건 블루 스톤 모빌리티 전망 마진 유지 여부 리베이트 범위 최대 계약 일정 업무 기록
hb_doc_0130.docx,1,hanbit semiconductor 고객 요청 검토 서부 고객 대응 상황 링크 hb nv 공급 조건 맞추다 회차 이상 주문 전제 단가 조정 우선 검토 수량 미치다 기존 단가 유지 의견 모으다 버넷 솔루션 다음 분기 예상 주량 수준 보고 영업 이익 아래 내려가다 추가 할인 제한 공유 버넷 솔루션 경쟁 제시 가가 수준 설명 전달 물량 확정 여부 리베이트 최대 적용 시나리오 비교 문서연 갱신 일정 주로 예상 계정 우선 순위 제안 표현 통일 납기 조건 고객 가격 변경 실제 주문 수량 장기 계약 여부 조정 다음 영업 회의 거래처 확정 수량 예상 매출 차이 비교 예정 주요 항목 업무 기록 조직 유형 업무 검토 기록 상태 검토 진행 검토 항목 현재 다음 네오 링크 단가 이상 조건 버넷 솔루션 전망 마진 유지 여부 리베이트 범위 최대 계약 일정
hb_doc_0141.pdf,1,hanbit semiconductor 거래처 협의 진행 메모 조직 유형 업무 검토 기록 상태 검토 진행 서부 고객 대응 상황 코어 웨이브 hb xc 공급 조건 맞추다 회차 이상 주문 전제 단가 조정 우선 검토 수량 미치다 기존 단가 유지 의견 모으다 오로라 시스템 다음 분기 예상 주량 수준 보고 영업 이익 아래 내려가다 추가 할인 제한 공유 오로라 시스 템즈 경쟁 제시 가가 수준 설명 전달 물량 확정 여부 리베이트 최대 적용 시나리오 비교 안다 갱신 일정 주로 예상 계정 우선 순위 제안 표현 통일 납기 조건 고객 가격 변경 실제 주문 수량 장기 계약 여부 조정 다음 영업 회의 거래처 확정 수량 예상 매출 차이 비교 예정 주요 항목 검토 항목 현재 다음 코어 웨이브 단가 이상 조건 오로라 시스 템즈 전망 마진 유지 여부 리베이트 범위 최대 계약 일정 업무 기록
hb_doc_0124.docx,1,hanbit semiconductor 주간 고객 대응 수도권 고객 대응 상황 유니온 hb mx 공급 조건 맞추다 회차 이상 주문 전제 단가 조정 우선 검토 수량 미치다 기존 단가 유지 의견 모으다 한결 테크 다음 분기 예상 주량 수준 보고 영업 이익 아래 내려가다 추가 할인 제한 공유 한결 테크 경쟁 제시 가가 수준 설명 전달 물량 확정 여부 리베이트 최대 적용 시나리오 비교 장민석 갱신 일정 주로 예상 계정 우선 순위 제안 표현 통일 납기 조건 고객 가격 변경 실제 주문 수량 장기 계약 여부 조정 다음 영업 회의 거래처 확정 수량 예상 매출 차이 비교 예정 주요 항목 업무 기록 조직 유형 업무 검토 기록 상태 검토 진행 검토 항목 현재 다음 유니온 단가 이상 조건 한결 테크 전망 마진 유지 여부 리베이트 범위 최대 계약 일정
hb_doc_0110.txt,1,hanbit semiconductor 견적 조정 회의 메모 조직 유형 업무 검토 기록 상태 검토 진행 중부 고객 대응 상황 코어 웨이브 hb q 공급 조건 맞추다 회차 이상 주문 전제 단가 조정 우선 검토 수량 미치다 기존 단가 유지 의견 모으다 문서연 버넷 솔루션 다음 분기 예상 주량 수준 보고 영업 이익 아래 내려가다 추가 할인 제한 공유 버넷 솔루션 경쟁 제시 가가 수준 설명 전달 물량 확정 여부 리베이트 최대 적용 시나리오 비교 갱신 일정 주로 예상 계정 우선 순위 제안 표현 통일 납기 조건 고객 가격 변경 실제 주문 수량 장기 계약 여부 조정 다음 영업 회의 거래처 확정 수량 예상 매출 차이 비교 예정 주요 항목 검토 항목 현재 다음 코어 웨이브 단가 이상 조건 버넷 솔루션 전망 마진 유지 여부 리베이트 범위 최대 계약 일정
hb_doc_0138.pdf,1,hanbit semiconductor 견적 조정 회의 메모 조직 유형 업무 검토 기록 상태 검토 진행 남부 고객 대응 상황 앗다 오로라 시스템 hb eu 공급 조건 맞추다 회차 이상 주문 전제 단가 조정 우선 검토 수량 미치다 기존 단가 유지 의견 모으다 윤는 버넷 솔루션 다음 분기 예상 주량 수준 보고 영업 이익 아래 내려가다 추가 할인 제한 공유 버넷 솔루션 경쟁 제시 가가 수준 설명 전달 물량 확정 여부 리베이트 최대 적용 시나리오 비교 안다 갱신 일정 주로 예상 계정 우선 순위 제안 표현 통일 납기 조건 고객 가격 변경 실제 주문 수량 장기 계약 여부 조정 다음 영업 회의 거래처 확정 수량 예상 매출 차이 비교 예정 주요 항목 검토 항목 현재 다음 오로라 시스 템즈 단가 이상 조건 버넷 솔루션 전망 마진 유지 여부 리베이트 범위 최대 계약 일정 업무 기록
hb_doc_0116.txt,1,hanbit semiconductor 거래 일정 조율 메모 조직 유형 업무 검토 기록 상태 검토 진행 동남권 고객 대응 상황 태림 디바이스 hb xc 공급 조건 맞추다 회차 이상 주문 전제 단가 조정 우선 검토 수량 미치다 기존 단가 유지 의견 모으다 윤는 코어 웨이브 다음 분기 예상 주량 수준 보고 영업 이익 아래 내려가다 추가 할인 제한 공유 코어 웨이브 경쟁 제시 가가 수준 설명 전달 물량 확정 여부 리베이트 최대 적용 시나리오 비교 노지은 갱신 일정 주로 예상 계정 우선 순위 제안 표현 통일 납기 조건 고객 가격 변경 실제 주문 수량 장기 계약 여부 조정 다음 영업 회의 거래처 확정 수량 예상 매출 차이 비교 예정 주요 항목 검토 항목 현재 다음 태림 디바이스 단가 이상 조건 코어 웨이브 전망 마진 유지 여부 리베이트 범위 최대 계약 일정
hb_doc_0117.txt,1,hanbit semiconductor 고객 요청 검토 조직 유형 업무 검토 기록 상태 검토 진행 중부 고객 대응 상황 링크 hb mx 공급 조건 맞추다 회차 이상 주문 전제 단가 조정 우선 검토 수량 미치다 기존 단가 유지 의견 모으다 훈는 코어 웨이브 다음 분기 예상 주량 수준 보고 영업 이익 아래 내려가다 추가 할인 제한 공유 코어 웨이브 경쟁 제시 가가 수준 설명 전달 물량 확정 여부 리베이트 최대 적용 시나리오 비교 장민석 갱신 일정 주로 예상 계정 우선 순위 제안 표현 통일 납기 조건 고객 가격 변경 실제 주문 수량 장기 계약 여부 조정 다음 영업 회의 거래처 확정 수량 예상 매출 차이 비교 예정 주요 항목 검토 항목 현재 다음 네오 링크 단가 이상 조건 코어 웨이브 전망 마진 유지 여부 리베이트 범위 최대 계약 일정
hb_doc_0132.docx,1,hanbit semiconductor 고객 요청 검토 동남권 고객 대응 상황 유니온 hb mx 공급 조건 맞추다 회차 이상 주문 전제 단가 조정 우선 검토 수량 미치다 기존 단가 유지 의견 모으다 오로라 시스템 다음 분기 예상 주량 수준 보고 영업 이익 아래 내려가다 추가 할인 제한 공유 오로라 시스 템즈 경쟁 제시 가가 수준 설명 전달 물량 확정 여부 리베이트 최대 적용 시나리오 비교 이도윤 갱신 일정 주로 예상 계정 우선 순위 제안 표현 통일 납기 조건 고객 가격 변경 실제 주문 수량 장기 계약 여부 조정 다음 영업 회의 거래처 확정 수량 예상 매출 차이 비교 예정 주요 항목 업무 기록 조직 유형 업무 검토 기록 상태 검토 진행 검토 항목 현재 다음 유니온 단가 이상 조건 오로라 시스 템즈 전망 마진 유지 여부 리베이트 범위 최대 계약 일정
hb_doc_0121.docx,1,hanbit semiconductor 견적 조정 회의 메모 중부 고객 대응 상황 버넷 솔루션 hb mx 공급 조건 맞추다 회차 이상 주문 전제 단가 조정 우선 검토 수량 미치다 기존 단가 유지 의견 모으다 훈는 미래 모듈 다음 분기 예상 주량 수준 보고 영업 이익 아래 내려가다 추가 할인 제한 공유 미래 모듈 경쟁 제시 가가 수준 설명 전달 물량 확정 여부 리베이트 최대 적용 시나리오 비교 하늘 갱신 일정 주로 예상 계정 우선 순위 제안 표현 통일 납기 조건 고객 가격 변경 실제 주문 수량 장기 계약 여부 조정 다음 영업 회의 거래처 확정 수량 예상 매출 차이 비교 예정 주요 항목 업무 기록 조직 유형 업무 검토 기록 상태 검토 진행 검토 항목 현재 다음 버넷 솔루션 단가 이상 조건 미래 모듈 전망 마진 유지 여부 리베이트 범위 최대 계약 일정
hb_doc_0127.docx,1,hanbit semiconductor 채널 운영 점검 기록 동남권 고객 대응 상황 서다 나은 한결 테크 hb mx 공급 조건 맞추다 회차 이상 주문 전제 단가 조정 우선 검토 수량 미치다 기존 단가 유지 의견 모으다 유니온 다음 분기 예상 주량 수준 보고 영업 이익 아래 내려가다 추가 할인 제한 공유 유니온 경쟁 제시 가가 수준 설명 전달 물량 확정 여부 리베이트 최대 적용 시나리오 비교 박서준 갱신 일정 주로 예상 계정 우선 순위 제안 표현 통일 납기 조건 고객 가격 변경 실제 주문 수량 장기 계약 여부 조정 다음 영업 회의 거래처 확정 수량 예상 매출 차이 비교 예정 주요 항목 업무 기록 조직 유형 업무 검토 기록 상태 검토 진행 검토 항목 현재 다음 한결 테크 단가 이상 조건 유니온 전망 마진 유지 여부 리베이트 범위 최대 계약 일정
hb_doc_0147.pdf,1,hanbit semiconductor 거래 일정 조율 메모 조직 유형 업무 검토 기록 상태 검토 진행 남부 고객 대응 상황 블루 스톤 모빌리티 hb dr 공급 조건 맞추다 회차 이상 주문 전제 단가 조정 우선 검토 수량 미치다 기존 단가 유지 의견 모으다 한결 테크 다음 분기 예상 주량 수준 보고 영업 이익 아래 내려가다 추가 할인 제한 공유 한결 테크 경쟁 제시 가가 수준 설명 전달 물량 확정 여부 리베이트 최대 적용 시나리오 비교 갱신 일정 주로 예상 계정 우선 순위 제안 표현 통일 납기 조건 고객 가격 변경 실제 주문 수량 장기 계약 여부 조정 다음 영업 회의 거래처 확정 수량 예상 매출 차이 비교 예정 주요 항목 검토 항목 현재 다음 블루 스톤 모빌리티 단가 이상 조건 한결 테크 전망 마진 유지 여부 리베이트 범위 최대 계약 일정 업무 기록
hb_doc_0150.pdf,1,hanbit semiconductor 주간 고객 대응 조직 유형 업무 검토 기록 상태 검토 진행 동남권 고객 대응 상황 문서연 코어 웨이브 hb nv 공급 조건 맞추다 회차 이상 주문 전제 단가 조정 우선 검토 수량 미치다 기존 단가 유지 의견 모으다 버넷 솔루션 다음 분기 예상 주량 수준 보고 영업 이익 아래 내려가다 추가 할인 제한 공유 버넷 솔루션 경쟁 제시 가가 수준 설명 전달 물량 확정 여부 리베이트 최대 적용 시나리오 비교 갱신 일정 주로 예상 계정 우선 순위 제안 표현 통일 납기 조건 고객 가격 변경 실제 주문 수량 장기 계약 여부 조정 다음 영업 회의 거래처 확정 수량 예상 매출 차이 비교 예정 주요 항목 검토 항목 현재 다음 코어 웨이브 단가 이상 조건 버넷 솔루션 전망 마진 유지 여부 리베이트 범위 최대 계약 일정 업무 기록
hb_doc_0146.pdf,1,hanbit semiconductor 분기 수주 흐름 조직 유형 업무 검토 기록 상태 검토 진행 수도권 고객 대응 상황 유니온 hb eu 공급 조건 맞추다 회차 이상 주문 전제 단가 조정 우선 검토 수량 미치다 기존 단가 유지 의견 모으다 비다 전자 다음 분기 예상 주량 수준 보고 영업 이익 아래 내려가다 추가 할인 제한 공유 전자 경쟁 제시 가가 수준 설명 전달 물량 확정 여부 리베이트 최대 적용 시나리오 비교 하늘 갱신 일정 주로 예상 계정 우선 순위 제안 표현 통일 납기 조건 고객 가격 변경 실제 주문 수량 장기 계약 여부 조정 다음 영업 회의 거래처 확정 수량 예상 매출 차이 비교 예정 주요 항목 검토 항목 현재 다음 유니온 단가 이상 조건 전자 전망 마진 유지 여부 리베이트 범위 최대 계약 일정 업무 기록
hb_doc_0145.pdf,1,hanbit semiconductor 주간 고객 대응 조직 유형 업무 검토 기록 상태 검토 진행 서부 고객 대응 상황 태림 디바이스 hb eu 공급 조건 맞추다 회차 이상 주문 전제 단가 조정 우선 검토 수량 미치다 기존 단가 유지 의견 모으다 지다 오로라 시스템 다음 분기 예상 주량 수준 보고 영업 이익 아래 내려가다 추가 할인 제한 공유 오로라 시스 템즈 경쟁 제시 가가 수준 설명 전달 물량 확정 여부 리베이트 최대 적용 시나리오 비교 유태현 갱신 일정 주로 예상 계정 우선 순위 제안 표현 통일 납기 조건 고객 가격 변경 실제 주문 수량 장기 계약 여부 조정 다음 영업 회의 거래처 확정 수량 예상 매출 차이 비교 예정 주요 항목 검토 항목 현재 다음 태림 디바이스 단가 이상 조건 오로라 시스 템즈 전망 마진 유지 여부 리베이트 범위 최대 계약 일정 업무 기록
hb_doc_0149.pdf,1,hanbit semiconductor 거래처 협의 진행 메모 조직 유형 업무 검토 기록 상태 검토 진행 동남권 고객 대응 상황 전자 hb eu 공급 조건 맞추다 회차 이상 주문 전제 단가 조정 우선 검토 수량 미치다 기존 단가 유지 의견 모으다 미래 모듈 다음 분기 예상 주량 수준 보고 영업 이익 아래 내려가다 추가 할인 제한 공유 미래 모듈 경쟁 제시 가가 수준 설명 전달 물량 확정 여부 리베이트 최대 적용 시나리오 비교 갱신 일정 주로 예상 계정 우선 순위 제안 표현 통일 납기 조건 고객 가격 변경 실제 주문 수량 장기 계약 여부 조정 다음 영업 회의 거래처 확정 수량 예상 매출 차이 비교 예정 주요 항목 검토 항목 현재 다음 전자 단가 이상 조건 미래 모듈 전망 마진 유지 여부 리베이트 범위 최대 계약 일정 업무 기록
hb_doc_0148.pdf,1,hanbit semiconductor 견적 조정 회의 메모 조직 유형 업무 검토 기록 상태 검토 진행 서부 고객 대응 상황 오로라 시스템 hb p 공급 조건 맞추다 회차 이상 주문 전제 단가 조정 우선 검토 수량 미치다 기존 단가 유지 의견 모으다 윤는 전자 다음 분기 예상 주량 수준 보고 영업 이익 아래 내려가다 추가 할인 제한 공유 전자 경쟁 제시 가가 수준 설명 전달 물량 확정 여부 리베이트 최대 적용 시나리오 비교 서유 나은 갱신 일정 주로 예상 계정 우선 순위 제안 표현 통일 납기 조건 고객 가격 변경 실제 주문 수량 장기 계약 여부 조정 다음 영업 회의 거래처 확정 수량 예상 매출 차이 비교 예정 주요 항목 검토 항목 현재 다음 오로라 시스 템즈 단가 이상 조건 전자 전망 마진 유지 여부 리베이트 범위 최대 계약 일정 업무 기록
sales_hanbit_doc_004.txt,1,분기 영업 파이프라인 점검 hanbit semiconductor 내부 업무 본관 협업 분기 영업 파이프라인 점검 검토 고객 반응 최근 협상 흐름 공유 제안 조건 손익 벗어나다 검토 공유 핵심 다음 현재 협상 중인 고객 예상 확도 높다 차지 고객 바로 전달 자료 내부 목표 마진 협상 한선 포함 대외 제안 서다 승인 단가 반영 경쟁 움직임 고객 납기 요구 비교 협상 우선 순위 할인 넘다 수익 검토 승인 요청 다음 통화 고객 양보 가능 범위 최종 계약 시나리오 손익 항목 협상 단가 부안 검토 승인 범위 확정 예상 물량 고객 재산 공급 가능 대조 수익 시나리오 비교 한선
sales_hanbit_doc_001.txt,1,고객 가격 협상 hanbit semiconductor 내부 업무 구동 회의실 고객 가격 협상 검토 고객 반응 최근 협상 흐름 공유 제안 조건 손익 벗어나다 검토 공유 핵심 다음 미래 전자 hbx 제안 단가 개다 두다 이상 확약 추가 제시 고객 바로 전달 자료 내부 목표 마진 협상 한선 포함 대외 제안 서다 승인 단가 반영 경쟁 움직임 고객 납기 요구 비교 협상 우선 순위 목표 매출 이익 두다 경쟁 대응 검토 다음 통화 고객 양보 가능 범위 최종 계약 시나리오 손익 항목 협상 단가 부안 검토 승인 범위 확정 예상 물량 고객 재산 공급 가능 대조 수익 시나리오 비교 한선
sales_hanbit_doc_005.txt,1,유통 파트너 마진 정안 hanbit semiconductor 내부 업무 구동 회의실 진가 유통 파트너 마진 정안 검토 고객 반응 최근 협상 흐름 공유 제안 조건 손익 벗어나다 검토 공유 핵심 다음 동남아 유통 파트너 기본 마진 조정 분기 판매 목표 초과 인센티브 추가 검토 고객 바로 전달 자료 내부 목표 마진 협상 한선 포함 대외 제안 서다 승인 단가 반영 경쟁 움직임 고객 납기 요구 비교 협상 우선 순위 국가 예상 매출 판촉 반영 손익 계산 다음 통화 고객 양보 가능 범위 최종 계약 시나리오 손익 항목 협상 단가 부안 검토 승인 범위 확정 예상 물량 고객 재산 공급 가능 대조 수익 시나리오 비교 한선
sales_hanbit_doc_002.txt,1,신규 고객 공급 제안 검토 hanbit semiconductor 내부 업무 서관 프로젝트 신규 고객 공급 제안 검토 검토 진도 고객 반응 최근 협상 흐름 공유 제안 조건 손익 벗어나다 검토 공유 핵심 다음 디바이스 요청 초도 물량 대해 테스트 단가 양산 전환 구분 제안 고객 바로 전달 자료 내부 목표 마진 협상 한선 포함 대외 제안 서다 승인 단가 반영 경쟁 움직임 고객 납기 요구 비교 협상 우선 순위 연간 예상 물량 단계 할인 조건 조정 다음 통화 고객 양보 가능 범위 최종 계약 시나리오 손익 항목 협상 단가 부안 검토 승인 범위 확정 예상 물량 고객 재산 공급 가능 대조 수익 시나리오 비교 한선
sales_hanbit_doc_003.txt,1,해외 고객 재계약 전략 hanbit semiconductor 내부 업무 본관 회의실 서다 해외 고객 재계약 전략 검토 진도 고객 반응 최근 협상 흐름 공유 제안 조건 손익 벗어나다 검토 공유 핵심 다음 노바 시스 템즈 재계약 기존 계약 대비 단가 인상 우선 제시 최소 구매 수량 확대 일부 환급 조건 준비 고객 바로 전달 자료 내부 목표 마진 협상 한선 포함 대외 제안 서다 승인 단가 반영 경쟁 움직임 고객 납기 요구 비교 협상 우선 순위 재계약 마감 경쟁 견적 범위 반영 최종 협상 만들다 다음 통화 고객 양보 가능 범위 최종 계약 시나리오 손익 항목 협상 단가 부안 검토 승인 범위 확정 예상 물량 고객 재산 공급 가능 대조 수익 시나리오 비교 한선
sales_hanbit_doc_010.pdf,1,분기 영업 파이프라인 점검 hanbit semiconductor 내부 업무 검토 장소 서관 프로젝트 범위 영업 전략 검토 자료 안과 분기 영업 파이프라인 점검 검토 서다 고객 반응 최근 협상 흐름 공유 제안 조건 손익 벗어나다 검토 공유 핵심 다음 현재 협상 중인 고객 예상 확도 높다 차지 고객 바로 전달 자료 내부 목표 마진 협상 한선 포함 대외 제안 서다 승인 단가 반영 경쟁 움직임 고객 납기 요구 비교 협상 우선 순위 할인 넘다 수익 검토 승인 요청 다음 통화 고객 양보 가능 범위 최종 계약 시나리오 손익 항목 항목 현재 상태 다음 조치 협상 단가 부안 검토 승인 범위 확정 예상 물량 고객 재산 공급 가능 대조 수익 시나리오 비교 한선
sales_hanbit_doc_017.txt,1,전략 고객 우선 공급 hanbit semiconductor 내부 업무 구동 회의실 진과 호가 전략 고객 우선 공급 검토 고객 반응 최근 협상 흐름 공유 훈는 제안 조건 손익 벗어나다 검토 공유 핵심 다음 하반기 생산 여유 가운데 핵심 고객 우선 배정 물량 신규 고객 샘플 요청 대응 방향 검토 고객 바로 전달 자료 내부 목표 마진 협상 한선 포함 대외 제안 서다 승인 단가 반영 경쟁 움직임 고객 납기 요구 비교 협상 우선 순위 고객 계약 단가 납기 페널티 비교 배정 순서 확정 다음 통화 고객 양보 가능 범위 최종 계약 시나리오 손익 항목 협상 단가 부안 검토 승인 범위 확정 예상 물량 고객 재산 공급 가능 대조 수익 시나리오 비교 한선
sales_hanbit_doc_011.txt,1,전략 고객 우선 공급 hanbit semiconductor 내부 업무 본관 회의실 전략 고객 우선 공급 검토 고객 반응 최근 협상 흐름 공유 지다 제안 조건 손익 벗어나다 검토 공유 핵심 다음 하반기 생산 여유 가운데 핵심 고객 우선 배정 물량 신규 고객 샘플 요청 대응 방향 검토 고객 바로 전달 자료 내부 목표 마진 협상 한선 포함 대외 제안 서다 승인 단가 반영 경쟁 움직임 고객 납기 요구 비교 협상 우선 순위 고객 계약 단가 납기 페널티 비교 배정 순서 확정 다음 통화 고객 양보 가능 범위 최종 계약 시나리오 손익 항목 협상 단가 부안 검토 승인 범위 확정 예상 물량 고객 재산 공급 가능 대조 수익 시나리오 비교 한선
sales_hanbit_doc_007.txt,1,고객 가격 협상 hanbit semiconductor 내부 업무 본관 회의실 고객 가격 협상 검토 원도 고객 반응 최근 협상 흐름 공유 훈는 제안 조건 손익 벗어나다 검토 공유 핵심 다음 미래 전자 hbx 제안 단가 개다 두다 이상 확약 추가 제시 고객 바로 전달 자료 내부 목표 마진 협상 한선 포함 대외 제안 서다 승인 단가 반영 경쟁 움직임 고객 납기 요구 비교 협상 우선 순위 목표 매출 이익 두다 경쟁 대응 검토 다음 통화 고객 양보 가능 범위 최종 계약 시나리오 손익 항목 협상 단가 부안 검토 승인 범위 확정 예상 물량 고객 재산 공급 가능 대조 수익 시나리오 비교 한선
sales_hanbit_doc_039.docx,1,전략 고객 우선 공급 hanbit semiconductor 내부 업무 전략 고객 우선 공급 검토 연도 고객 반응 최근 협상 흐름 공유 제안 조건 손익 벗어나다 검토 공유 핵심 다음 하반기 생산 여유 가운데 핵심 고객 우선 배정 물량 신규 고객 샘플 요청 대응 방향 검토 고객 바로 전달 자료 내부 목표 마진 협상 한선 포함 대외 제안 서다 승인 단가 반영 경쟁 움직임 고객 납기 요구 비교 협상 우선 순위 고객 계약 단가 납기 페널티 비교 배정 순서 확정 다음 통화 고객 양보 가능 범위 최종 계약 시나리오 손익 항목 검토 장소 본관 회의실 범위 영업 전략 검토 자료 항목 현재 상태 다음 조치 협상 단가 부안 검토 승인 범위 확정 예상 물량 고객 재산 공급 가능 대조 수익 시나리오 비교 한선
sales_hanbit_doc_026.txt,1,분기 영업 파이프라인 점검 hanbit semiconductor 내부 업무 서관 프로젝트 연가 분기 영업 파이프라인 점검 검토 영도 고객 반응 최근 협상 흐름 공유 윤는 제안 조건 손익 벗어나다 검토 공유 핵심 다음 현재 협상 중인 고객 예상 확도 높다 차지 고객 바로 전달 자료 내부 목표 마진 협상 한선 포함 대외 제안 서다 승인 단가 반영 경쟁 움직임 고객 납기 요구 비교 협상 우선 순위 할인 넘다 수익 검토 승인 요청 다음 통화 고객 양보 가능 범위 최종 계약 시나리오 손익 항목 협상 단가 부안 검토 승인 범위 확정 예상 물량 고객 재산 공급 가능 대조 수익 시나리오 비교 한선
sales_hanbit_doc_021.txt,1,유통 파트너 마진 정안 hanbit semiconductor 내부 업무 구동 회의실 유통 파트너 마진 정안 검토 고객 반응 최근 협상 흐름 공유 울다 제안 조건 손익 벗어나다 검토 공유 핵심 다음 동남아 유통 파트너 기본 마진 조정 분기 판매 목표 초과 인센티브 추가 검토 고객 바로 전달 자료 내부 목표 마진 협상 한선 포함 대외 제안 서다 승인 단가 반영 경쟁 움직임 고객 납기 요구 비교 협상 우선 순위 국가 예상 매출 판촉 반영 손익 계산 다음 통화 고객 양보 가능 범위 최종 계약 시나리오 손익 항목 협상 단가 부안 검토 승인 범위 확정 예상 물량 고객 재산 공급 가능 대조 수익 시나리오 비교 한선
sales_hanbit_doc_012.txt,1,고객 가격 협상 hanbit semiconductor 내부 업무 본관 협업 진과 고객 가격 협상 검토 고객 반응 최근 협상 흐름 공유 제안 조건 손익 벗어나다 검토 공유 핵심 다음 미래 전자 hbx 제안 단가 개다 두다 이상 확약 추가 제시 고객 바로 전달 자료 내부 목표 마진 협상 한선 포함 대외 제안 서다 승인 단가 반영 경쟁 움직임 고객 납기 요구 비교 협상 우선 순위 목표 매출 이익 두다 경쟁 대응 검토 다음 통화 고객 양보 가능 범위 최종 계약 시나리오 손익 항목 협상 단가 부안 검토 승인 범위 확정 예상 물량 고객 재산 공급 가능 대조 수익 시나리오 비교 한선
sales_hanbit_doc_022.txt,1,전략 고객 우선 공급 hanbit semiconductor 내부 업무 서관 프로젝트 민가 전략 고객 우선 공급 검토 연도 고객 반응 최근 협상 흐름 공유 제안 조건 손익 벗어나다 검토 공유 핵심 다음 하반기 생산 여유 가운데 핵심 고객 우선 배정 물량 신규 고객 샘플 요청 대응 방향 검토 고객 바로 전달 자료 내부 목표 마진 협상 한선 포함 대외 제안 서다 승인 단가 반영 경쟁 움직임 고객 납기 요구 비교 협상 우선 순위 고객 계약 단가 납기 페널티 비교 배정 순서 확정 다음 통화 고객 양보 가능 범위 최종 계약 시나리오 손익 항목 협상 단가 부안 검토 승인 범위 확정 예상 물량 고객 재산 공급 가능 대조 수익 시나리오 비교 한선
sales_hanbit_doc_018.txt,1,고객 가격 협상 hanbit semiconductor 내부 업무 서관 프로젝트 연가 고객 가격 협상 검토 진도 고객 반응 최근 협상 흐름 공유 제안 조건 손익 벗어나다 검토 공유 핵심 다음 미래 전자 hbx 제안 단가 개다 두다 이상 확약 추가 제시 고객 바로 전달 자료 내부 목표 마진 협상 한선 포함 대외 제안 서다 승인 단가 반영 경쟁 움직임 고객 납기 요구 비교 협상 우선 순위 목표 매출 이익 두다 경쟁 대응 검토 다음 통화 고객 양보 가능 범위 최종 계약 시나리오 손익 항목 협상 단가 부안 검토 승인 범위 확정 예상 물량 고객 재산 공급 가능 대조 수익 시나리오 비교 한선
sales_hanbit_doc_029.docx,1,고객 가격 협상 hanbit semiconductor 내부 업무 진가 고객 가격 협상 검토 고객 반응 최근 협상 흐름 공유 서다 재는 제안 조건 손익 벗어나다 검토 공유 핵심 다음 미래 전자 hbx 제안 단가 개다 두다 이상 확약 추가 제시 고객 바로 전달 자료 내부 목표 마진 협상 한선 포함 대외 제안 서다 승인 단가 반영 경쟁 움직임 고객 납기 요구 비교 협상 우선 순위 목표 매출 이익 두다 경쟁 대응 검토 다음 통화 고객 양보 가능 범위 최종 계약 시나리오 손익 항목 검토 장소 구동 회의실 범위 영업 전략 검토 자료 항목 현재 상태 다음 조치 협상 단가 부안 검토 승인 범위 확정 예상 물량 고객 재산 공급 가능 대조 수익 시나리오 비교 한선
sales_hanbit_doc_033.txt,1,전략 고객 우선 공급 hanbit semiconductor 내부 업무 구동 회의실 진과 현가 전략 고객 우선 공급 검토 고객 반응 최근 협상 흐름 공유 제안 조건 손익 벗어나다 검토 공유 핵심 다음 하반기 생산 여유 가운데 핵심 고객 우선 배정 물량 신규 고객 샘플 요청 대응 방향 검토 고객 바로 전달 자료 내부 목표 마진 협상 한선 포함 대외 제안 서다 승인 단가 반영 경쟁 움직임 고객 납기 요구 비교 협상 우선 순위 고객 계약 단가 납기 페널티 비교 배정 순서 확정 다음 통화 고객 양보 가능 범위 최종 계약 시나리오 손익 항목 협상 단가 부안 검토 승인 범위 확정 예상 물량 고객 재산 공급 가능 대조 수익 시나리오 비교 한선
sales_hanbit_doc_041.txt,1,해외 고객 재계약 전략 hanbit semiconductor 내부 업무 구동 회의실 해외 고객 재계약 전략 검토 고객 반응 최근 협상 흐름 공유 제안 조건 손익 벗어나다 검토 공유 핵심 다음 노바 시스 템즈 재계약 기존 계약 대비 단가 인상 우선 제시 최소 구매 수량 확대 일부 환급 조건 준비 고객 바로 전달 자료 내부 목표 마진 협상 한선 포함 대외 제안 서다 승인 단가 반영 경쟁 움직임 고객 납기 요구 비교 협상 우선 순위 재계약 마감 경쟁 견적 범위 반영 최종 협상 만들다 다음 통화 고객 양보 가능 범위 최종 계약 시나리오 손익 항목 협상 단가 부안 검토 승인 범위 확정 예상 물량 고객 재산 공급 가능 대조 수익 시나리오 비교 한선
sales_hanbit_doc_027.txt,1,유통 파트너 마진 정안 hanbit semiconductor 내부 업무 본관 회의실 준가 유통 파트너 마진 정안 검토 고객 반응 최근 협상 흐름 공유 제안 조건 손익 벗어나다 검토 공유 핵심 다음 동남아 유통 파트너 기본 마진 조정 분기 판매 목표 초과 인센티브 추가 검토 고객 바로 전달 자료 내부 목표 마진 협상 한선 포함 대외 제안 서다 승인 단가 반영 경쟁 움직임 고객 납기 요구 비교 협상 우선 순위 국가 예상 매출 판촉 반영 손익 계산 다음 통화 고객 양보 가능 범위 최종 계약 시나리오 손익 항목 협상 단가 부안 검토 승인 범위 확정 예상 물량 고객 재산 공급 가능 대조 수익 시나리오 비교 한선
sales_hanbit_doc_044.txt,1,전략 고객 우선 공급 hanbit semiconductor 내부 업무 본관 협업 전략 고객 우선 공급 검토 고객 반응 최근 협상 흐름 공유 제안 조건 손익 벗어나다 검토 공유 핵심 다음 하반기 생산 여유 가운데 핵심 고객 우선 배정 물량 신규 고객 샘플 요청 대응 방향 검토 고객 바로 전달 자료 내부 목표 마진 협상 한선 포함 대외 제안 서다 승인 단가 반영 경쟁 움직임 고객 납기 요구 비교 협상 우선 순위 고객 계약 단가 납기 페널티 비교 배정 순서 확정 다음 통화 고객 양보 가능 범위 최종 계약 시나리오 손익 항목 협상 단가 부안 검토 승인 범위 확정 예상 물량 고객 재산 공급 가능 대조 수익 시나리오 비교 한선
sales_hanbit_doc_009.docx,1,해외 고객 재계약 전략 hanbit semiconductor 내부 업무 연가 해외 고객 재계약 전략 검토 고객 반응 최근 협상 흐름 공유 안다 제안 조건 손익 벗어나다 검토 공유 핵심 다음 노바 시스 템즈 재계약 기존 계약 대비 단가 인상 우선 제시 최소 구매 수량 확대 일부 환급 조건 준비 고객 바로 전달 자료 내부 목표 마진 협상 한선 포함 대외 제안 서다 승인 단가 반영 경쟁 움직임 고객 납기 요구 비교 협상 우선 순위 재계약 마감 경쟁 견적 범위 반영 최종 협상 만들다 다음 통화 고객 양보 가능 범위 최종 계약 시나리오 손익 항목 검토 장소 구동 회의실 범위 영업 전략 검토 자료 항목 현재 상태 다음 조치 협상 단가 부안 검토 승인 범위 확정 예상 물량 고객 재산 공급 가능 대조 수익 시나리오 비교 한선
sales_hanbit_doc_024.txt,1,신규 고객 공급 제안 검토 hanbit semiconductor 내부 업무 본관 협업 서다 신규 고객 공급 제안 검토 검토 고객 반응 최근 협상 흐름 공유 제안 조건 손익 벗어나다 검토 공유 핵심 다음 디바이스 요청 초도 물량 대해 테스트 단가 양산 전환 구분 제안 고객 바로 전달 자료 내부 목표 마진 협상 한선 포함 대외 제안 서다 승인 단가 반영 경쟁 움직임 고객 납기 요구 비교 협상 우선 순위 연간 예상 물량 단계 할인 조건 조정 다음 통화 고객 양보 가능 범위 최종 계약 시나리오 손익 항목 협상 단가 부안 검토 승인 범위 확정 예상 물량 고객 재산 공급 가능 대조 수익 시나리오 비교 한선
sales_hanbit_doc_036.txt,1,해외 고객 재계약 전략 hanbit semiconductor 내부 업무 본관 협업 해외 고객 재계약 전략 검토 안도 고객 반응 최근 협상 흐름 공유 제안 조건 손익 벗어나다 검토 공유 핵심 다음 노바 시스 템즈 재계약 기존 계약 대비 단가 인상 우선 제시 최소 구매 수량 확대 일부 환급 조건 준비 고객 바로 전달 자료 내부 목표 마진 협상 한선 포함 대외 제안 서다 승인 단가 반영 경쟁 움직임 고객 납기 요구 비교 협상 우선 순위 재계약 마감 경쟁 견적 범위 반영 최종 협상 만들다 다음 통화 고객 양보 가능 범위 최종 계약 시나리오 손익 항목 협상 단가 부안 검토 승인 범위 확정 예상 물량 고객 재산 공급 가능 대조 수익 시나리오 비교 한선
sales_hanbit_doc_008.txt,1,신규 고객 공급 제안 검토 hanbit semiconductor 내부 업무 본관 협업 신규 고객 공급 제안 검토 검토 우도 고객 반응 최근 협상 흐름 공유 제안 조건 손익 벗어나다 검토 공유 핵심 다음 디바이스 요청 초도 물량 대해 테스트 단가 양산 전환 구분 제안 고객 바로 전달 자료 내부 목표 마진 협상 한선 포함 대외 제안 서다 승인 단가 반영 경쟁 움직임 고객 납기 요구 비교 협상 우선 순위 연간 예상 물량 단계 할인 조건 조정 다음 통화 고객 양보 가능 범위 최종 계약 시나리오 손익 항목 협상 단가 부안 검토 승인 범위 확정 예상 물량 고객 재산 공급 가능 대조 수익 시나리오 비교 한선
sales_hanbit_doc_028.txt,1,전략 고객 우선 공급 hanbit semiconductor 내부 업무 본관 협업 전략 고객 우선 공급 검토 고객 반응 최근 협상 흐름 공유 울다 제안 조건 손익 벗어나다 검토 공유 핵심 다음 하반기 생산 여유 가운데 핵심 고객 우선 배정 물량 신규 고객 샘플 요청 대응 방향 검토 고객 바로 전달 자료 내부 목표 마진 협상 한선 포함 대외 제안 서다 승인 단가 반영 경쟁 움직임 고객 납기 요구 비교 협상 우선 순위 고객 계약 단가 납기 페널티 비교 배정 순서 확정 다음 통화 고객 양보 가능 범위 최종 계약 시나리오 손익 항목 협상 단가 부안 검토 승인 범위 확정 예상 물량 고객 재산 공급 가능 대조 수익 시나리오 비교 한선
sales_hanbit_doc_030.pdf,1,신규 고객 공급 제안 검토 hanbit semiconductor 내부 업무 검토 장소 서관 프로젝트 범위 영업 전략 검토 자료 서다 진가 신규 고객 공급 제안 검토 검토 호도 고객 반응 최근 협상 흐름 공유 제안 조건 손익 벗어나다 검토 공유 핵심 다음 디바이스 요청 초도 물량 대해 테스트 단가 양산 전환 구분 제안 고객 바로 전달 자료 내부 목표 마진 협상 한선 포함 대외 제안 서다 승인 단가 반영 경쟁 움직임 고객 납기 요구 비교 협상 우선 순위 연간 예상 물량 단계 할인 조건 조정 다음 통화 고객 양보 가능 범위 최종 계약 시나리오 손익 항목 항목 현재 상태 다음 조치 협상 단가 부안 검토 승인 범위 확정 예상 물량 고객 재산 공급 가능 대조 수익 시나리오 비교 한선
sales_hanbit_doc_035.txt,1,신규 고객 공급 제안 검토 hanbit semiconductor 내부 업무 본관 회의실 신규 고객 공급 제안 검토 검토 고객 반응 최근 협상 흐름 공유 제안 조건 손익 벗어나다 검토 공유 핵심 다음 디바이스 요청 초도 물량 대해 테스트 단가 양산 전환 구분 제안 고객 바로 전달 자료 내부 목표 마진 협상 한선 포함 대외 제안 서다 승인 단가 반영 경쟁 움직임 고객 납기 요구 비교 협상 우선 순위 연간 예상 물량 단계 할인 조건 조정 다음 통화 고객 양보 가능 범위 최종 계약 시나리오 손익 항목 협상 단가 부안 검토 승인 범위 확정 예상 물량 고객 재산 공급 가능 대조 수익 시나리오 비교 한선
sales_hanbit_doc_032.txt,1,유통 파트너 마진 정안 hanbit semiconductor 내부 업무 본관 협업 진과 유통 파트너 마진 정안 검토 호도 고객 반응 최근 협상 흐름 공유 지다 제안 조건 손익 벗어나다 검토 공유 핵심 다음 동남아 유통 파트너 기본 마진 조정 분기 판매 목표 초과 인센티브 추가 검토 고객 바로 전달 자료 내부 목표 마진 협상 한선 포함 대외 제안 서다 승인 단가 반영 경쟁 움직임 고객 납기 요구 비교 협상 우선 순위 국가 예상 매출 판촉 반영 손익 계산 다음 통화 고객 양보 가능 범위 최종 계약 시나리오 손익 항목 협상 단가 부안 검토 승인 범위 확정 예상 물량 고객 재산 공급 가능 대조 수익 시나리오 비교 한선
sales_hanbit_doc_019.docx,1,신규 고객 공급 제안 검토 hanbit semiconductor 내부 업무 호가 신규 고객 공급 제안 검토 검토 진도 고객 반응 최근 협상 흐름 공유 제안 조건 손익 벗어나다 검토 공유 핵심 다음 디바이스 요청 초도 물량 대해 테스트 단가 양산 전환 구분 제안 고객 바로 전달 자료 내부 목표 마진 협상 한선 포함 대외 제안 서다 승인 단가 반영 경쟁 움직임 고객 납기 요구 비교 협상 우선 순위 연간 예상 물량 단계 할인 조건 조정 다음 통화 고객 양보 가능 범위 최종 계약 시나리오 손익 항목 검토 장소 본관 회의실 범위 영업 전략 검토 자료 항목 현재 상태 다음 조치 협상 단가 부안 검토 승인 범위 확정 예상 물량 고객 재산 공급 가능 대조 수익 시나리오 비교 한선
sales_hanbit_doc_034.txt,1,고객 가격 협상 hanbit semiconductor 내부 업무 서관 프로젝트 원가 고객 가격 협상 검토 고객 반응 최근 협상 흐름 공유 제안 조건 손익 벗어나다 검토 공유 핵심 다음 미래 전자 hbx 제안 단가 개다 두다 이상 확약 추가 제시 고객 바로 전달 자료 내부 목표 마진 협상 한선 포함 대외 제안 서다 승인 단가 반영 경쟁 움직임 고객 납기 요구 비교 협상 우선 순위 목표 매출 이익 두다 경쟁 대응 검토 다음 통화 고객 양보 가능 범위 최종 계약 시나리오 손익 항목 협상 단가 부안 검토 승인 범위 확정 예상 물량 고객 재산 공급 가능 대조 수익 시나리오 비교 한선
sales_hanbit_doc_006.txt,1,전략 고객 우선 공급 hanbit semiconductor 내부 업무 서관 프로젝트 진가 전략 고객 우선 공급 검토 현도 고객 반응 최근 협상 흐름 공유 제안 조건 손익 벗어나다 검토 공유 핵심 다음 하반기 생산 여유 가운데 핵심 고객 우선 배정 물량 신규 고객 샘플 요청 대응 방향 검토 고객 바로 전달 자료 내부 목표 마진 협상 한선 포함 대외 제안 서다 승인 단가 반영 경쟁 움직임 고객 납기 요구 비교 협상 우선 순위 고객 계약 단가 납기 페널티 비교 배정 순서 확정 다음 통화 고객 양보 가능 범위 최종 계약 시나리오 손익 항목 협상 단가 부안 검토 승인 범위 확정 예상 물량 고객 재산 공급 가능 대조 수익 시나리오 비교 한선
sales_hanbit_doc_020.pdf,1,해외 고객 재계약 전략 hanbit semiconductor 내부 업무 검토 장소 본관 협업 범위 영업 전략 검토 자료 해외 고객 재계약 전략 검토 고객 반응 최근 협상 흐름 공유 제안 조건 손익 벗어나다 검토 공유 핵심 다음 노바 시스 템즈 재계약 기존 계약 대비 단가 인상 우선 제시 최소 구매 수량 확대 일부 환급 조건 준비 고객 바로 전달 자료 내부 목표 마진 협상 한선 포함 대외 제안 서다 승인 단가 반영 경쟁 움직임 고객 납기 요구 비교 협상 우선 순위 재계약 마감 경쟁 견적 범위 반영 최종 협상 만들다 다음 통화 고객 양보 가능 범위 최종 계약 시나리오 손익 항목 항목 현재 상태 다음 조치 협상 단가 부안 검토 승인 범위 확정 예상 물량 고객 재산 공급 가능 대조 수익 시나리오 비교 한선
sales_hanbit_doc_023.txt,1,고객 가격 협상 hanbit semiconductor 내부 업무 본관 회의실 고객 가격 협상 검토 경도 고객 반응 최근 협상 흐름 공유 서다 윤는 제안 조건 손익 벗어나다 검토 공유 핵심 다음 미래 전자 hbx 제안 단가 개다 두다 이상 확약 추가 제시 고객 바로 전달 자료 내부 목표 마진 협상 한선 포함 대외 제안 서다 승인 단가 반영 경쟁 움직임 고객 납기 요구 비교 협상 우선 순위 목표 매출 이익 두다 경쟁 대응 검토 다음 통화 고객 양보 가능 범위 최종 계약 시나리오 손익 항목 협상 단가 부안 검토 승인 범위 확정 예상 물량 고객 재산 공급 가능 대조 수익 시나리오 비교 한선
sales_hanbit_doc_040.pdf,1,고객 가격 협상 hanbit semiconductor 내부 업무 검토 장소 본관 협업 범위 영업 전략 검토 자료 고객 가격 협상 검토 고객 반응 최근 협상 흐름 공유 제안 조건 손익 벗어나다 검토 공유 핵심 다음 미래 전자 hbx 제안 단가 개다 두다 이상 확약 추가 제시 고객 바로 전달 자료 내부 목표 마진 협상 한선 포함 대외 제안 서다 승인 단가 반영 경쟁 움직임 고객 납기 요구 비교 협상 우선 순위 목표 매출 이익 두다 경쟁 대응 검토 다음 통화 고객 양보 가능 범위 최종 계약 시나리오 손익 항목 항목 현재 상태 다음 조치 협상 단가 부안 검토 승인 범위 확정 예상 물량 고객 재산 공급 가능 대조 수익 시나리오 비교 한선
sales_hanbit_doc_015.txt,1,분기 영업 파이프라인 점검 hanbit semiconductor 내부 업무 본관 회의실 민가 분기 영업 파이프라인 점검 검토 우도 고객 반응 최근 협상 흐름 공유 지다 제안 조건 손익 벗어나다 검토 공유 핵심 다음 현재 협상 중인 고객 예상 확도 높다 차지 고객 바로 전달 자료 내부 목표 마진 협상 한선 포함 대외 제안 서다 승인 단가 반영 경쟁 움직임 고객 납기 요구 비교 협상 우선 순위 할인 넘다 수익 검토 승인 요청 다음 통화 고객 양보 가능 범위 최종 계약 시나리오 손익 항목 협상 단가 부안 검토 승인 범위 확정 예상 물량 고객 재산 공급 가능 대조 수익 시나리오 비교 한선
sales_hanbit_doc_043.txt,1,유통 파트너 마진 정안 hanbit semiconductor 내부 업무 본관 회의실 서다 유통 파트너 마진 정안 검토 진도 고객 반응 최근 협상 흐름 공유 제안 조건 손익 벗어나다 검토 공유 핵심 다음 동남아 유통 파트너 기본 마진 조정 분기 판매 목표 초과 인센티브 추가 검토 고객 바로 전달 자료 내부 목표 마진 협상 한선 포함 대외 제안 서다 승인 단가 반영 경쟁 움직임 고객 납기 요구 비교 협상 우선 순위 국가 예상 매출 판촉 반영 손익 계산 다음 통화 고객 양보 가능 범위 최종 계약 시나리오 손익 항목 협상 단가 부안 검토 승인 범위 확정 예상 물량 고객 재산 공급 가능 대조 수익 시나리오 비교 한선
sales_hanbit_doc_042.txt,1,분기 영업 파이프라인 점검 hanbit semiconductor 내부 업무 서관 프로젝트 분기 영업 파이프라인 점검 검토 진도 고객 반응 최근 협상 흐름 공유 제안 조건 손익 벗어나다 검토 공유 핵심 다음 현재 협상 중인 고객 예상 확도 높다 차지 고객 바로 전달 자료 내부 목표 마진 협상 한선 포함 대외 제안 서다 승인 단가 반영 경쟁 움직임 고객 납기 요구 비교 협상 우선 순위 할인 넘다 수익 검토 승인 요청 다음 통화 고객 양보 가능 범위 최종 계약 시나리오 손익 항목 협상 단가 부안 검토 승인 범위 확정 예상 물량 고객 재산 공급 가능 대조 수익 시나리오 비교 한선
sales_hanbit_doc_037.txt,1,분기 영업 파이프라인 점검 hanbit semiconductor 내부 업무 구동 회의실 경과 서다 분기 영업 파이프라인 점검 검토 석도 고객 반응 최근 협상 흐름 공유 제안 조건 손익 벗어나다 검토 공유 핵심 다음 현재 협상 중인 고객 예상 확도 높다 차지 고객 바로 전달 자료 내부 목표 마진 협상 한선 포함 대외 제안 서다 승인 단가 반영 경쟁 움직임 고객 납기 요구 비교 협상 우선 순위 할인 넘다 수익 검토 승인 요청 다음 통화 고객 양보 가능 범위 최종 계약 시나리오 손익 항목 협상 단가 부안 검토 승인 범위 확정 예상 물량 고객 재산 공급 가능 대조 수익 시나리오 비교 한선
sales_hanbit_doc_038.txt,1,유통 파트너 마진 정안 hanbit semiconductor 내부 업무 서관 프로젝트 준가 유통 파트너 마진 정안 검토 진도 고객 반응 최근 협상 흐름 공유 제안 조건 손익 벗어나다 검토 공유 핵심 다음 동남아 유통 파트너 기본 마진 조정 분기 판매 목표 초과 인센티브 추가 검토 고객 바로 전달 자료 내부 목표 마진 협상 한선 포함 대외 제안 서다 승인 단가 반영 경쟁 움직임 고객 납기 요구 비교 협상 우선 순위 국가 예상 매출 판촉 반영 손익 계산 다음 통화 고객 양보 가능 범위 최종 계약 시나리오 손익 항목 협상 단가 부안 검토 승인 범위 확정 예상 물량 고객 재산 공급 가능 대조 수익 시나리오 비교 한선
sales_hanbit_doc_031.txt,1,분기 영업 파이프라인 점검 hanbit semiconductor 내부 업무 본관 회의실 분기 영업 파이프라인 점검 검토 연도 고객 반응 최근 협상 흐름 공유 지다 제안 조건 손익 벗어나다 검토 공유 핵심 다음 현재 협상 중인 고객 예상 확도 높다 차지 고객 바로 전달 자료 내부 목표 마진 협상 한선 포함 대외 제안 서다 승인 단가 반영 경쟁 움직임 고객 납기 요구 비교 협상 우선 순위 할인 넘다 수익 검토 승인 요청 다음 통화 고객 양보 가능 범위 최종 계약 시나리오 손익 항목 협상 단가 부안 검토 승인 범위 확정 예상 물량 고객 재산 공급 가능 대조 수익 시나리오 비교 한선
sales_hanbit_doc_025.txt,1,해외 고객 재계약 전략 hanbit semiconductor 내부 업무 구동 회의실 진가 해외 고객 재계약 전략 검토 고객 반응 최근 협상 흐름 공유 윤는 제안 조건 손익 벗어나다 검토 공유 핵심 다음 노바 시스 템즈 재계약 기존 계약 대비 단가 인상 우선 제시 최소 구매 수량 확대 일부 환급 조건 준비 고객 바로 전달 자료 내부 목표 마진 협상 한선 포함 대외 제안 서다 승인 단가 반영 경쟁 움직임 고객 납기 요구 비교 협상 우선 순위 재계약 마감 경쟁 견적 범위 반영 최종 협상 만들다 다음 통화 고객 양보 가능 범위 최종 계약 시나리오 손익 항목 협상 단가 부안 검토 승인 범위 확정 예상 물량 고객 재산 공급 가능 대조 수익 시나리오 비교 한선
sales_hanbit_doc_016.txt,1,유통 파트너 마진 정안 hanbit semiconductor 내부 업무 본관 협업 진과 유통 파트너 마진 정안 검토 서다 재도 고객 반응 최근 협상 흐름 공유 지다 제안 조건 손익 벗어나다 검토 공유 핵심 다음 동남아 유통 파트너 기본 마진 조정 분기 판매 목표 초과 인센티브 추가 검토 고객 바로 전달 자료 내부 목표 마진 협상 한선 포함 대외 제안 서다 승인 단가 반영 경쟁 움직임 고객 납기 요구 비교 협상 우선 순위 국가 예상 매출 판촉 반영 손익 계산 다음 통화 고객 양보 가능 범위 최종 계약 시나리오 손익 항목 협상 단가 부안 검토 승인 범위 확정 예상 물량 고객 재산 공급 가능 대조 수익 시나리오 비교 한선
sales_hanbit_doc_013.txt,1,신규 고객 공급 제안 검토 hanbit semiconductor 내부 업무 구동 회의실 신규 고객 공급 제안 검토 검토 고객 반응 최근 협상 흐름 공유 제안 조건 손익 벗어나다 검토 공유 핵심 다음 디바이스 요청 초도 물량 대해 테스트 단가 양산 전환 구분 제안 고객 바로 전달 자료 내부 목표 마진 협상 한선 포함 대외 제안 서다 승인 단가 반영 경쟁 움직임 고객 납기 요구 비교 협상 우선 순위 연간 예상 물량 단계 할인 조건 조정 다음 통화 고객 양보 가능 범위 최종 계약 시나리오 손익 항목 협상 단가 부안 검토 승인 범위 확정 예상 물량 고객 재산 공급 가능 대조 수익 시나리오 비교 한선
sales_hanbit_doc_014.txt,1,해외 고객 재계약 전략 hanbit semiconductor 내부 업무 서관 프로젝트 해외 고객 재계약 전략 검토 고객 반응 최근 협상 흐름 공유 윤는 제안 조건 손익 벗어나다 검토 공유 핵심 다음 노바 시스 템즈 재계약 기존 계약 대비 단가 인상 우선 제시 최소 구매 수량 확대 일부 환급 조건 준비 고객 바로 전달 자료 내부 목표 마진 협상 한선 포함 대외 제안 서다 승인 단가 반영 경쟁 움직임 고객 납기 요구 비교 협상 우선 순위 재계약 마감 경쟁 견적 범위 반영 최종 협상 만들다 다음 통화 고객 양보 가능 범위 최종 계약 시나리오 손익 항목 협상 단가 부안 검토 승인 범위 확정 예상 물량 고객 재산 공급 가능 대조 수익 시나리오 비교 한선
sales_hanbit_doc_047.txt,1,해외 고객 재계약 전략 hanbit semiconductor 내부 업무 본관 회의실 해외 고객 재계약 전략 검토 원도 고객 반응 최근 협상 흐름 공유 훈는 제안 조건 손익 벗어나다 검토 공유 핵심 다음 노바 시스 템즈 재계약 기존 계약 대비 단가 인상 우선 제시 최소 구매 수량 확대 일부 환급 조건 준비 고객 바로 전달 자료 내부 목표 마진 협상 한선 포함 대외 제안 서다 승인 단가 반영 경쟁 움직임 고객 납기 요구 비교 협상 우선 순위 재계약 마감 경쟁 견적 범위 반영 최종 협상 만들다 다음 통화 고객 양보 가능 범위 최종 계약 시나리오 손익 항목 협상 단가 부안 검토 승인 범위 확정 예상 물량 고객 재산 공급 가능 대조 수익 시나리오 비교 한선
sales_hanbit_doc_045.txt,1,고객 가격 협상 hanbit semiconductor 내부 업무 구동 회의실 진가 고객 가격 협상 검토 고객 반응 최근 협상 흐름 공유 제안 조건 손익 벗어나다 검토 공유 핵심 다음 미래 전자 hbx 제안 단가 개다 두다 이상 확약 추가 제시 고객 바로 전달 자료 내부 목표 마진 협상 한선 포함 대외 제안 서다 승인 단가 반영 경쟁 움직임 고객 납기 요구 비교 협상 우선 순위 목표 매출 이익 두다 경쟁 대응 검토 다음 통화 고객 양보 가능 범위 최종 계약 시나리오 손익 항목 협상 단가 부안 검토 승인 범위 확정 예상 물량 고객 재산 공급 가능 대조 수익 시나리오 비교 한선
sales_hanbit_doc_049.docx,1,유통 파트너 마진 정안 hanbit semiconductor 내부 업무 연가 유통 파트너 마진 정안 검토 고객 반응 최근 협상 흐름 공유 안다 제안 조건 손익 벗어나다 검토 공유 핵심 다음 동남아 유통 파트너 기본 마진 조정 분기 판매 목표 초과 인센티브 추가 검토 고객 바로 전달 자료 내부 목표 마진 협상 한선 포함 대외 제안 서다 승인 단가 반영 경쟁 움직임 고객 납기 요구 비교 협상 우선 순위 국가 예상 매출 판촉 반영 손익 계산 다음 통화 고객 양보 가능 범위 최종 계약 시나리오 손익 항목 검토 장소 구동 회의실 범위 영업 전략 검토 자료 항목 현재 상태 다음 조치 협상 단가 부안 검토 승인 범위 확정 예상 물량 고객 재산 공급 가능 대조 수익 시나리오 비교 한선
sales_hanbit_doc_048.txt,1,분기 영업 파이프라인 점검 hanbit semiconductor 내부 업무 본관 협업 분기 영업 파이프라인 점검 검토 우도 고객 반응 최근 협상 흐름 공유 제안 조건 손익 벗어나다 검토 공유 핵심 다음 현재 협상 중인 고객 예상 확도 높다 차지 고객 바로 전달 자료 내부 목표 마진 협상 한선 포함 대외 제안 서다 승인 단가 반영 경쟁 움직임 고객 납기 요구 비교 협상 우선 순위 할인 넘다 수익 검토 승인 요청 다음 통화 고객 양보 가능 범위 최종 계약 시나리오 손익 항목 협상 단가 부안 검토 승인 범위 확정 예상 물량 고객 재산 공급 가능 대조 수익 시나리오 비교 한선
sales_hanbit_doc_050.pdf,1,전략 고객 우선 공급 hanbit semiconductor 내부 업무 검토 장소 서관 프로젝트 범위 영업 전략 검토 자료 안과 전략 고객 우선 공급 검토 서다 고객 반응 최근 협상 흐름 공유 제안 조건 손익 벗어나다 검토 공유 핵심 다음 하반기 생산 여유 가운데 핵심 고객 우선 배정 물량 신규 고객 샘플 요청 대응 방향 검토 고객 바로 전달 자료 내부 목표 마진 협상 한선 포함 대외 제안 서다 승인 단가 반영 경쟁 움직임 고객 납기 요구 비교 협상 우선 순위 고객 계약 단가 납기 페널티 비교 배정 순서 확정 다음 통화 고객 양보 가능 범위 최종 계약 시나리오 손익 항목 항목 현재 상태 다음 조치 협상 단가 부안 검토 승인 범위 확정 예상 물량 고객 재산 공급 가능 대조 수익 시나리오 비교 한선
sales_hanbit_doc_046.txt,1,신규 고객 공급 제안 검토 hanbit semiconductor 내부 업무 서관 프로젝트 진가 신규 고객 공급 제안 검토 검토 현도 고객 반응 최근 협상 흐름 공유 제안 조건 손익 벗어나다 검토 공유 핵심 다음 디바이스 요청 초도 물량 대해 테스트 단가 양산 전환 구분 제안 고객 바로 전달 자료 내부 목표 마진 협상 한선 포함 대외 제안 서다 승인 단가 반영 경쟁 움직임 고객 납기 요구 비교 협상 우선 순위 연간 예상 물량 단계 할인 조건 조정 다음 통화 고객 양보 가능 범위 최종 계약 시나리오 손익 항목 협상 단가 부안 검토 승인 범위 확정 예상 물량 고객 재산 공급 가능 대조 수익 시나리오 비교 한선
hb_doc_0308.txt,1,hanbit semiconductor hb xc 패키지 설계 검토 기록 조직 유형 업무 검토 기록 상태 검토 진행 hb xc 제품 측정값 이전 회차 비교 핵심 패턴 선폭 평균 돼다 허용 편차 범위 관리 유지 특정 구간 흔들리다 동일 장비 반복 측정 결과 묶다 윤는 공정 온도 챔버 압력 mtorr 조건 보정 적용 조건 올라가다 다만 보정 키우다 모서리 영역 편차 커지다 다음 회차 온도 유지 압력 mtorr 단위 나누다 비교 호은 현재 설다 읽다 지연 ns 평균 동작 전력 w 수준 나오다 결과 단계 구조 크게 바꾸다 배선 길이 패드 위치 조정 측정 반복 다음 검토 율과 동시 좋아지다 구간 후속 제품 조건 결정 예정 주요 항목 항목 측정 다음 비교 핵심 선폭 동일 장비 반복 측정 공정 조건 c mtorr 동작 특성 ns w 배선 패드 위치 조정 측정
hb_doc_0306.txt,1,hanbit semiconductor hb q 소자 특성 비교 기록 조직 유형 업무 검토 기록 상태 검토 진행 앗다 hb q 제품 측정값 이전 회차 비교 핵심 패턴 선폭 평균 돼다 허용 편차 범위 관리 유지 특정 구간 흔들리다 동일 장비 반복 측정 결과 묶다 공정 온도 챔버 압력 mtorr 조건 보정 적용 조건 올라가다 다만 보정 키우다 모서리 영역 편차 커지다 다음 회차 온도 유지 압력 mtorr 단위 나누다 비교 문서연 현재 설다 읽다 지연 ns 평균 동작 전력 w 수준 나오다 결과 단계 구조 크게 바꾸다 배선 길이 패드 위치 조정 측정 반복 다음 검토 율과 동시 좋아지다 구간 후속 제품 조건 결정 예정 주요 항목 항목 측정 다음 비교 핵심 선폭 동일 장비 반복 측정 공정 조건 c mtorr 동작 특성 ns w 배선 패드 위치 조정 측정
hb_doc_0304.txt,1,hanbit semiconductor hb dr 공정 조건 비교 메모 조직 유형 업무 검토 기록 상태 검토 진행 영은 hb dr 제품 측정값 이전 회차 비교 핵심 패턴 선폭 평균 돼다 허용 편차 범위 관리 유지 특정 구간 흔들리다 동일 장비 반복 측정 결과 묶다 공정 온도 챔버 압력 mtorr 조건 보정 적용 조건 올라가다 다만 보정 키우다 모서리 영역 편차 커지다 다음 회차 온도 유지 압력 mtorr 단위 나누다 비교 서유 나은 현재 설다 읽다 지연 ns 평균 동작 전력 w 수준 나오다 결과 단계 구조 크게 바꾸다 배선 길이 패드 위치 조정 측정 반복 다음 검토 율과 동시 좋아지다 구간 후속 제품 조건 결정 예정 주요 항목 항목 측정 다음 비교 핵심 선폭 동일 장비 반복 측정 공정 조건 c mtorr 동작 특성 ns w 배선 패드 위치 조정 측정
hb_doc_0301.txt,1,hanbit semiconductor hb p 마스크 조건 점검 조직 유형 업무 검토 기록 상태 검토 진행 hb p 제품 측정값 이전 회차 비교 핵심 패턴 선폭 평균 돼다 허용 편차 범위 관리 유지 특정 구간 흔들리다 동일 장비 반복 측정 결과 묶다 지다 공정 온도 챔버 압력 mtorr 조건 보정 적용 조건 올라가다 다만 보정 키우다 모서리 영역 편차 커지다 다음 회차 온도 유지 압력 mtorr 단위 나누다 비교 서유 나은 현재 설다 읽다 지연 ns 평균 동작 전력 w 수준 나오다 결과 단계 구조 크게 바꾸다 배선 길이 패드 위치 조정 측정 반복 다음 검토 율과 동시 좋아지다 구간 후속 제품 조건 결정 예정 주요 항목 항목 측정 다음 비교 핵심 선폭 동일 장비 반복 측정 공정 조건 c mtorr 동작 특성 ns w 배선 패드 위치 조정 측정
hb_doc_0302.txt,1,hanbit semiconductor hb mx 특성 평가 결과 조직 유형 업무 검토 기록 상태 검토 진행 재다 hb mx 제품 측정값 이전 회차 비교 핵심 패턴 선폭 평균 돼다 허용 편차 범위 관리 유지 특정 구간 흔들리다 동일 장비 반복 측정 결과 묶다 공정 온도 챔버 압력 mtorr 조건 보정 적용 조건 올라가다 다만 보정 키우다 모서리 영역 편차 커지다 다음 회차 온도 유지 압력 mtorr 단위 나누다 비교 현재 설다 읽다 지연 ns 평균 동작 전력 w 수준 나오다 결과 단계 구조 크게 바꾸다 배선 길이 패드 위치 조정 측정 반복 다음 검토 율과 동시 좋아지다 구간 후속 제품 조건 결정 예정 주요 항목 항목 측정 다음 비교 핵심 선폭 동일 장비 반복 측정 공정 조건 c mtorr 동작 특성 ns w 배선 패드 위치 조정 측정
hb_doc_0309.txt,1,hanbit semiconductor hb xc 패키지 설계 검토 기록 조직 유형 업무 검토 기록 상태 검토 진행 hb xc 제품 측정값 이전 회차 비교 핵심 패턴 선폭 평균 돼다 허용 편차 범위 관리 유지 특정 구간 흔들리다 동일 장비 반복 측정 결과 묶다 공정 온도 챔버 압력 mtorr 조건 보정 적용 조건 올라가다 다만 보정 키우다 모서리 영역 편차 커지다 다음 회차 온도 유지 압력 mtorr 단위 나누다 비교 호은 현재 설다 읽다 지연 ns 평균 동작 전력 w 수준 나오다 결과 단계 구조 크게 바꾸다 배선 길이 패드 위치 조정 측정 반복 다음 검토 율과 동시 좋아지다 구간 후속 제품 조건 결정 예정 주요 항목 항목 측정 다음 비교 핵심 선폭 동일 장비 반복 측정 공정 조건 c mtorr 동작 특성 ns w 배선 패드 위치 조정 측정
hb_doc_0312.txt,1,hanbit semiconductor hb q 소자 특성 비교 기록 조직 유형 업무 검토 기록 상태 검토 진행 hb q 제품 측정값 이전 회차 비교 핵심 패턴 선폭 평균 돼다 허용 편차 범위 관리 유지 특정 구간 흔들리다 동일 장비 반복 측정 결과 묶다 공정 온도 챔버 압력 mtorr 조건 보정 적용 조건 올라가다 다만 보정 키우다 모서리 영역 편차 커지다 다음 회차 온도 유지 압력 mtorr 단위 나누다 비교 현재 설다 읽다 지연 ns 평균 동작 전력 w 수준 나오다 결과 단계 구조 크게 바꾸다 배선 길이 패드 위치 조정 측정 반복 다음 검토 율과 동시 좋아지다 구간 후속 제품 조건 결정 예정 주요 항목 항목 측정 다음 비교 핵심 선폭 동일 장비 반복 측정 공정 조건 c mtorr 동작 특성 ns w 배선 패드 위치 조정 측정
hb_doc_0305.txt,1,hanbit semiconductor hb p 마스크 조건 점검 조직 유형 업무 검토 기록 상태 검토 진행 hb p 제품 측정값 이전 회차 비교 핵심 패턴 선폭 평균 돼다 허용 편차 범위 관리 유지 특정 구간 흔들리다 동일 장비 반복 측정 결과 묶다 윤는 공정 온도 챔버 압력 mtorr 조건 보정 적용 조건 올라가다 다만 보정 키우다 모서리 영역 편차 커지다 다음 회차 온도 유지 압력 mtorr 단위 나누다 비교 호은 현재 설다 읽다 지연 ns 평균 동작 전력 w 수준 나오다 결과 단계 구조 크게 바꾸다 배선 길이 패드 위치 조정 측정 반복 다음 검토 율과 동시 좋아지다 구간 후속 제품 조건 결정 예정 주요 항목 항목 측정 다음 비교 핵심 선폭 동일 장비 반복 측정 공정 조건 c mtorr 동작 특성 ns w 배선 패드 위치 조정 측정
hb_doc_0310.txt,1,hanbit semiconductor hb dr 제품 측정 결과 조직 유형 업무 검토 기록 상태 검토 진행 hb dr 제품 측정값 이전 회차 비교 핵심 패턴 선폭 평균 돼다 허용 편차 범위 관리 유지 특정 구간 흔들리다 동일 장비 반복 측정 결과 묶다 윤는 공정 온도 챔버 압력 mtorr 조건 보정 적용 조건 올라가다 다만 보정 키우다 모서리 영역 편차 커지다 다음 회차 온도 유지 압력 mtorr 단위 나누다 비교 현재 설다 읽다 지연 ns 평균 동작 전력 w 수준 나오다 결과 단계 구조 크게 바꾸다 배선 길이 패드 위치 조정 측정 반복 다음 검토 율과 동시 좋아지다 구간 후속 제품 조건 결정 예정 주요 항목 항목 측정 다음 비교 핵심 선폭 동일 장비 반복 측정 공정 조건 c mtorr 동작 특성 ns w 배선 패드 위치 조정 측정
hb_doc_0307.txt,1,hanbit semiconductor hb xc 개발 회차 결과 조직 유형 업무 검토 기록 상태 검토 진행 hb xc 제품 측정값 이전 회차 비교 핵심 패턴 선폭 평균 돼다 허용 편차 범위 관리 유지 특정 구간 흔들리다 동일 장비 반복 측정 결과 묶다 재는 공정 온도 챔버 압력 mtorr 조건 보정 적용 조건 올라가다 다만 보정 키우다 모서리 영역 편차 커지다 다음 회차 온도 유지 압력 mtorr 단위 나누다 비교 문서연 현재 설다 읽다 지연 ns 평균 동작 전력 w 수준 나오다 결과 단계 구조 크게 바꾸다 배선 길이 패드 위치 조정 측정 반복 다음 검토 율과 동시 좋아지다 구간 후속 제품 조건 결정 예정 주요 항목 항목 측정 다음 비교 핵심 선폭 동일 장비 반복 측정 공정 조건 c mtorr 동작 특성 ns w 배선 패드 위치 조정 측정
hb_doc_0303.txt,1,hanbit semiconductor hb mx 소자 특성 비교 기록 조직 유형 업무 검토 기록 상태 검토 진행 하은 hb mx 제품 측정값 이전 회차 비교 핵심 패턴 선폭 평균 돼다 허용 편차 범위 관리 유지 특정 구간 흔들리다 동일 장비 반복 측정 결과 묶다 윤는 공정 온도 챔버 압력 mtorr 조건 보정 적용 조건 올라가다 다만 보정 키우다 모서리 영역 편차 커지다 다음 회차 온도 유지 압력 mtorr 단위 나누다 비교 현재 설다 읽다 지연 ns 평균 동작 전력 w 수준 나오다 결과 단계 구조 크게 바꾸다 배선 길이 패드 위치 조정 측정 반복 다음 검토 율과 동시 좋아지다 구간 후속 제품 조건 결정 예정 주요 항목 항목 측정 다음 비교 핵심 선폭 동일 장비 반복 측정 공정 조건 c mtorr 동작 특성 ns w 배선 패드 위치 조정 측정
hb_doc_0311.txt,1,hanbit semiconductor hb xc 공정 조건 비교 메모 조직 유형 업무 검토 기록 상태 검토 진행 hb xc 제품 측정값 이전 회차 비교 핵심 패턴 선폭 평균 돼다 허용 편차 범위 관리 유지 특정 구간 흔들리다 동일 장비 반복 측정 결과 묶다 공정 온도 챔버 압력 mtorr 조건 보정 적용 조건 올라가다 다만 보정 키우다 모서리 영역 편차 커지다 다음 회차 온도 유지 압력 mtorr 단위 나누다 비교 현재 설다 읽다 지연 ns 평균 동작 전력 w 수준 나오다 결과 단계 구조 크게 바꾸다 배선 길이 패드 위치 조정 측정 반복 다음 검토 율과 동시 좋아지다 구간 후속 제품 조건 결정 예정 주요 항목 항목 측정 다음 비교 핵심 선폭 동일 장비 반복 측정 공정 조건 c mtorr 동작 특성 ns w 배선 패드 위치 조정 측정
hb_doc_0322.txt,1,hanbit semiconductor hb nv 공정 반복 측정 메모 조직 유형 업무 검토 기록 상태 검토 진행 hb nv 제품 측정값 이전 회차 비교 핵심 패턴 선폭 평균 돼다 허용 편차 범위 관리 유지 특정 구간 흔들리다 동일 장비 반복 측정 결과 묶다 공정 온도 챔버 압력 mtorr 조건 보정 적용 조건 올라가다 다만 보정 키우다 모서리 영역 편차 커지다 다음 회차 온도 유지 압력 mtorr 단위 나누다 비교 현재 설다 읽다 지연 ns 평균 동작 전력 w 수준 나오다 결과 단계 구조 크게 바꾸다 배선 길이 패드 위치 조정 측정 반복 다음 검토 율과 동시 좋아지다 구간 후속 제품 조건 결정 예정 주요 항목 항목 측정 다음 비교 핵심 선폭 동일 장비 반복 측정 공정 조건 c mtorr 동작 특성 ns w 배선 패드 위치 조정 측정
hb_doc_0320.txt,1,hanbit semiconductor hb xc 소자 특성 비교 기록 조직 유형 업무 검토 기록 상태 검토 진행 hb xc 제품 측정값 이전 회차 비교 핵심 패턴 선폭 평균 돼다 허용 편차 범위 관리 유지 특정 구간 흔들리다 동일 장비 반복 측정 결과 묶다 공정 온도 챔버 압력 mtorr 조건 보정 적용 조건 올라가다 다만 보정 키우다 모서리 영역 편차 커지다 다음 회차 온도 유지 압력 mtorr 단위 나누다 비교 현재 설다 읽다 지연 ns 평균 동작 전력 w 수준 나오다 결과 단계 구조 크게 바꾸다 배선 길이 패드 위치 조정 측정 반복 다음 검토 율과 동시 좋아지다 구간 후속 제품 조건 결정 예정 주요 항목 항목 측정 다음 비교 핵심 선폭 동일 장비 반복 측정 공정 조건 c mtorr 동작 특성 ns w 배선 패드 위치 조정 측정
hb_doc_0334.txt,1,hanbit semiconductor hb mx 특성 평가 결과 조직 유형 업무 검토 기록 상태 검토 진행 hb mx 제품 측정값 이전 회차 비교 핵심 패턴 선폭 평균 돼다 허용 편차 범위 관리 유지 특정 구간 흔들리다 동일 장비 반복 측정 결과 묶다 혁는 공정 온도 챔버 압력 mtorr 조건 보정 적용 조건 올라가다 다만 보정 키우다 모서리 영역 편차 커지다 다음 회차 온도 유지 압력 mtorr 단위 나누다 비교 현재 설다 읽다 지연 ns 평균 동작 전력 w 수준 나오다 결과 단계 구조 크게 바꾸다 배선 길이 패드 위치 조정 측정 반복 다음 검토 율과 동시 좋아지다 구간 후속 제품 조건 결정 예정 주요 항목 항목 측정 다음 비교 핵심 선폭 동일 장비 반복 측정 공정 조건 c mtorr 동작 특성 ns w 배선 패드 위치 조정 측정
hb_doc_0329.txt,1,hanbit semiconductor hb mx 개발 회차 결과 조직 유형 업무 검토 기록 상태 검토 진행 hb mx 제품 측정값 이전 회차 비교 핵심 패턴 선폭 평균 돼다 허용 편차 범위 관리 유지 특정 구간 흔들리다 동일 장비 반복 측정 결과 묶다 공정 온도 챔버 압력 mtorr 조건 보정 적용 조건 올라가다 다만 보정 키우다 모서리 영역 편차 커지다 다음 회차 온도 유지 압력 mtorr 단위 나누다 비교 현재 설다 읽다 지연 ns 평균 동작 전력 w 수준 나오다 결과 단계 구조 크게 바꾸다 배선 길이 패드 위치 조정 측정 반복 다음 검토 율과 동시 좋아지다 구간 후속 제품 조건 결정 예정 주요 항목 항목 측정 다음 비교 핵심 선폭 동일 장비 반복 측정 공정 조건 c mtorr 동작 특성 ns w 배선 패드 위치 조정 측정
hb_doc_0344.txt,1,hanbit semiconductor hb p 개발 회차 결과 조직 유형 업무 검토 기록 상태 검토 진행 hb p 제품 측정값 이전 회차 비교 핵심 패턴 선폭 평균 돼다 허용 편차 범위 관리 유지 특정 구간 흔들리다 동일 장비 반복 측정 결과 묶다 공정 온도 챔버 압력 mtorr 조건 보정 적용 조건 올라가다 다만 보정 키우다 모서리 영역 편차 커지다 다음 회차 온도 유지 압력 mtorr 단위 나누다 비교 현재 설다 읽다 지연 ns 평균 동작 전력 w 수준 나오다 결과 단계 구조 크게 바꾸다 배선 길이 패드 위치 조정 측정 반복 다음 검토 율과 동시 좋아지다 구간 후속 제품 조건 결정 예정 주요 항목 항목 측정 다음 비교 핵심 선폭 동일 장비 반복 측정 공정 조건 c mtorr 동작 특성 ns w 배선 패드 위치 조정 측정
hb_doc_0336.txt,1,hanbit semiconductor hb mx 공정 반복 측정 메모 조직 유형 업무 검토 기록 상태 검토 진행 hb mx 제품 측정값 이전 회차 비교 핵심 패턴 선폭 평균 돼다 허용 편차 범위 관리 유지 특정 구간 흔들리다 동일 장비 반복 측정 결과 묶다 윤는 공정 온도 챔버 압력 mtorr 조건 보정 적용 조건 올라가다 다만 보정 키우다 모서리 영역 편차 커지다 다음 회차 온도 유지 압력 mtorr 단위 나누다 비교 영은 현재 설다 읽다 지연 ns 평균 동작 전력 w 수준 나오다 결과 단계 구조 크게 바꾸다 배선 길이 패드 위치 조정 측정 반복 다음 검토 율과 동시 좋아지다 구간 후속 제품 조건 결정 예정 주요 항목 항목 측정 다음 비교 핵심 선폭 동일 장비 반복 측정 공정 조건 c mtorr 동작 특성 ns w 배선 패드 위치 조정 측정
hb_doc_0328.txt,1,hanbit semiconductor hb mx 소자 특성 비교 기록 조직 유형 업무 검토 기록 상태 검토 진행 hb mx 제품 측정값 이전 회차 비교 핵심 패턴 선폭 평균 돼다 허용 편차 범위 관리 유지 특정 구간 흔들리다 동일 장비 반복 측정 결과 묶다 공정 온도 챔버 압력 mtorr 조건 보정 적용 조건 올라가다 다만 보정 키우다 모서리 영역 편차 커지다 다음 회차 온도 유지 압력 mtorr 단위 나누다 비교 현재 설다 읽다 지연 ns 평균 동작 전력 w 수준 나오다 결과 단계 구조 크게 바꾸다 배선 길이 패드 위치 조정 측정 반복 다음 검토 율과 동시 좋아지다 구간 후속 제품 조건 결정 예정 주요 항목 항목 측정 다음 비교 핵심 선폭 동일 장비 반복 측정 공정 조건 c mtorr 동작 특성 ns w 배선 패드 위치 조정 측정
hb_doc_0319.txt,1,hanbit semiconductor hb eu 제품 측정 결과 조직 유형 업무 검토 기록 상태 검토 진행 영은 hb eu 제품 측정값 이전 회차 비교 핵심 패턴 선폭 평균 돼다 허용 편차 범위 관리 유지 특정 구간 흔들리다 동일 장비 반복 측정 결과 묶다 훈는 공정 온도 챔버 압력 mtorr 조건 보정 적용 조건 올라가다 다만 보정 키우다 모서리 영역 편차 커지다 다음 회차 온도 유지 압력 mtorr 단위 나누다 비교 현재 설다 읽다 지연 ns 평균 동작 전력 w 수준 나오다 결과 단계 구조 크게 바꾸다 배선 길이 패드 위치 조정 측정 반복 다음 검토 율과 동시 좋아지다 구간 후속 제품 조건 결정 예정 주요 항목 항목 측정 다음 비교 핵심 선폭 동일 장비 반복 측정 공정 조건 c mtorr 동작 특성 ns w 배선 패드 위치 조정 측정
hb_doc_0331.txt,1,hanbit semiconductor hb dr 패키지 설계 검토 기록 조직 유형 업무 검토 기록 상태 검토 진행 앗다 hb dr 제품 측정값 이전 회차 비교 핵심 패턴 선폭 평균 돼다 허용 편차 범위 관리 유지 특정 구간 흔들리다 동일 장비 반복 측정 결과 묶다 공정 온도 챔버 압력 mtorr 조건 보정 적용 조건 올라가다 다만 보정 키우다 모서리 영역 편차 커지다 다음 회차 온도 유지 압력 mtorr 단위 나누다 비교 현재 설다 읽다 지연 ns 평균 동작 전력 w 수준 나오다 결과 단계 구조 크게 바꾸다 배선 길이 패드 위치 조정 측정 반복 다음 검토 율과 동시 좋아지다 구간 후속 제품 조건 결정 예정 주요 항목 항목 측정 다음 비교 핵심 선폭 동일 장비 반복 측정 공정 조건 c mtorr 동작 특성 ns w 배선 패드 위치 조정 측정
hb_doc_0316.txt,1,hanbit semiconductor hb mx 개발 회차 결과 조직 유형 업무 검토 기록 상태 검토 진행 재다 hb mx 제품 측정값 이전 회차 비교 핵심 패턴 선폭 평균 돼다 허용 편차 범위 관리 유지 특정 구간 흔들리다 동일 장비 반복 측정 결과 묶다 공정 온도 챔버 압력 mtorr 조건 보정 적용 조건 올라가다 다만 보정 키우다 모서리 영역 편차 커지다 다음 회차 온도 유지 압력 mtorr 단위 나누다 비교 남서윤 현재 설다 읽다 지연 ns 평균 동작 전력 w 수준 나오다 결과 단계 구조 크게 바꾸다 배선 길이 패드 위치 조정 측정 반복 다음 검토 율과 동시 좋아지다 구간 후속 제품 조건 결정 예정 주요 항목 항목 측정 다음 비교 핵심 선폭 동일 장비 반복 측정 공정 조건 c mtorr 동작 특성 ns w 배선 패드 위치 조정 측정
hb_doc_0341.txt,1,hanbit semiconductor hb nv 개발 회차 결과 조직 유형 업무 검토 기록 상태 검토 진행 hb nv 제품 측정값 이전 회차 비교 핵심 패턴 선폭 평균 돼다 허용 편차 범위 관리 유지 특정 구간 흔들리다 동일 장비 반복 측정 결과 묶다 윤는 공정 온도 챔버 압력 mtorr 조건 보정 적용 조건 올라가다 다만 보정 키우다 모서리 영역 편차 커지다 다음 회차 온도 유지 압력 mtorr 단위 나누다 비교 현재 설다 읽다 지연 ns 평균 동작 전력 w 수준 나오다 결과 단계 구조 크게 바꾸다 배선 길이 패드 위치 조정 측정 반복 다음 검토 율과 동시 좋아지다 구간 후속 제품 조건 결정 예정 주요 항목 항목 측정 다음 비교 핵심 선폭 동일 장비 반복 측정 공정 조건 c mtorr 동작 특성 ns w 배선 패드 위치 조정 측정
hb_doc_0350.txt,1,hanbit semiconductor hb eu 패키지 설계 검토 기록 조직 유형 업무 검토 기록 상태 검토 진행 hb eu 제품 측정값 이전 회차 비교 핵심 패턴 선폭 평균 돼다 허용 편차 범위 관리 유지 특정 구간 흔들리다 동일 장비 반복 측정 결과 묶다 재는 공정 온도 챔버 압력 mtorr 조건 보정 적용 조건 올라가다 다만 보정 키우다 모서리 영역 편차 커지다 다음 회차 온도 유지 압력 mtorr 단위 나누다 비교 백수 앗다 현재 설다 읽다 지연 ns 평균 동작 전력 w 수준 나오다 결과 단계 구조 크게 바꾸다 배선 길이 패드 위치 조정 측정 반복 다음 검토 율과 동시 좋아지다 구간 후속 제품 조건 결정 예정 주요 항목 항목 측정 다음 비교 핵심 선폭 동일 장비 반복 측정 공정 조건 c mtorr 동작 특성 ns w 배선 패드 위치 조정 측정
hb_doc_0335.txt,1,hanbit semiconductor hb p 제품 측정 결과 조직 유형 업무 검토 기록 상태 검토 진행 hb p 제품 측정값 이전 회차 비교 핵심 패턴 선폭 평균 돼다 허용 편차 범위 관리 유지 특정 구간 흔들리다 동일 장비 반복 측정 결과 묶다 지다 공정 온도 챔버 압력 mtorr 조건 보정 적용 조건 올라가다 다만 보정 키우다 모서리 영역 편차 커지다 다음 회차 온도 유지 압력 mtorr 단위 나누다 비교 호은 현재 설다 읽다 지연 ns 평균 동작 전력 w 수준 나오다 결과 단계 구조 크게 바꾸다 배선 길이 패드 위치 조정 측정 반복 다음 검토 율과 동시 좋아지다 구간 후속 제품 조건 결정 예정 주요 항목 항목 측정 다음 비교 핵심 선폭 동일 장비 반복 측정 공정 조건 c mtorr 동작 특성 ns w 배선 패드 위치 조정 측정
hb_doc_0323.txt,1,hanbit semiconductor hb q 공정 반복 측정 메모 조직 유형 업무 검토 기록 상태 검토 진행 하은 hb q 제품 측정값 이전 회차 비교 핵심 패턴 선폭 평균 돼다 허용 편차 범위 관리 유지 특정 구간 흔들리다 동일 장비 반복 측정 결과 묶다 훈는 공정 온도 챔버 압력 mtorr 조건 보정 적용 조건 올라가다 다만 보정 키우다 모서리 영역 편차 커지다 다음 회차 온도 유지 압력 mtorr 단위 나누다 비교 현재 설다 읽다 지연 ns 평균 동작 전력 w 수준 나오다 결과 단계 구조 크게 바꾸다 배선 길이 패드 위치 조정 측정 반복 다음 검토 율과 동시 좋아지다 구간 후속 제품 조건 결정 예정 주요 항목 항목 측정 다음 비교 핵심 선폭 동일 장비 반복 측정 공정 조건 c mtorr 동작 특성 ns w 배선 패드 위치 조정 측정
hb_doc_0317.txt,1,hanbit semiconductor hb eu 소자 특성 비교 기록 조직 유형 업무 검토 기록 상태 검토 진행 hb eu 제품 측정값 이전 회차 비교 핵심 패턴 선폭 평균 돼다 허용 편차 범위 관리 유지 특정 구간 흔들리다 동일 장비 반복 측정 결과 묶다 공정 온도 챔버 압력 mtorr 조건 보정 적용 조건 올라가다 다만 보정 키우다 모서리 영역 편차 커지다 다음 회차 온도 유지 압력 mtorr 단위 나누다 비교 문서연 현재 설다 읽다 지연 ns 평균 동작 전력 w 수준 나오다 결과 단계 구조 크게 바꾸다 배선 길이 패드 위치 조정 측정 반복 다음 검토 율과 동시 좋아지다 구간 후속 제품 조건 결정 예정 주요 항목 항목 측정 다음 비교 핵심 선폭 동일 장비 반복 측정 공정 조건 c mtorr 동작 특성 ns w 배선 패드 위치 조정 측정
hb_doc_0348.txt,1,hanbit semiconductor hb dr 공정 반복 측정 메모 조직 유형 업무 검토 기록 상태 검토 진행 호은 hb dr 제품 측정값 이전 회차 비교 핵심 패턴 선폭 평균 돼다 허용 편차 범위 관리 유지 특정 구간 흔들리다 동일 장비 반복 측정 결과 묶다 윤는 공정 온도 챔버 압력 mtorr 조건 보정 적용 조건 올라가다 다만 보정 키우다 모서리 영역 편차 커지다 다음 회차 온도 유지 압력 mtorr 단위 나누다 비교 현재 설다 읽다 지연 ns 평균 동작 전력 w 수준 나오다 결과 단계 구조 크게 바꾸다 배선 길이 패드 위치 조정 측정 반복 다음 검토 율과 동시 좋아지다 구간 후속 제품 조건 결정 예정 주요 항목 항목 측정 다음 비교 핵심 선폭 동일 장비 반복 측정 공정 조건 c mtorr 동작 특성 ns w 배선 패드 위치 조정 측정
hb_doc_0333.txt,1,hanbit semiconductor hb xc 소자 특성 비교 기록 조직 유형 업무 검토 기록 상태 검토 진행 호은 hb xc 제품 측정값 이전 회차 비교 핵심 패턴 선폭 평균 돼다 허용 편차 범위 관리 유지 특정 구간 흔들리다 동일 장비 반복 측정 결과 묶다 공정 온도 챔버 압력 mtorr 조건 보정 적용 조건 올라가다 다만 보정 키우다 모서리 영역 편차 커지다 다음 회차 온도 유지 압력 mtorr 단위 나누다 비교 현재 설다 읽다 지연 ns 평균 동작 전력 w 수준 나오다 결과 단계 구조 크게 바꾸다 배선 길이 패드 위치 조정 측정 반복 다음 검토 율과 동시 좋아지다 구간 후속 제품 조건 결정 예정 주요 항목 항목 측정 다음 비교 핵심 선폭 동일 장비 반복 측정 공정 조건 c mtorr 동작 특성 ns w 배선 패드 위치 조정 측정
hb_doc_0343.txt,1,hanbit semiconductor hb q 제품 측정 결과 조직 유형 업무 검토 기록 상태 검토 진행 hb q 제품 측정값 이전 회차 비교 핵심 패턴 선폭 평균 돼다 허용 편차 범위 관리 유지 특정 구간 흔들리다 동일 장비 반복 측정 결과 묶다 공정 온도 챔버 압력 mtorr 조건 보정 적용 조건 올라가다 다만 보정 키우다 모서리 영역 편차 커지다 다음 회차 온도 유지 압력 mtorr 단위 나누다 비교 현재 설다 읽다 지연 ns 평균 동작 전력 w 수준 나오다 결과 단계 구조 크게 바꾸다 배선 길이 패드 위치 조정 측정 반복 다음 검토 율과 동시 좋아지다 구간 후속 제품 조건 결정 예정 주요 항목 항목 측정 다음 비교 핵심 선폭 동일 장비 반복 측정 공정 조건 c mtorr 동작 특성 ns w 배선 패드 위치 조정 측정
hb_doc_0339.txt,1,hanbit semiconductor hb nv 패키지 설계 검토 기록 조직 유형 업무 검토 기록 상태 검토 진행 hb nv 제품 측정값 이전 회차 비교 핵심 패턴 선폭 평균 돼다 허용 편차 범위 관리 유지 특정 구간 흔들리다 동일 장비 반복 측정 결과 묶다 공정 온도 챔버 압력 mtorr 조건 보정 적용 조건 올라가다 다만 보정 키우다 모서리 영역 편차 커지다 다음 회차 온도 유지 압력 mtorr 단위 나누다 비교 현재 설다 읽다 지연 ns 평균 동작 전력 w 수준 나오다 결과 단계 구조 크게 바꾸다 배선 길이 패드 위치 조정 측정 반복 다음 검토 율과 동시 좋아지다 구간 후속 제품 조건 결정 예정 주요 항목 항목 측정 다음 비교 핵심 선폭 동일 장비 반복 측정 공정 조건 c mtorr 동작 특성 ns w 배선 패드 위치 조정 측정
hb_doc_0332.txt,1,hanbit semiconductor hb p 제품 측정 결과 조직 유형 업무 검토 기록 상태 검토 진행 hb p 제품 측정값 이전 회차 비교 핵심 패턴 선폭 평균 돼다 허용 편차 범위 관리 유지 특정 구간 흔들리다 동일 장비 반복 측정 결과 묶다 공정 온도 챔버 압력 mtorr 조건 보정 적용 조건 올라가다 다만 보정 키우다 모서리 영역 편차 커지다 다음 회차 온도 유지 압력 mtorr 단위 나누다 비교 현재 설다 읽다 지연 ns 평균 동작 전력 w 수준 나오다 결과 단계 구조 크게 바꾸다 배선 길이 패드 위치 조정 측정 반복 다음 검토 율과 동시 좋아지다 구간 후속 제품 조건 결정 예정 주요 항목 항목 측정 다음 비교 핵심 선폭 동일 장비 반복 측정 공정 조건 c mtorr 동작 특성 ns w 배선 패드 위치 조정 측정
hb_doc_0325.txt,1,hanbit semiconductor hb p 마스크 조건 점검 조직 유형 업무 검토 기록 상태 검토 진행 hb p 제품 측정값 이전 회차 비교 핵심 패턴 선폭 평균 돼다 허용 편차 범위 관리 유지 특정 구간 흔들리다 동일 장비 반복 측정 결과 묶다 공정 온도 챔버 압력 mtorr 조건 보정 적용 조건 올라가다 다만 보정 키우다 모서리 영역 편차 커지다 다음 회차 온도 유지 압력 mtorr 단위 나누다 비교 현재 설다 읽다 지연 ns 평균 동작 전력 w 수준 나오다 결과 단계 구조 크게 바꾸다 배선 길이 패드 위치 조정 측정 반복 다음 검토 율과 동시 좋아지다 구간 후속 제품 조건 결정 예정 주요 항목 항목 측정 다음 비교 핵심 선폭 동일 장비 반복 측정 공정 조건 c mtorr 동작 특성 ns w 배선 패드 위치 조정 측정
hb_doc_0347.txt,1,hanbit semiconductor hb dr 마스크 조건 점검 조직 유형 업무 검토 기록 상태 검토 진행 hb dr 제품 측정값 이전 회차 비교 핵심 패턴 선폭 평균 돼다 허용 편차 범위 관리 유지 특정 구간 흔들리다 동일 장비 반복 측정 결과 묶다 공정 온도 챔버 압력 mtorr 조건 보정 적용 조건 올라가다 다만 보정 키우다 모서리 영역 편차 커지다 다음 회차 온도 유지 압력 mtorr 단위 나누다 비교 현재 설다 읽다 지연 ns 평균 동작 전력 w 수준 나오다 결과 단계 구조 크게 바꾸다 배선 길이 패드 위치 조정 측정 반복 다음 검토 율과 동시 좋아지다 구간 후속 제품 조건 결정 예정 주요 항목 항목 측정 다음 비교 핵심 선폭 동일 장비 반복 측정 공정 조건 c mtorr 동작 특성 ns w 배선 패드 위치 조정 측정
hb_doc_0338.txt,1,hanbit semiconductor hb xc 마스크 조건 점검 조직 유형 업무 검토 기록 상태 검토 진행 hb xc 제품 측정값 이전 회차 비교 핵심 패턴 선폭 평균 돼다 허용 편차 범위 관리 유지 특정 구간 흔들리다 동일 장비 반복 측정 결과 묶다 공정 온도 챔버 압력 mtorr 조건 보정 적용 조건 올라가다 다만 보정 키우다 모서리 영역 편차 커지다 다음 회차 온도 유지 압력 mtorr 단위 나누다 비교 하은 현재 설다 읽다 지연 ns 평균 동작 전력 w 수준 나오다 결과 단계 구조 크게 바꾸다 배선 길이 패드 위치 조정 측정 반복 다음 검토 율과 동시 좋아지다 구간 후속 제품 조건 결정 예정 주요 항목 항목 측정 다음 비교 핵심 선폭 동일 장비 반복 측정 공정 조건 c mtorr 동작 특성 ns w 배선 패드 위치 조정 측정
hb_doc_0345.txt,1,hanbit semiconductor hb q 개발 회차 결과 조직 유형 업무 검토 기록 상태 검토 진행 hb q 제품 측정값 이전 회차 비교 핵심 패턴 선폭 평균 돼다 허용 편차 범위 관리 유지 특정 구간 흔들리다 동일 장비 반복 측정 결과 묶다 공정 온도 챔버 압력 mtorr 조건 보정 적용 조건 올라가다 다만 보정 키우다 모서리 영역 편차 커지다 다음 회차 온도 유지 압력 mtorr 단위 나누다 비교 현재 설다 읽다 지연 ns 평균 동작 전력 w 수준 나오다 결과 단계 구조 크게 바꾸다 배선 길이 패드 위치 조정 측정 반복 다음 검토 율과 동시 좋아지다 구간 후속 제품 조건 결정 예정 주요 항목 항목 측정 다음 비교 핵심 선폭 동일 장비 반복 측정 공정 조건 c mtorr 동작 특성 ns w 배선 패드 위치 조정 측정
hb_doc_0313.txt,1,hanbit semiconductor hb nv 공정 반복 측정 메모 조직 유형 업무 검토 기록 상태 검토 진행 hb nv 제품 측정값 이전 회차 비교 핵심 패턴 선폭 평균 돼다 허용 편차 범위 관리 유지 특정 구간 흔들리다 동일 장비 반복 측정 결과 묶다 공정 온도 챔버 압력 mtorr 조건 보정 적용 조건 올라가다 다만 보정 키우다 모서리 영역 편차 커지다 다음 회차 온도 유지 압력 mtorr 단위 나누다 비교 하은 현재 설다 읽다 지연 ns 평균 동작 전력 w 수준 나오다 결과 단계 구조 크게 바꾸다 배선 길이 패드 위치 조정 측정 반복 다음 검토 율과 동시 좋아지다 구간 후속 제품 조건 결정 예정 주요 항목 항목 측정 다음 비교 핵심 선폭 동일 장비 반복 측정 공정 조건 c mtorr 동작 특성 ns w 배선 패드 위치 조정 측정
hb_doc_0340.txt,1,hanbit semiconductor hb xc 마스크 조건 점검 조직 유형 업무 검토 기록 상태 검토 진행 hb xc 제품 측정값 이전 회차 비교 핵심 패턴 선폭 평균 돼다 허용 편차 범위 관리 유지 특정 구간 흔들리다 동일 장비 반복 측정 결과 묶다 공정 온도 챔버 압력 mtorr 조건 보정 적용 조건 올라가다 다만 보정 키우다 모서리 영역 편차 커지다 다음 회차 온도 유지 압력 mtorr 단위 나누다 비교 현재 설다 읽다 지연 ns 평균 동작 전력 w 수준 나오다 결과 단계 구조 크게 바꾸다 배선 길이 패드 위치 조정 측정 반복 다음 검토 율과 동시 좋아지다 구간 후속 제품 조건 결정 예정 주요 항목 항목 측정 다음 비교 핵심 선폭 동일 장비 반복 측정 공정 조건 c mtorr 동작 특성 ns w 배선 패드 위치 조정 측정
hb_doc_0321.txt,1,hanbit semiconductor hb mx 개발 회차 결과 조직 유형 업무 검토 기록 상태 검토 진행 hb mx 제품 측정값 이전 회차 비교 핵심 패턴 선폭 평균 돼다 허용 편차 범위 관리 유지 특정 구간 흔들리다 동일 장비 반복 측정 결과 묶다 공정 온도 챔버 압력 mtorr 조건 보정 적용 조건 올라가다 다만 보정 키우다 모서리 영역 편차 커지다 다음 회차 온도 유지 압력 mtorr 단위 나누다 비교 하은 현재 설다 읽다 지연 ns 평균 동작 전력 w 수준 나오다 결과 단계 구조 크게 바꾸다 배선 길이 패드 위치 조정 측정 반복 다음 검토 율과 동시 좋아지다 구간 후속 제품 조건 결정 예정 주요 항목 항목 측정 다음 비교 핵심 선폭 동일 장비 반복 측정 공정 조건 c mtorr 동작 특성 ns w 배선 패드 위치 조정 측정
hb_doc_0346.txt,1,hanbit semiconductor hb xc 공정 반복 측정 메모 조직 유형 업무 검토 기록 상태 검토 진행 hb xc 제품 측정값 이전 회차 비교 핵심 패턴 선폭 평균 돼다 허용 편차 범위 관리 유지 특정 구간 흔들리다 동일 장비 반복 측정 결과 묶다 공정 온도 챔버 압력 mtorr 조건 보정 적용 조건 올라가다 다만 보정 키우다 모서리 영역 편차 커지다 다음 회차 온도 유지 압력 mtorr 단위 나누다 비교 현재 설다 읽다 지연 ns 평균 동작 전력 w 수준 나오다 결과 단계 구조 크게 바꾸다 배선 길이 패드 위치 조정 측정 반복 다음 검토 율과 동시 좋아지다 구간 후속 제품 조건 결정 예정 주요 항목 항목 측정 다음 비교 핵심 선폭 동일 장비 반복 측정 공정 조건 c mtorr 동작 특성 ns w 배선 패드 위치 조정 측정
hb_doc_0330.txt,1,hanbit semiconductor hb dr 공정 조건 비교 메모 조직 유형 업무 검토 기록 상태 검토 진행 서다 나은 hb dr 제품 측정값 이전 회차 비교 핵심 패턴 선폭 평균 돼다 허용 편차 범위 관리 유지 특정 구간 흔들리다 동일 장비 반복 측정 결과 묶다 공정 온도 챔버 압력 mtorr 조건 보정 적용 조건 올라가다 다만 보정 키우다 모서리 영역 편차 커지다 다음 회차 온도 유지 압력 mtorr 단위 나누다 비교 한유진 현재 설다 읽다 지연 ns 평균 동작 전력 w 수준 나오다 결과 단계 구조 크게 바꾸다 배선 길이 패드 위치 조정 측정 반복 다음 검토 율과 동시 좋아지다 구간 후속 제품 조건 결정 예정 주요 항목 항목 측정 다음 비교 핵심 선폭 동일 장비 반복 측정 공정 조건 c mtorr 동작 특성 ns w 배선 패드 위치 조정 측정
hb_doc_0327.txt,1,hanbit semiconductor hb p 마스크 조건 점검 조직 유형 업무 검토 기록 상태 검토 진행 hb p 제품 측정값 이전 회차 비교 핵심 패턴 선폭 평균 돼다 허용 편차 범위 관리 유지 특정 구간 흔들리다 동일 장비 반복 측정 결과 묶다 지다 공정 온도 챔버 압력 mtorr 조건 보정 적용 조건 올라가다 다만 보정 키우다 모서리 영역 편차 커지다 다음 회차 온도 유지 압력 mtorr 단위 나누다 비교 현재 설다 읽다 지연 ns 평균 동작 전력 w 수준 나오다 결과 단계 구조 크게 바꾸다 배선 길이 패드 위치 조정 측정 반복 다음 검토 율과 동시 좋아지다 구간 후속 제품 조건 결정 예정 주요 항목 항목 측정 다음 비교 핵심 선폭 동일 장비 반복 측정 공정 조건 c mtorr 동작 특성 ns w 배선 패드 위치 조정 측정
hb_doc_0324.txt,1,hanbit semiconductor hb p 공정 반복 측정 메모 조직 유형 업무 검토 기록 상태 검토 진행 hb p 제품 측정값 이전 회차 비교 핵심 패턴 선폭 평균 돼다 허용 편차 범위 관리 유지 특정 구간 흔들리다 동일 장비 반복 측정 결과 묶다 공정 온도 챔버 압력 mtorr 조건 보정 적용 조건 올라가다 다만 보정 키우다 모서리 영역 편차 커지다 다음 회차 온도 유지 압력 mtorr 단위 나누다 비교 현재 설다 읽다 지연 ns 평균 동작 전력 w 수준 나오다 결과 단계 구조 크게 바꾸다 배선 길이 패드 위치 조정 측정 반복 다음 검토 율과 동시 좋아지다 구간 후속 제품 조건 결정 예정 주요 항목 항목 측정 다음 비교 핵심 선폭 동일 장비 반복 측정 공정 조건 c mtorr 동작 특성 ns w 배선 패드 위치 조정 측정
hb_doc_0342.txt,1,hanbit semiconductor hb dr 공정 조건 비교 메모 조직 유형 업무 검토 기록 상태 검토 진행 hb dr 제품 측정값 이전 회차 비교 핵심 패턴 선폭 평균 돼다 허용 편차 범위 관리 유지 특정 구간 흔들리다 동일 장비 반복 측정 결과 묶다 공정 온도 챔버 압력 mtorr 조건 보정 적용 조건 올라가다 다만 보정 키우다 모서리 영역 편차 커지다 다음 회차 온도 유지 압력 mtorr 단위 나누다 비교 앗다 현재 설다 읽다 지연 ns 평균 동작 전력 w 수준 나오다 결과 단계 구조 크게 바꾸다 배선 길이 패드 위치 조정 측정 반복 다음 검토 율과 동시 좋아지다 구간 후속 제품 조건 결정 예정 주요 항목 항목 측정 다음 비교 핵심 선폭 동일 장비 반복 측정 공정 조건 c mtorr 동작 특성 ns w 배선 패드 위치 조정 측정
hb_doc_0315.txt,1,hanbit semiconductor hb mx 공정 조건 비교 메모 조직 유형 업무 검토 기록 상태 검토 진행 hb mx 제품 측정값 이전 회차 비교 핵심 패턴 선폭 평균 돼다 허용 편차 범위 관리 유지 특정 구간 흔들리다 동일 장비 반복 측정 결과 묶다 윤는 공정 온도 챔버 압력 mtorr 조건 보정 적용 조건 올라가다 다만 보정 키우다 모서리 영역 편차 커지다 다음 회차 온도 유지 압력 mtorr 단위 나누다 비교 현재 설다 읽다 지연 ns 평균 동작 전력 w 수준 나오다 결과 단계 구조 크게 바꾸다 배선 길이 패드 위치 조정 측정 반복 다음 검토 율과 동시 좋아지다 구간 후속 제품 조건 결정 예정 주요 항목 항목 측정 다음 비교 핵심 선폭 동일 장비 반복 측정 공정 조건 c mtorr 동작 특성 ns w 배선 패드 위치 조정 측정
hb_doc_0349.txt,1,hanbit semiconductor hb mx 공정 조건 비교 메모 조직 유형 업무 검토 기록 상태 검토 진행 hb mx 제품 측정값 이전 회차 비교 핵심 패턴 선폭 평균 돼다 허용 편차 범위 관리 유지 특정 구간 흔들리다 동일 장비 반복 측정 결과 묶다 공정 온도 챔버 압력 mtorr 조건 보정 적용 조건 올라가다 다만 보정 키우다 모서리 영역 편차 커지다 다음 회차 온도 유지 압력 mtorr 단위 나누다 비교 현재 설다 읽다 지연 ns 평균 동작 전력 w 수준 나오다 결과 단계 구조 크게 바꾸다 배선 길이 패드 위치 조정 측정 반복 다음 검토 율과 동시 좋아지다 구간 후속 제품 조건 결정 예정 주요 항목 항목 측정 다음 비교 핵심 선폭 동일 장비 반복 측정 공정 조건 c mtorr 동작 특성 ns w 배선 패드 위치 조정 측정
hb_doc_0314.txt,1,hanbit semiconductor hb p 개발 회차 결과 조직 유형 업무 검토 기록 상태 검토 진행 호은 hb p 제품 측정값 이전 회차 비교 핵심 패턴 선폭 평균 돼다 허용 편차 범위 관리 유지 특정 구간 흔들리다 동일 장비 반복 측정 결과 묶다 공정 온도 챔버 압력 mtorr 조건 보정 적용 조건 올라가다 다만 보정 키우다 모서리 영역 편차 커지다 다음 회차 온도 유지 압력 mtorr 단위 나누다 비교 현재 설다 읽다 지연 ns 평균 동작 전력 w 수준 나오다 결과 단계 구조 크게 바꾸다 배선 길이 패드 위치 조정 측정 반복 다음 검토 율과 동시 좋아지다 구간 후속 제품 조건 결정 예정 주요 항목 항목 측정 다음 비교 핵심 선폭 동일 장비 반복 측정 공정 조건 c mtorr 동작 특성 ns w 배선 패드 위치 조정 측정
hb_doc_0337.txt,1,hanbit semiconductor hb mx 개발 회차 결과 조직 유형 업무 검토 기록 상태 검토 진행 hb mx 제품 측정값 이전 회차 비교 핵심 패턴 선폭 평균 돼다 허용 편차 범위 관리 유지 특정 구간 흔들리다 동일 장비 반복 측정 결과 묶다 지다 공정 온도 챔버 압력 mtorr 조건 보정 적용 조건 올라가다 다만 보정 키우다 모서리 영역 편차 커지다 다음 회차 온도 유지 압력 mtorr 단위 나누다 비교 현재 설다 읽다 지연 ns 평균 동작 전력 w 수준 나오다 결과 단계 구조 크게 바꾸다 배선 길이 패드 위치 조정 측정 반복 다음 검토 율과 동시 좋아지다 구간 후속 제품 조건 결정 예정 주요 항목 항목 측정 다음 비교 핵심 선폭 동일 장비 반복 측정 공정 조건 c mtorr 동작 특성 ns w 배선 패드 위치 조정 측정
hb_doc_0374.txt,1,hanbit semiconductor hb p 공정 조건 비교 메모 조직 유형 업무 검토 기록 상태 검토 진행 서다 나은 hb p 제품 측정값 이전 회차 비교 핵심 패턴 선폭 평균 돼다 허용 편차 범위 관리 유지 특정 구간 흔들리다 동일 장비 반복 측정 결과 묶다 지다 공정 온도 챔버 압력 mtorr 조건 보정 적용 조건 올라가다 다만 보정 키우다 모서리 영역 편차 커지다 다음 회차 온도 유지 압력 mtorr 단위 나누다 비교 현재 설다 읽다 지연 ns 평균 동작 전력 w 수준 나오다 결과 단계 구조 크게 바꾸다 배선 길이 패드 위치 조정 측정 반복 다음 검토 율과 동시 좋아지다 구간 후속 제품 조건 결정 예정 주요 항목 항목 측정 다음 비교 핵심 선폭 동일 장비 반복 측정 공정 조건 c mtorr 동작 특성 ns w 배선 패드 위치 조정 측정
hb_doc_0379.txt,1,hanbit semiconductor hb mx 공정 반복 측정 메모 조직 유형 업무 검토 기록 상태 검토 진행 hb mx 제품 측정값 이전 회차 비교 핵심 패턴 선폭 평균 돼다 허용 편차 범위 관리 유지 특정 구간 흔들리다 동일 장비 반복 측정 결과 묶다 공정 온도 챔버 압력 mtorr 조건 보정 적용 조건 올라가다 다만 보정 키우다 모서리 영역 편차 커지다 다음 회차 온도 유지 압력 mtorr 단위 나누다 비교 현재 설다 읽다 지연 ns 평균 동작 전력 w 수준 나오다 결과 단계 구조 크게 바꾸다 배선 길이 패드 위치 조정 측정 반복 다음 검토 율과 동시 좋아지다 구간 후속 제품 조건 결정 예정 주요 항목 항목 측정 다음 비교 핵심 선폭 동일 장비 반복 측정 공정 조건 c mtorr 동작 특성 ns w 배선 패드 위치 조정 측정
hb_doc_0353.txt,1,hanbit semiconductor hb xc 패키지 설계 검토 기록 조직 유형 업무 검토 기록 상태 검토 진행 영은 hb xc 제품 측정값 이전 회차 비교 핵심 패턴 선폭 평균 돼다 허용 편차 범위 관리 유지 특정 구간 흔들리다 동일 장비 반복 측정 결과 묶다 혁는 공정 온도 챔버 압력 mtorr 조건 보정 적용 조건 올라가다 다만 보정 키우다 모서리 영역 편차 커지다 다음 회차 온도 유지 압력 mtorr 단위 나누다 비교 현재 설다 읽다 지연 ns 평균 동작 전력 w 수준 나오다 결과 단계 구조 크게 바꾸다 배선 길이 패드 위치 조정 측정 반복 다음 검토 율과 동시 좋아지다 구간 후속 제품 조건 결정 예정 주요 항목 항목 측정 다음 비교 핵심 선폭 동일 장비 반복 측정 공정 조건 c mtorr 동작 특성 ns w 배선 패드 위치 조정 측정
hb_doc_0359.txt,1,hanbit semiconductor hb mx 소자 특성 비교 기록 조직 유형 업무 검토 기록 상태 검토 진행 hb mx 제품 측정값 이전 회차 비교 핵심 패턴 선폭 평균 돼다 허용 편차 범위 관리 유지 특정 구간 흔들리다 동일 장비 반복 측정 결과 묶다 윤는 공정 온도 챔버 압력 mtorr 조건 보정 적용 조건 올라가다 다만 보정 키우다 모서리 영역 편차 커지다 다음 회차 온도 유지 압력 mtorr 단위 나누다 비교 현재 설다 읽다 지연 ns 평균 동작 전력 w 수준 나오다 결과 단계 구조 크게 바꾸다 배선 길이 패드 위치 조정 측정 반복 다음 검토 율과 동시 좋아지다 구간 후속 제품 조건 결정 예정 주요 항목 항목 측정 다음 비교 핵심 선폭 동일 장비 반복 측정 공정 조건 c mtorr 동작 특성 ns w 배선 패드 위치 조정 측정
hb_doc_0366.txt,1,hanbit semiconductor hb eu 개발 회차 결과 조직 유형 업무 검토 기록 상태 검토 진행 hb eu 제품 측정값 이전 회차 비교 핵심 패턴 선폭 평균 돼다 허용 편차 범위 관리 유지 특정 구간 흔들리다 동일 장비 반복 측정 결과 묶다 공정 온도 챔버 압력 mtorr 조건 보정 적용 조건 올라가다 다만 보정 키우다 모서리 영역 편차 커지다 다음 회차 온도 유지 압력 mtorr 단위 나누다 비교 현재 설다 읽다 지연 ns 평균 동작 전력 w 수준 나오다 결과 단계 구조 크게 바꾸다 배선 길이 패드 위치 조정 측정 반복 다음 검토 율과 동시 좋아지다 구간 후속 제품 조건 결정 예정 주요 항목 항목 측정 다음 비교 핵심 선폭 동일 장비 반복 측정 공정 조건 c mtorr 동작 특성 ns w 배선 패드 위치 조정 측정
hb_doc_0371.txt,1,hanbit semiconductor hb q 공정 반복 측정 메모 조직 유형 업무 검토 기록 상태 검토 진행 hb q 제품 측정값 이전 회차 비교 핵심 패턴 선폭 평균 돼다 허용 편차 범위 관리 유지 특정 구간 흔들리다 동일 장비 반복 측정 결과 묶다 공정 온도 챔버 압력 mtorr 조건 보정 적용 조건 올라가다 다만 보정 키우다 모서리 영역 편차 커지다 다음 회차 온도 유지 압력 mtorr 단위 나누다 비교 현재 설다 읽다 지연 ns 평균 동작 전력 w 수준 나오다 결과 단계 구조 크게 바꾸다 배선 길이 패드 위치 조정 측정 반복 다음 검토 율과 동시 좋아지다 구간 후속 제품 조건 결정 예정 주요 항목 항목 측정 다음 비교 핵심 선폭 동일 장비 반복 측정 공정 조건 c mtorr 동작 특성 ns w 배선 패드 위치 조정 측정
hb_doc_0376.txt,1,hanbit semiconductor hb xc 개발 회차 결과 조직 유형 업무 검토 기록 상태 검토 진행 hb xc 제품 측정값 이전 회차 비교 핵심 패턴 선폭 평균 돼다 허용 편차 범위 관리 유지 특정 구간 흔들리다 동일 장비 반복 측정 결과 묶다 서다 공정 온도 챔버 압력 mtorr 조건 보정 적용 조건 올라가다 다만 보정 키우다 모서리 영역 편차 커지다 다음 회차 온도 유지 압력 mtorr 단위 나누다 비교 현재 설다 읽다 지연 ns 평균 동작 전력 w 수준 나오다 결과 단계 구조 크게 바꾸다 배선 길이 패드 위치 조정 측정 반복 다음 검토 율과 동시 좋아지다 구간 후속 제품 조건 결정 예정 주요 항목 항목 측정 다음 비교 핵심 선폭 동일 장비 반복 측정 공정 조건 c mtorr 동작 특성 ns w 배선 패드 위치 조정 측정
hb_doc_0358.txt,1,hanbit semiconductor hb dr 제품 측정 결과 조직 유형 업무 검토 기록 상태 검토 진행 서다 나은 hb dr 제품 측정값 이전 회차 비교 핵심 패턴 선폭 평균 돼다 허용 편차 범위 관리 유지 특정 구간 흔들리다 동일 장비 반복 측정 결과 묶다 공정 온도 챔버 압력 mtorr 조건 보정 적용 조건 올라가다 다만 보정 키우다 모서리 영역 편차 커지다 다음 회차 온도 유지 압력 mtorr 단위 나누다 비교 현재 설다 읽다 지연 ns 평균 동작 전력 w 수준 나오다 결과 단계 구조 크게 바꾸다 배선 길이 패드 위치 조정 측정 반복 다음 검토 율과 동시 좋아지다 구간 후속 제품 조건 결정 예정 주요 항목 항목 측정 다음 비교 핵심 선폭 동일 장비 반복 측정 공정 조건 c mtorr 동작 특성 ns w 배선 패드 위치 조정 측정
hb_doc_0364.txt,1,hanbit semiconductor hb nv 공정 조건 비교 메모 조직 유형 업무 검토 기록 상태 검토 진행 앗다 hb nv 제품 측정값 이전 회차 비교 핵심 패턴 선폭 평균 돼다 허용 편차 범위 관리 유지 특정 구간 흔들리다 동일 장비 반복 측정 결과 묶다 훈는 공정 온도 챔버 압력 mtorr 조건 보정 적용 조건 올라가다 다만 보정 키우다 모서리 영역 편차 커지다 다음 회차 온도 유지 압력 mtorr 단위 나누다 비교 현재 설다 읽다 지연 ns 평균 동작 전력 w 수준 나오다 결과 단계 구조 크게 바꾸다 배선 길이 패드 위치 조정 측정 반복 다음 검토 율과 동시 좋아지다 구간 후속 제품 조건 결정 예정 주요 항목 항목 측정 다음 비교 핵심 선폭 동일 장비 반복 측정 공정 조건 c mtorr 동작 특성 ns w 배선 패드 위치 조정 측정
hb_doc_0370.txt,1,hanbit semiconductor hb nv 소자 특성 비교 기록 조직 유형 업무 검토 기록 상태 검토 진행 hb nv 제품 측정값 이전 회차 비교 핵심 패턴 선폭 평균 돼다 허용 편차 범위 관리 유지 특정 구간 흔들리다 동일 장비 반복 측정 결과 묶다 공정 온도 챔버 압력 mtorr 조건 보정 적용 조건 올라가다 다만 보정 키우다 모서리 영역 편차 커지다 다음 회차 온도 유지 압력 mtorr 단위 나누다 비교 현재 설다 읽다 지연 ns 평균 동작 전력 w 수준 나오다 결과 단계 구조 크게 바꾸다 배선 길이 패드 위치 조정 측정 반복 다음 검토 율과 동시 좋아지다 구간 후속 제품 조건 결정 예정 주요 항목 항목 측정 다음 비교 핵심 선폭 동일 장비 반복 측정 공정 조건 c mtorr 동작 특성 ns w 배선 패드 위치 조정 측정
hb_doc_0384.txt,1,hanbit semiconductor hb dr 공정 반복 측정 메모 조직 유형 업무 검토 기록 상태 검토 진행 hb dr 제품 측정값 이전 회차 비교 핵심 패턴 선폭 평균 돼다 허용 편차 범위 관리 유지 특정 구간 흔들리다 동일 장비 반복 측정 결과 묶다 공정 온도 챔버 압력 mtorr 조건 보정 적용 조건 올라가다 다만 보정 키우다 모서리 영역 편차 커지다 다음 회차 온도 유지 압력 mtorr 단위 나누다 비교 호은 현재 설다 읽다 지연 ns 평균 동작 전력 w 수준 나오다 결과 단계 구조 크게 바꾸다 배선 길이 패드 위치 조정 측정 반복 다음 검토 율과 동시 좋아지다 구간 후속 제품 조건 결정 예정 주요 항목 항목 측정 다음 비교 핵심 선폭 동일 장비 반복 측정 공정 조건 c mtorr 동작 특성 ns w 배선 패드 위치 조정 측정
hb_doc_0368.txt,1,hanbit semiconductor hb p 패키지 설계 검토 기록 조직 유형 업무 검토 기록 상태 검토 진행 hb p 제품 측정값 이전 회차 비교 핵심 패턴 선폭 평균 돼다 허용 편차 범위 관리 유지 특정 구간 흔들리다 동일 장비 반복 측정 결과 묶다 공정 온도 챔버 압력 mtorr 조건 보정 적용 조건 올라가다 다만 보정 키우다 모서리 영역 편차 커지다 다음 회차 온도 유지 압력 mtorr 단위 나누다 비교 현재 설다 읽다 지연 ns 평균 동작 전력 w 수준 나오다 결과 단계 구조 크게 바꾸다 배선 길이 패드 위치 조정 측정 반복 다음 검토 율과 동시 좋아지다 구간 후속 제품 조건 결정 예정 주요 항목 항목 측정 다음 비교 핵심 선폭 동일 장비 반복 측정 공정 조건 c mtorr 동작 특성 ns w 배선 패드 위치 조정 측정
hb_doc_0383.txt,1,hanbit semiconductor hb mx 제품 측정 결과 조직 유형 업무 검토 기록 상태 검토 진행 hb mx 제품 측정값 이전 회차 비교 핵심 패턴 선폭 평균 돼다 허용 편차 범위 관리 유지 특정 구간 흔들리다 동일 장비 반복 측정 결과 묶다 공정 온도 챔버 압력 mtorr 조건 보정 적용 조건 올라가다 다만 보정 키우다 모서리 영역 편차 커지다 다음 회차 온도 유지 압력 mtorr 단위 나누다 비교 현재 설다 읽다 지연 ns 평균 동작 전력 w 수준 나오다 결과 단계 구조 크게 바꾸다 배선 길이 패드 위치 조정 측정 반복 다음 검토 율과 동시 좋아지다 구간 후속 제품 조건 결정 예정 주요 항목 항목 측정 다음 비교 핵심 선폭 동일 장비 반복 측정 공정 조건 c mtorr 동작 특성 ns w 배선 패드 위치 조정 측정
hb_doc_0362.txt,1,hanbit semiconductor hb eu 패키지 설계 검토 기록 조직 유형 업무 검토 기록 상태 검토 진행 hb eu 제품 측정값 이전 회차 비교 핵심 패턴 선폭 평균 돼다 허용 편차 범위 관리 유지 특정 구간 흔들리다 동일 장비 반복 측정 결과 묶다 서다 공정 온도 챔버 압력 mtorr 조건 보정 적용 조건 올라가다 다만 보정 키우다 모서리 영역 편차 커지다 다음 회차 온도 유지 압력 mtorr 단위 나누다 비교 현재 설다 읽다 지연 ns 평균 동작 전력 w 수준 나오다 결과 단계 구조 크게 바꾸다 배선 길이 패드 위치 조정 측정 반복 다음 검토 율과 동시 좋아지다 구간 후속 제품 조건 결정 예정 주요 항목 항목 측정 다음 비교 핵심 선폭 동일 장비 반복 측정 공정 조건 c mtorr 동작 특성 ns w 배선 패드 위치 조정 측정
hb_doc_0363.txt,1,hanbit semiconductor hb q 제품 측정 결과 조직 유형 업무 검토 기록 상태 검토 진행 hb q 제품 측정값 이전 회차 비교 핵심 패턴 선폭 평균 돼다 허용 편차 범위 관리 유지 특정 구간 흔들리다 동일 장비 반복 측정 결과 묶다 공정 온도 챔버 압력 mtorr 조건 보정 적용 조건 올라가다 다만 보정 키우다 모서리 영역 편차 커지다 다음 회차 온도 유지 압력 mtorr 단위 나누다 비교 호은 현재 설다 읽다 지연 ns 평균 동작 전력 w 수준 나오다 결과 단계 구조 크게 바꾸다 배선 길이 패드 위치 조정 측정 반복 다음 검토 율과 동시 좋아지다 구간 후속 제품 조건 결정 예정 주요 항목 항목 측정 다음 비교 핵심 선폭 동일 장비 반복 측정 공정 조건 c mtorr 동작 특성 ns w 배선 패드 위치 조정 측정
hb_doc_0351.txt,1,hanbit semiconductor hb nv 개발 회차 결과 조직 유형 업무 검토 기록 상태 검토 진행 영은 hb nv 제품 측정값 이전 회차 비교 핵심 패턴 선폭 평균 돼다 허용 편차 범위 관리 유지 특정 구간 흔들리다 동일 장비 반복 측정 결과 묶다 공정 온도 챔버 압력 mtorr 조건 보정 적용 조건 올라가다 다만 보정 키우다 모서리 영역 편차 커지다 다음 회차 온도 유지 압력 mtorr 단위 나누다 비교 현재 설다 읽다 지연 ns 평균 동작 전력 w 수준 나오다 결과 단계 구조 크게 바꾸다 배선 길이 패드 위치 조정 측정 반복 다음 검토 율과 동시 좋아지다 구간 후속 제품 조건 결정 예정 주요 항목 항목 측정 다음 비교 핵심 선폭 동일 장비 반복 측정 공정 조건 c mtorr 동작 특성 ns w 배선 패드 위치 조정 측정
hb_doc_0381.txt,1,hanbit semiconductor hb dr 제품 측정 결과 조직 유형 업무 검토 기록 상태 검토 진행 hb dr 제품 측정값 이전 회차 비교 핵심 패턴 선폭 평균 돼다 허용 편차 범위 관리 유지 특정 구간 흔들리다 동일 장비 반복 측정 결과 묶다 공정 온도 챔버 압력 mtorr 조건 보정 적용 조건 올라가다 다만 보정 키우다 모서리 영역 편차 커지다 다음 회차 온도 유지 압력 mtorr 단위 나누다 비교 현재 설다 읽다 지연 ns 평균 동작 전력 w 수준 나오다 결과 단계 구조 크게 바꾸다 배선 길이 패드 위치 조정 측정 반복 다음 검토 율과 동시 좋아지다 구간 후속 제품 조건 결정 예정 주요 항목 항목 측정 다음 비교 핵심 선폭 동일 장비 반복 측정 공정 조건 c mtorr 동작 특성 ns w 배선 패드 위치 조정 측정
hb_doc_0382.txt,1,hanbit semiconductor hb eu 마스크 조건 점검 조직 유형 업무 검토 기록 상태 검토 진행 hb eu 제품 측정값 이전 회차 비교 핵심 패턴 선폭 평균 돼다 허용 편차 범위 관리 유지 특정 구간 흔들리다 동일 장비 반복 측정 결과 묶다 공정 온도 챔버 압력 mtorr 조건 보정 적용 조건 올라가다 다만 보정 키우다 모서리 영역 편차 커지다 다음 회차 온도 유지 압력 mtorr 단위 나누다 비교 현재 설다 읽다 지연 ns 평균 동작 전력 w 수준 나오다 결과 단계 구조 크게 바꾸다 배선 길이 패드 위치 조정 측정 반복 다음 검토 율과 동시 좋아지다 구간 후속 제품 조건 결정 예정 주요 항목 항목 측정 다음 비교 핵심 선폭 동일 장비 반복 측정 공정 조건 c mtorr 동작 특성 ns w 배선 패드 위치 조정 측정
hb_doc_0388.txt,1,hanbit semiconductor hb p 공정 반복 측정 메모 조직 유형 업무 검토 기록 상태 검토 진행 hb p 제품 측정값 이전 회차 비교 핵심 패턴 선폭 평균 돼다 허용 편차 범위 관리 유지 특정 구간 흔들리다 동일 장비 반복 측정 결과 묶다 서다 공정 온도 챔버 압력 mtorr 조건 보정 적용 조건 올라가다 다만 보정 키우다 모서리 영역 편차 커지다 다음 회차 온도 유지 압력 mtorr 단위 나누다 비교 현재 설다 읽다 지연 ns 평균 동작 전력 w 수준 나오다 결과 단계 구조 크게 바꾸다 배선 길이 패드 위치 조정 측정 반복 다음 검토 율과 동시 좋아지다 구간 후속 제품 조건 결정 예정 주요 항목 항목 측정 다음 비교 핵심 선폭 동일 장비 반복 측정 공정 조건 c mtorr 동작 특성 ns w 배선 패드 위치 조정 측정
hb_doc_0365.txt,1,hanbit semiconductor hb q 특성 평가 결과 조직 유형 업무 검토 기록 상태 검토 진행 hb q 제품 측정값 이전 회차 비교 핵심 패턴 선폭 평균 돼다 허용 편차 범위 관리 유지 특정 구간 흔들리다 동일 장비 반복 측정 결과 묶다 재는 공정 온도 챔버 압력 mtorr 조건 보정 적용 조건 올라가다 다만 보정 키우다 모서리 영역 편차 커지다 다음 회차 온도 유지 압력 mtorr 단위 나누다 비교 현재 설다 읽다 지연 ns 평균 동작 전력 w 수준 나오다 결과 단계 구조 크게 바꾸다 배선 길이 패드 위치 조정 측정 반복 다음 검토 율과 동시 좋아지다 구간 후속 제품 조건 결정 예정 주요 항목 항목 측정 다음 비교 핵심 선폭 동일 장비 반복 측정 공정 조건 c mtorr 동작 특성 ns w 배선 패드 위치 조정 측정
hb_doc_0380.txt,1,hanbit semiconductor hb nv 특성 평가 결과 조직 유형 업무 검토 기록 상태 검토 진행 hb nv 제품 측정값 이전 회차 비교 핵심 패턴 선폭 평균 돼다 허용 편차 범위 관리 유지 특정 구간 흔들리다 동일 장비 반복 측정 결과 묶다 공정 온도 챔버 압력 mtorr 조건 보정 적용 조건 올라가다 다만 보정 키우다 모서리 영역 편차 커지다 다음 회차 온도 유지 압력 mtorr 단위 나누다 비교 백수 앗다 현재 설다 읽다 지연 ns 평균 동작 전력 w 수준 나오다 결과 단계 구조 크게 바꾸다 배선 길이 패드 위치 조정 측정 반복 다음 검토 율과 동시 좋아지다 구간 후속 제품 조건 결정 예정 주요 항목 항목 측정 다음 비교 핵심 선폭 동일 장비 반복 측정 공정 조건 c mtorr 동작 특성 ns w 배선 패드 위치 조정 측정
hb_doc_0386.txt,1,hanbit semiconductor hb xc 개발 회차 결과 조직 유형 업무 검토 기록 상태 검토 진행 hb xc 제품 측정값 이전 회차 비교 핵심 패턴 선폭 평균 돼다 허용 편차 범위 관리 유지 특정 구간 흔들리다 동일 장비 반복 측정 결과 묶다 지다 공정 온도 챔버 압력 mtorr 조건 보정 적용 조건 올라가다 다만 보정 키우다 모서리 영역 편차 커지다 다음 회차 온도 유지 압력 mtorr 단위 나누다 비교 현재 설다 읽다 지연 ns 평균 동작 전력 w 수준 나오다 결과 단계 구조 크게 바꾸다 배선 길이 패드 위치 조정 측정 반복 다음 검토 율과 동시 좋아지다 구간 후속 제품 조건 결정 예정 주요 항목 항목 측정 다음 비교 핵심 선폭 동일 장비 반복 측정 공정 조건 c mtorr 동작 특성 ns w 배선 패드 위치 조정 측정
hb_doc_0355.txt,1,hanbit semiconductor hb q 패키지 설계 검토 기록 조직 유형 업무 검토 기록 상태 검토 진행 hb q 제품 측정값 이전 회차 비교 핵심 패턴 선폭 평균 돼다 허용 편차 범위 관리 유지 특정 구간 흔들리다 동일 장비 반복 측정 결과 묶다 윤는 공정 온도 챔버 압력 mtorr 조건 보정 적용 조건 올라가다 다만 보정 키우다 모서리 영역 편차 커지다 다음 회차 온도 유지 압력 mtorr 단위 나누다 비교 현재 설다 읽다 지연 ns 평균 동작 전력 w 수준 나오다 결과 단계 구조 크게 바꾸다 배선 길이 패드 위치 조정 측정 반복 다음 검토 율과 동시 좋아지다 구간 후속 제품 조건 결정 예정 주요 항목 항목 측정 다음 비교 핵심 선폭 동일 장비 반복 측정 공정 조건 c mtorr 동작 특성 ns w 배선 패드 위치 조정 측정
hb_doc_0385.txt,1,hanbit semiconductor hb nv 공정 조건 비교 메모 조직 유형 업무 검토 기록 상태 검토 진행 서다 나은 hb nv 제품 측정값 이전 회차 비교 핵심 패턴 선폭 평균 돼다 허용 편차 범위 관리 유지 특정 구간 흔들리다 동일 장비 반복 측정 결과 묶다 공정 온도 챔버 압력 mtorr 조건 보정 적용 조건 올라가다 다만 보정 키우다 모서리 영역 편차 커지다 다음 회차 온도 유지 압력 mtorr 단위 나누다 비교 현재 설다 읽다 지연 ns 평균 동작 전력 w 수준 나오다 결과 단계 구조 크게 바꾸다 배선 길이 패드 위치 조정 측정 반복 다음 검토 율과 동시 좋아지다 구간 후속 제품 조건 결정 예정 주요 항목 항목 측정 다음 비교 핵심 선폭 동일 장비 반복 측정 공정 조건 c mtorr 동작 특성 ns w 배선 패드 위치 조정 측정
hb_doc_0361.txt,1,hanbit semiconductor hb nv 마스크 조건 점검 조직 유형 업무 검토 기록 상태 검토 진행 hb nv 제품 측정값 이전 회차 비교 핵심 패턴 선폭 평균 돼다 허용 편차 범위 관리 유지 특정 구간 흔들리다 동일 장비 반복 측정 결과 묶다 공정 온도 챔버 압력 mtorr 조건 보정 적용 조건 올라가다 다만 보정 키우다 모서리 영역 편차 커지다 다음 회차 온도 유지 압력 mtorr 단위 나누다 비교 현재 설다 읽다 지연 ns 평균 동작 전력 w 수준 나오다 결과 단계 구조 크게 바꾸다 배선 길이 패드 위치 조정 측정 반복 다음 검토 율과 동시 좋아지다 구간 후속 제품 조건 결정 예정 주요 항목 항목 측정 다음 비교 핵심 선폭 동일 장비 반복 측정 공정 조건 c mtorr 동작 특성 ns w 배선 패드 위치 조정 측정
hb_doc_0375.txt,1,hanbit semiconductor hb eu 패키지 설계 검토 기록 조직 유형 업무 검토 기록 상태 검토 진행 호은 hb eu 제품 측정값 이전 회차 비교 핵심 패턴 선폭 평균 돼다 허용 편차 범위 관리 유지 특정 구간 흔들리다 동일 장비 반복 측정 결과 묶다 공정 온도 챔버 압력 mtorr 조건 보정 적용 조건 올라가다 다만 보정 키우다 모서리 영역 편차 커지다 다음 회차 온도 유지 압력 mtorr 단위 나누다 비교 현재 설다 읽다 지연 ns 평균 동작 전력 w 수준 나오다 결과 단계 구조 크게 바꾸다 배선 길이 패드 위치 조정 측정 반복 다음 검토 율과 동시 좋아지다 구간 후속 제품 조건 결정 예정 주요 항목 항목 측정 다음 비교 핵심 선폭 동일 장비 반복 측정 공정 조건 c mtorr 동작 특성 ns w 배선 패드 위치 조정 측정
hb_doc_0373.txt,1,hanbit semiconductor hb q 패키지 설계 검토 기록 조직 유형 업무 검토 기록 상태 검토 진행 앗다 hb q 제품 측정값 이전 회차 비교 핵심 패턴 선폭 평균 돼다 허용 편차 범위 관리 유지 특정 구간 흔들리다 동일 장비 반복 측정 결과 묶다 공정 온도 챔버 압력 mtorr 조건 보정 적용 조건 올라가다 다만 보정 키우다 모서리 영역 편차 커지다 다음 회차 온도 유지 압력 mtorr 단위 나누다 비교 현재 설다 읽다 지연 ns 평균 동작 전력 w 수준 나오다 결과 단계 구조 크게 바꾸다 배선 길이 패드 위치 조정 측정 반복 다음 검토 율과 동시 좋아지다 구간 후속 제품 조건 결정 예정 주요 항목 항목 측정 다음 비교 핵심 선폭 동일 장비 반복 측정 공정 조건 c mtorr 동작 특성 ns w 배선 패드 위치 조정 측정
hb_doc_0354.txt,1,hanbit semiconductor hb mx 공정 반복 측정 메모 조직 유형 업무 검토 기록 상태 검토 진행 hb mx 제품 측정값 이전 회차 비교 핵심 패턴 선폭 평균 돼다 허용 편차 범위 관리 유지 특정 구간 흔들리다 동일 장비 반복 측정 결과 묶다 서다 공정 온도 챔버 압력 mtorr 조건 보정 적용 조건 올라가다 다만 보정 키우다 모서리 영역 편차 커지다 다음 회차 온도 유지 압력 mtorr 단위 나누다 비교 현재 설다 읽다 지연 ns 평균 동작 전력 w 수준 나오다 결과 단계 구조 크게 바꾸다 배선 길이 패드 위치 조정 측정 반복 다음 검토 율과 동시 좋아지다 구간 후속 제품 조건 결정 예정 주요 항목 항목 측정 다음 비교 핵심 선폭 동일 장비 반복 측정 공정 조건 c mtorr 동작 특성 ns w 배선 패드 위치 조정 측정
hb_doc_0377.txt,1,hanbit semiconductor hb q 패키지 설계 검토 기록 조직 유형 업무 검토 기록 상태 검토 진행 hb q 제품 측정값 이전 회차 비교 핵심 패턴 선폭 평균 돼다 허용 편차 범위 관리 유지 특정 구간 흔들리다 동일 장비 반복 측정 결과 묶다 공정 온도 챔버 압력 mtorr 조건 보정 적용 조건 올라가다 다만 보정 키우다 모서리 영역 편차 커지다 다음 회차 온도 유지 압력 mtorr 단위 나누다 비교 현재 설다 읽다 지연 ns 평균 동작 전력 w 수준 나오다 결과 단계 구조 크게 바꾸다 배선 길이 패드 위치 조정 측정 반복 다음 검토 율과 동시 좋아지다 구간 후속 제품 조건 결정 예정 주요 항목 항목 측정 다음 비교 핵심 선폭 동일 장비 반복 측정 공정 조건 c mtorr 동작 특성 ns w 배선 패드 위치 조정 측정
hb_doc_0356.txt,1,hanbit semiconductor hb q 공정 반복 측정 메모 조직 유형 업무 검토 기록 상태 검토 진행 hb q 제품 측정값 이전 회차 비교 핵심 패턴 선폭 평균 돼다 허용 편차 범위 관리 유지 특정 구간 흔들리다 동일 장비 반복 측정 결과 묶다 서다 공정 온도 챔버 압력 mtorr 조건 보정 적용 조건 올라가다 다만 보정 키우다 모서리 영역 편차 커지다 다음 회차 온도 유지 압력 mtorr 단위 나누다 비교 현재 설다 읽다 지연 ns 평균 동작 전력 w 수준 나오다 결과 단계 구조 크게 바꾸다 배선 길이 패드 위치 조정 측정 반복 다음 검토 율과 동시 좋아지다 구간 후속 제품 조건 결정 예정 주요 항목 항목 측정 다음 비교 핵심 선폭 동일 장비 반복 측정 공정 조건 c mtorr 동작 특성 ns w 배선 패드 위치 조정 측정
hb_doc_0378.txt,1,hanbit semiconductor hb mx 소자 특성 비교 기록 조직 유형 업무 검토 기록 상태 검토 진행 하은 hb mx 제품 측정값 이전 회차 비교 핵심 패턴 선폭 평균 돼다 허용 편차 범위 관리 유지 특정 구간 흔들리다 동일 장비 반복 측정 결과 묶다 윤는 공정 온도 챔버 압력 mtorr 조건 보정 적용 조건 올라가다 다만 보정 키우다 모서리 영역 편차 커지다 다음 회차 온도 유지 압력 mtorr 단위 나누다 비교 재다 현재 설다 읽다 지연 ns 평균 동작 전력 w 수준 나오다 결과 단계 구조 크게 바꾸다 배선 길이 패드 위치 조정 측정 반복 다음 검토 율과 동시 좋아지다 구간 후속 제품 조건 결정 예정 주요 항목 항목 측정 다음 비교 핵심 선폭 동일 장비 반복 측정 공정 조건 c mtorr 동작 특성 ns w 배선 패드 위치 조정 측정
hb_doc_0352.txt,1,hanbit semiconductor hb eu 개발 회차 결과 조직 유형 업무 검토 기록 상태 검토 진행 hb eu 제품 측정값 이전 회차 비교 핵심 패턴 선폭 평균 돼다 허용 편차 범위 관리 유지 특정 구간 흔들리다 동일 장비 반복 측정 결과 묶다 윤는 공정 온도 챔버 압력 mtorr 조건 보정 적용 조건 올라가다 다만 보정 키우다 모서리 영역 편차 커지다 다음 회차 온도 유지 압력 mtorr 단위 나누다 비교 현재 설다 읽다 지연 ns 평균 동작 전력 w 수준 나오다 결과 단계 구조 크게 바꾸다 배선 길이 패드 위치 조정 측정 반복 다음 검토 율과 동시 좋아지다 구간 후속 제품 조건 결정 예정 주요 항목 항목 측정 다음 비교 핵심 선폭 동일 장비 반복 측정 공정 조건 c mtorr 동작 특성 ns w 배선 패드 위치 조정 측정
hb_doc_0387.txt,1,hanbit semiconductor hb mx 제품 측정 결과 조직 유형 업무 검토 기록 상태 검토 진행 hb mx 제품 측정값 이전 회차 비교 핵심 패턴 선폭 평균 돼다 허용 편차 범위 관리 유지 특정 구간 흔들리다 동일 장비 반복 측정 결과 묶다 공정 온도 챔버 압력 mtorr 조건 보정 적용 조건 올라가다 다만 보정 키우다 모서리 영역 편차 커지다 다음 회차 온도 유지 압력 mtorr 단위 나누다 비교 서유 나은 현재 설다 읽다 지연 ns 평균 동작 전력 w 수준 나오다 결과 단계 구조 크게 바꾸다 배선 길이 패드 위치 조정 측정 반복 다음 검토 율과 동시 좋아지다 구간 후속 제품 조건 결정 예정 주요 항목 항목 측정 다음 비교 핵심 선폭 동일 장비 반복 측정 공정 조건 c mtorr 동작 특성 ns w 배선 패드 위치 조정 측정
hb_doc_0367.txt,1,hanbit semiconductor hb eu 소자 특성 비교 기록 조직 유형 업무 검토 기록 상태 검토 진행 hb eu 제품 측정값 이전 회차 비교 핵심 패턴 선폭 평균 돼다 허용 편차 범위 관리 유지 특정 구간 흔들리다 동일 장비 반복 측정 결과 묶다 공정 온도 챔버 압력 mtorr 조건 보정 적용 조건 올라가다 다만 보정 키우다 모서리 영역 편차 커지다 다음 회차 온도 유지 압력 mtorr 단위 나누다 비교 현재 설다 읽다 지연 ns 평균 동작 전력 w 수준 나오다 결과 단계 구조 크게 바꾸다 배선 길이 패드 위치 조정 측정 반복 다음 검토 율과 동시 좋아지다 구간 후속 제품 조건 결정 예정 주요 항목 항목 측정 다음 비교 핵심 선폭 동일 장비 반복 측정 공정 조건 c mtorr 동작 특성 ns w 배선 패드 위치 조정 측정
hb_doc_0360.txt,1,hanbit semiconductor hb eu 패키지 설계 검토 기록 조직 유형 업무 검토 기록 상태 검토 진행 hb eu 제품 측정값 이전 회차 비교 핵심 패턴 선폭 평균 돼다 허용 편차 범위 관리 유지 특정 구간 흔들리다 동일 장비 반복 측정 결과 묶다 혁는 공정 온도 챔버 압력 mtorr 조건 보정 적용 조건 올라가다 다만 보정 키우다 모서리 영역 편차 커지다 다음 회차 온도 유지 압력 mtorr 단위 나누다 비교 현재 설다 읽다 지연 ns 평균 동작 전력 w 수준 나오다 결과 단계 구조 크게 바꾸다 배선 길이 패드 위치 조정 측정 반복 다음 검토 율과 동시 좋아지다 구간 후속 제품 조건 결정 예정 주요 항목 항목 측정 다음 비교 핵심 선폭 동일 장비 반복 측정 공정 조건 c mtorr 동작 특성 ns w 배선 패드 위치 조정 측정
hb_doc_0394.txt,1,hanbit semiconductor hb q 공정 조건 비교 메모 조직 유형 업무 검토 기록 상태 검토 진행 hb q 제품 측정값 이전 회차 비교 핵심 패턴 선폭 평균 돼다 허용 편차 범위 관리 유지 특정 구간 흔들리다 동일 장비 반복 측정 결과 묶다 공정 온도 챔버 압력 mtorr 조건 보정 적용 조건 올라가다 다만 보정 키우다 모서리 영역 편차 커지다 다음 회차 온도 유지 압력 mtorr 단위 나누다 비교 서유 나은 현재 설다 읽다 지연 ns 평균 동작 전력 w 수준 나오다 결과 단계 구조 크게 바꾸다 배선 길이 패드 위치 조정 측정 반복 다음 검토 율과 동시 좋아지다 구간 후속 제품 조건 결정 예정 주요 항목 항목 측정 다음 비교 핵심 선폭 동일 장비 반복 측정 공정 조건 c mtorr 동작 특성 ns w 배선 패드 위치 조정 측정
hb_doc_0402.txt,1,hanbit semiconductor hb eu 개발 회차 결과 조직 유형 업무 검토 기록 상태 검토 진행 서다 나은 hb eu 제품 측정값 이전 회차 비교 핵심 패턴 선폭 평균 돼다 허용 편차 범위 관리 유지 특정 구간 흔들리다 동일 장비 반복 측정 결과 묶다 재는 공정 온도 챔버 압력 mtorr 조건 보정 적용 조건 올라가다 다만 보정 키우다 모서리 영역 편차 커지다 다음 회차 온도 유지 압력 mtorr 단위 나누다 비교 현재 설다 읽다 지연 ns 평균 동작 전력 w 수준 나오다 결과 단계 구조 크게 바꾸다 배선 길이 패드 위치 조정 측정 반복 다음 검토 율과 동시 좋아지다 구간 후속 제품 조건 결정 예정 주요 항목 항목 측정 다음 비교 핵심 선폭 동일 장비 반복 측정 공정 조건 c mtorr 동작 특성 ns w 배선 패드 위치 조정 측정
hb_doc_0412.txt,1,hanbit semiconductor hb dr 제품 측정 결과 조직 유형 업무 검토 기록 상태 검토 진행 hb dr 제품 측정값 이전 회차 비교 핵심 패턴 선폭 평균 돼다 허용 편차 범위 관리 유지 특정 구간 흔들리다 동일 장비 반복 측정 결과 묶다 비다 공정 온도 챔버 압력 mtorr 조건 보정 적용 조건 올라가다 다만 보정 키우다 모서리 영역 편차 커지다 다음 회차 온도 유지 압력 mtorr 단위 나누다 비교 안다 현재 설다 읽다 지연 ns 평균 동작 전력 w 수준 나오다 결과 단계 구조 크게 바꾸다 배선 길이 패드 위치 조정 측정 반복 다음 검토 율과 동시 좋아지다 구간 후속 제품 조건 결정 예정 주요 항목 항목 측정 다음 비교 핵심 선폭 동일 장비 반복 측정 공정 조건 c mtorr 동작 특성 ns w 배선 패드 위치 조정 측정
hb_doc_0396.txt,1,hanbit semiconductor hb mx 제품 측정 결과 조직 유형 업무 검토 기록 상태 검토 진행 hb mx 제품 측정값 이전 회차 비교 핵심 패턴 선폭 평균 돼다 허용 편차 범위 관리 유지 특정 구간 흔들리다 동일 장비 반복 측정 결과 묶다 윤는 공정 온도 챔버 압력 mtorr 조건 보정 적용 조건 올라가다 다만 보정 키우다 모서리 영역 편차 커지다 다음 회차 온도 유지 압력 mtorr 단위 나누다 비교 현재 설다 읽다 지연 ns 평균 동작 전력 w 수준 나오다 결과 단계 구조 크게 바꾸다 배선 길이 패드 위치 조정 측정 반복 다음 검토 율과 동시 좋아지다 구간 후속 제품 조건 결정 예정 주요 항목 항목 측정 다음 비교 핵심 선폭 동일 장비 반복 측정 공정 조건 c mtorr 동작 특성 ns w 배선 패드 위치 조정 측정
hb_doc_0416.txt,1,hanbit semiconductor hb mx 마스크 조건 점검 조직 유형 업무 검토 기록 상태 검토 진행 hb mx 제품 측정값 이전 회차 비교 핵심 패턴 선폭 평균 돼다 허용 편차 범위 관리 유지 특정 구간 흔들리다 동일 장비 반복 측정 결과 묶다 공정 온도 챔버 압력 mtorr 조건 보정 적용 조건 올라가다 다만 보정 키우다 모서리 영역 편차 커지다 다음 회차 온도 유지 압력 mtorr 단위 나누다 비교 현재 설다 읽다 지연 ns 평균 동작 전력 w 수준 나오다 결과 단계 구조 크게 바꾸다 배선 길이 패드 위치 조정 측정 반복 다음 검토 율과 동시 좋아지다 구간 후속 제품 조건 결정 예정 주요 항목 항목 측정 다음 비교 핵심 선폭 동일 장비 반복 측정 공정 조건 c mtorr 동작 특성 ns w 배선 패드 위치 조정 측정
hb_doc_0418.txt,1,hanbit semiconductor hb eu 공정 반복 측정 메모 조직 유형 업무 검토 기록 상태 검토 진행 영은 hb eu 제품 측정값 이전 회차 비교 핵심 패턴 선폭 평균 돼다 허용 편차 범위 관리 유지 특정 구간 흔들리다 동일 장비 반복 측정 결과 묶다 공정 온도 챔버 압력 mtorr 조건 보정 적용 조건 올라가다 다만 보정 키우다 모서리 영역 편차 커지다 다음 회차 온도 유지 압력 mtorr 단위 나누다 비교 현재 설다 읽다 지연 ns 평균 동작 전력 w 수준 나오다 결과 단계 구조 크게 바꾸다 배선 길이 패드 위치 조정 측정 반복 다음 검토 율과 동시 좋아지다 구간 후속 제품 조건 결정 예정 주요 항목 항목 측정 다음 비교 핵심 선폭 동일 장비 반복 측정 공정 조건 c mtorr 동작 특성 ns w 배선 패드 위치 조정 측정
hb_doc_0417.txt,1,hanbit semiconductor hb mx 특성 평가 결과 조직 유형 업무 검토 기록 상태 검토 진행 hb mx 제품 측정값 이전 회차 비교 핵심 패턴 선폭 평균 돼다 허용 편차 범위 관리 유지 특정 구간 흔들리다 동일 장비 반복 측정 결과 묶다 공정 온도 챔버 압력 mtorr 조건 보정 적용 조건 올라가다 다만 보정 키우다 모서리 영역 편차 커지다 다음 회차 온도 유지 압력 mtorr 단위 나누다 비교 현재 설다 읽다 지연 ns 평균 동작 전력 w 수준 나오다 결과 단계 구조 크게 바꾸다 배선 길이 패드 위치 조정 측정 반복 다음 검토 율과 동시 좋아지다 구간 후속 제품 조건 결정 예정 주요 항목 항목 측정 다음 비교 핵심 선폭 동일 장비 반복 측정 공정 조건 c mtorr 동작 특성 ns w 배선 패드 위치 조정 측정
hb_doc_0419.txt,1,hanbit semiconductor hb mx 공정 조건 비교 메모 조직 유형 업무 검토 기록 상태 검토 진행 hb mx 제품 측정값 이전 회차 비교 핵심 패턴 선폭 평균 돼다 허용 편차 범위 관리 유지 특정 구간 흔들리다 동일 장비 반복 측정 결과 묶다 공정 온도 챔버 압력 mtorr 조건 보정 적용 조건 올라가다 다만 보정 키우다 모서리 영역 편차 커지다 다음 회차 온도 유지 압력 mtorr 단위 나누다 비교 서유 나은 현재 설다 읽다 지연 ns 평균 동작 전력 w 수준 나오다 결과 단계 구조 크게 바꾸다 배선 길이 패드 위치 조정 측정 반복 다음 검토 율과 동시 좋아지다 구간 후속 제품 조건 결정 예정 주요 항목 항목 측정 다음 비교 핵심 선폭 동일 장비 반복 측정 공정 조건 c mtorr 동작 특성 ns w 배선 패드 위치 조정 측정
hb_doc_0406.txt,1,hanbit semiconductor hb eu 공정 반복 측정 메모 조직 유형 업무 검토 기록 상태 검토 진행 hb eu 제품 측정값 이전 회차 비교 핵심 패턴 선폭 평균 돼다 허용 편차 범위 관리 유지 특정 구간 흔들리다 동일 장비 반복 측정 결과 묶다 공정 온도 챔버 압력 mtorr 조건 보정 적용 조건 올라가다 다만 보정 키우다 모서리 영역 편차 커지다 다음 회차 온도 유지 압력 mtorr 단위 나누다 비교 하은 현재 설다 읽다 지연 ns 평균 동작 전력 w 수준 나오다 결과 단계 구조 크게 바꾸다 배선 길이 패드 위치 조정 측정 반복 다음 검토 율과 동시 좋아지다 구간 후속 제품 조건 결정 예정 주요 항목 항목 측정 다음 비교 핵심 선폭 동일 장비 반복 측정 공정 조건 c mtorr 동작 특성 ns w 배선 패드 위치 조정 측정
hb_doc_0400.txt,1,hanbit semiconductor hb eu 제품 측정 결과 조직 유형 업무 검토 기록 상태 검토 진행 호은 hb eu 제품 측정값 이전 회차 비교 핵심 패턴 선폭 평균 돼다 허용 편차 범위 관리 유지 특정 구간 흔들리다 동일 장비 반복 측정 결과 묶다 서다 공정 온도 챔버 압력 mtorr 조건 보정 적용 조건 올라가다 다만 보정 키우다 모서리 영역 편차 커지다 다음 회차 온도 유지 압력 mtorr 단위 나누다 비교 현재 설다 읽다 지연 ns 평균 동작 전력 w 수준 나오다 결과 단계 구조 크게 바꾸다 배선 길이 패드 위치 조정 측정 반복 다음 검토 율과 동시 좋아지다 구간 후속 제품 조건 결정 예정 주요 항목 항목 측정 다음 비교 핵심 선폭 동일 장비 반복 측정 공정 조건 c mtorr 동작 특성 ns w 배선 패드 위치 조정 측정
hb_doc_0404.txt,1,hanbit semiconductor hb q 마스크 조건 점검 조직 유형 업무 검토 기록 상태 검토 진행 hb q 제품 측정값 이전 회차 비교 핵심 패턴 선폭 평균 돼다 허용 편차 범위 관리 유지 특정 구간 흔들리다 동일 장비 반복 측정 결과 묶다 공정 온도 챔버 압력 mtorr 조건 보정 적용 조건 올라가다 다만 보정 키우다 모서리 영역 편차 커지다 다음 회차 온도 유지 압력 mtorr 단위 나누다 비교 조민재 현재 설다 읽다 지연 ns 평균 동작 전력 w 수준 나오다 결과 단계 구조 크게 바꾸다 배선 길이 패드 위치 조정 측정 반복 다음 검토 율과 동시 좋아지다 구간 후속 제품 조건 결정 예정 주요 항목 항목 측정 다음 비교 핵심 선폭 동일 장비 반복 측정 공정 조건 c mtorr 동작 특성 ns w 배선 패드 위치 조정 측정
hb_doc_0395.txt,1,hanbit semiconductor hb xc 패키지 설계 검토 기록 조직 유형 업무 검토 기록 상태 검토 진행 hb xc 제품 측정값 이전 회차 비교 핵심 패턴 선폭 평균 돼다 허용 편차 범위 관리 유지 특정 구간 흔들리다 동일 장비 반복 측정 결과 묶다 재는 공정 온도 챔버 압력 mtorr 조건 보정 적용 조건 올라가다 다만 보정 키우다 모서리 영역 편차 커지다 다음 회차 온도 유지 압력 mtorr 단위 나누다 비교 현재 설다 읽다 지연 ns 평균 동작 전력 w 수준 나오다 결과 단계 구조 크게 바꾸다 배선 길이 패드 위치 조정 측정 반복 다음 검토 율과 동시 좋아지다 구간 후속 제품 조건 결정 예정 주요 항목 항목 측정 다음 비교 핵심 선폭 동일 장비 반복 측정 공정 조건 c mtorr 동작 특성 ns w 배선 패드 위치 조정 측정
hb_doc_0408.txt,1,hanbit semiconductor hb nv 마스크 조건 점검 조직 유형 업무 검토 기록 상태 검토 진행 hb nv 제품 측정값 이전 회차 비교 핵심 패턴 선폭 평균 돼다 허용 편차 범위 관리 유지 특정 구간 흔들리다 동일 장비 반복 측정 결과 묶다 공정 온도 챔버 압력 mtorr 조건 보정 적용 조건 올라가다 다만 보정 키우다 모서리 영역 편차 커지다 다음 회차 온도 유지 압력 mtorr 단위 나누다 비교 서유 나은 현재 설다 읽다 지연 ns 평균 동작 전력 w 수준 나오다 결과 단계 구조 크게 바꾸다 배선 길이 패드 위치 조정 측정 반복 다음 검토 율과 동시 좋아지다 구간 후속 제품 조건 결정 예정 주요 항목 항목 측정 다음 비교 핵심 선폭 동일 장비 반복 측정 공정 조건 c mtorr 동작 특성 ns w 배선 패드 위치 조정 측정
hb_doc_0403.txt,1,hanbit semiconductor hb mx 공정 조건 비교 메모 조직 유형 업무 검토 기록 상태 검토 진행 hb mx 제품 측정값 이전 회차 비교 핵심 패턴 선폭 평균 돼다 허용 편차 범위 관리 유지 특정 구간 흔들리다 동일 장비 반복 측정 결과 묶다 공정 온도 챔버 압력 mtorr 조건 보정 적용 조건 올라가다 다만 보정 키우다 모서리 영역 편차 커지다 다음 회차 온도 유지 압력 mtorr 단위 나누다 비교 영은 현재 설다 읽다 지연 ns 평균 동작 전력 w 수준 나오다 결과 단계 구조 크게 바꾸다 배선 길이 패드 위치 조정 측정 반복 다음 검토 율과 동시 좋아지다 구간 후속 제품 조건 결정 예정 주요 항목 항목 측정 다음 비교 핵심 선폭 동일 장비 반복 측정 공정 조건 c mtorr 동작 특성 ns w 배선 패드 위치 조정 측정
hb_doc_0421.docx,1,hanbit semiconductor hb mx 제품 측정 결과 hb mx 제품 측정값 이전 회차 비교 핵심 패턴 선폭 평균 돼다 허용 편차 범위 관리 유지 특정 구간 흔들리다 동일 장비 반복 측정 결과 묶다 윤는 공정 온도 챔버 압력 mtorr 조건 보정 적용 조건 올라가다 다만 보정 키우다 모서리 영역 편차 커지다 다음 회차 온도 유지 압력 mtorr 단위 나누다 비교 현재 설다 읽다 지연 ns 평균 동작 전력 w 수준 나오다 결과 단계 구조 크게 바꾸다 배선 길이 패드 위치 조정 측정 반복 다음 검토 율과 동시 좋아지다 구간 후속 제품 조건 결정 예정 주요 항목 업무 기록 조직 유형 업무 검토 기록 상태 검토 진행 항목 측정 다음 비교 핵심 선폭 동일 장비 반복 측정 공정 조건 c mtorr 동작 특성 ns w 배선 패드 위치 조정 측정
hb_doc_0411.txt,1,hanbit semiconductor hb xc 마스크 조건 점검 조직 유형 업무 검토 기록 상태 검토 진행 hb xc 제품 측정값 이전 회차 비교 핵심 패턴 선폭 평균 돼다 허용 편차 범위 관리 유지 특정 구간 흔들리다 동일 장비 반복 측정 결과 묶다 재는 공정 온도 챔버 압력 mtorr 조건 보정 적용 조건 올라가다 다만 보정 키우다 모서리 영역 편차 커지다 다음 회차 온도 유지 압력 mtorr 단위 나누다 비교 하은 현재 설다 읽다 지연 ns 평균 동작 전력 w 수준 나오다 결과 단계 구조 크게 바꾸다 배선 길이 패드 위치 조정 측정 반복 다음 검토 율과 동시 좋아지다 구간 후속 제품 조건 결정 예정 주요 항목 항목 측정 다음 비교 핵심 선폭 동일 장비 반복 측정 공정 조건 c mtorr 동작 특성 ns w 배선 패드 위치 조정 측정
hb_doc_0398.txt,1,hanbit semiconductor hb xc 마스크 조건 점검 조직 유형 업무 검토 기록 상태 검토 진행 영은 hb xc 제품 측정값 이전 회차 비교 핵심 패턴 선폭 평균 돼다 허용 편차 범위 관리 유지 특정 구간 흔들리다 동일 장비 반복 측정 결과 묶다 지다 공정 온도 챔버 압력 mtorr 조건 보정 적용 조건 올라가다 다만 보정 키우다 모서리 영역 편차 커지다 다음 회차 온도 유지 압력 mtorr 단위 나누다 비교 현재 설다 읽다 지연 ns 평균 동작 전력 w 수준 나오다 결과 단계 구조 크게 바꾸다 배선 길이 패드 위치 조정 측정 반복 다음 검토 율과 동시 좋아지다 구간 후속 제품 조건 결정 예정 주요 항목 항목 측정 다음 비교 핵심 선폭 동일 장비 반복 측정 공정 조건 c mtorr 동작 특성 ns w 배선 패드 위치 조정 측정
hb_doc_0393.txt,1,hanbit semiconductor hb mx 소자 특성 비교 기록 조직 유형 업무 검토 기록 상태 검토 진행 서다 나은 hb mx 제품 측정값 이전 회차 비교 핵심 패턴 선폭 평균 돼다 허용 편차 범위 관리 유지 특정 구간 흔들리다 동일 장비 반복 측정 결과 묶다 공정 온도 챔버 압력 mtorr 조건 보정 적용 조건 올라가다 다만 보정 키우다 모서리 영역 편차 커지다 다음 회차 온도 유지 압력 mtorr 단위 나누다 비교 문서연 현재 설다 읽다 지연 ns 평균 동작 전력 w 수준 나오다 결과 단계 구조 크게 바꾸다 배선 길이 패드 위치 조정 측정 반복 다음 검토 율과 동시 좋아지다 구간 후속 제품 조건 결정 예정 주요 항목 항목 측정 다음 비교 핵심 선폭 동일 장비 반복 측정 공정 조건 c mtorr 동작 특성 ns w 배선 패드 위치 조정 측정
hb_doc_0420.txt,1,hanbit semiconductor hb p 패키지 설계 검토 기록 조직 유형 업무 검토 기록 상태 검토 진행 서다 나은 hb p 제품 측정값 이전 회차 비교 핵심 패턴 선폭 평균 돼다 허용 편차 범위 관리 유지 특정 구간 흔들리다 동일 장비 반복 측정 결과 묶다 공정 온도 챔버 압력 mtorr 조건 보정 적용 조건 올라가다 다만 보정 키우다 모서리 영역 편차 커지다 다음 회차 온도 유지 압력 mtorr 단위 나누다 비교 현재 설다 읽다 지연 ns 평균 동작 전력 w 수준 나오다 결과 단계 구조 크게 바꾸다 배선 길이 패드 위치 조정 측정 반복 다음 검토 율과 동시 좋아지다 구간 후속 제품 조건 결정 예정 주요 항목 항목 측정 다음 비교 핵심 선폭 동일 장비 반복 측정 공정 조건 c mtorr 동작 특성 ns w 배선 패드 위치 조정 측정
hb_doc_0410.txt,1,hanbit semiconductor hb q 공정 반복 측정 메모 조직 유형 업무 검토 기록 상태 검토 진행 hb q 제품 측정값 이전 회차 비교 핵심 패턴 선폭 평균 돼다 허용 편차 범위 관리 유지 특정 구간 흔들리다 동일 장비 반복 측정 결과 묶다 재는 공정 온도 챔버 압력 mtorr 조건 보정 적용 조건 올라가다 다만 보정 키우다 모서리 영역 편차 커지다 다음 회차 온도 유지 압력 mtorr 단위 나누다 비교 현재 설다 읽다 지연 ns 평균 동작 전력 w 수준 나오다 결과 단계 구조 크게 바꾸다 배선 길이 패드 위치 조정 측정 반복 다음 검토 율과 동시 좋아지다 구간 후속 제품 조건 결정 예정 주요 항목 항목 측정 다음 비교 핵심 선폭 동일 장비 반복 측정 공정 조건 c mtorr 동작 특성 ns w 배선 패드 위치 조정 측정
hb_doc_0424.docx,1,hanbit semiconductor hb xc 패키지 설계 검토 기록 hb xc 제품 측정값 이전 회차 비교 핵심 패턴 선폭 평균 돼다 허용 편차 범위 관리 유지 특정 구간 흔들리다 동일 장비 반복 측정 결과 묶다 훈는 공정 온도 챔버 압력 mtorr 조건 보정 적용 조건 올라가다 다만 보정 키우다 모서리 영역 편차 커지다 다음 회차 온도 유지 압력 mtorr 단위 나누다 비교 현재 설다 읽다 지연 ns 평균 동작 전력 w 수준 나오다 결과 단계 구조 크게 바꾸다 배선 길이 패드 위치 조정 측정 반복 다음 검토 율과 동시 좋아지다 구간 후속 제품 조건 결정 예정 주요 항목 업무 기록 조직 유형 업무 검토 기록 상태 검토 진행 항목 측정 다음 비교 핵심 선폭 동일 장비 반복 측정 공정 조건 c mtorr 동작 특성 ns w 배선 패드 위치 조정 측정
hb_doc_0409.txt,1,hanbit semiconductor hb eu 패키지 설계 검토 기록 조직 유형 업무 검토 기록 상태 검토 진행 hb eu 제품 측정값 이전 회차 비교 핵심 패턴 선폭 평균 돼다 허용 편차 범위 관리 유지 특정 구간 흔들리다 동일 장비 반복 측정 결과 묶다 공정 온도 챔버 압력 mtorr 조건 보정 적용 조건 올라가다 다만 보정 키우다 모서리 영역 편차 커지다 다음 회차 온도 유지 압력 mtorr 단위 나누다 비교 서유 나은 현재 설다 읽다 지연 ns 평균 동작 전력 w 수준 나오다 결과 단계 구조 크게 바꾸다 배선 길이 패드 위치 조정 측정 반복 다음 검토 율과 동시 좋아지다 구간 후속 제품 조건 결정 예정 주요 항목 항목 측정 다음 비교 핵심 선폭 동일 장비 반복 측정 공정 조건 c mtorr 동작 특성 ns w 배선 패드 위치 조정 측정
hb_doc_0422.docx,1,hanbit semiconductor hb q 패키지 설계 검토 기록 hb q 제품 측정값 이전 회차 비교 핵심 패턴 선폭 평균 돼다 허용 편차 범위 관리 유지 특정 구간 흔들리다 동일 장비 반복 측정 결과 묶다 공정 온도 챔버 압력 mtorr 조건 보정 적용 조건 올라가다 다만 보정 키우다 모서리 영역 편차 커지다 다음 회차 온도 유지 압력 mtorr 단위 나누다 비교 현재 설다 읽다 지연 ns 평균 동작 전력 w 수준 나오다 결과 단계 구조 크게 바꾸다 배선 길이 패드 위치 조정 측정 반복 다음 검토 율과 동시 좋아지다 구간 후속 제품 조건 결정 예정 주요 항목 업무 기록 조직 유형 업무 검토 기록 상태 검토 진행 항목 측정 다음 비교 핵심 선폭 동일 장비 반복 측정 공정 조건 c mtorr 동작 특성 ns w 배선 패드 위치 조정 측정
hb_doc_0415.txt,1,hanbit semiconductor hb mx 개발 회차 결과 조직 유형 업무 검토 기록 상태 검토 진행 hb mx 제품 측정값 이전 회차 비교 핵심 패턴 선폭 평균 돼다 허용 편차 범위 관리 유지 특정 구간 흔들리다 동일 장비 반복 측정 결과 묶다 훈는 공정 온도 챔버 압력 mtorr 조건 보정 적용 조건 올라가다 다만 보정 키우다 모서리 영역 편차 커지다 다음 회차 온도 유지 압력 mtorr 단위 나누다 비교 현재 설다 읽다 지연 ns 평균 동작 전력 w 수준 나오다 결과 단계 구조 크게 바꾸다 배선 길이 패드 위치 조정 측정 반복 다음 검토 율과 동시 좋아지다 구간 후속 제품 조건 결정 예정 주요 항목 항목 측정 다음 비교 핵심 선폭 동일 장비 반복 측정 공정 조건 c mtorr 동작 특성 ns w 배선 패드 위치 조정 측정
hb_doc_0425.docx,1,hanbit semiconductor hb xc 소자 특성 비교 기록 hb xc 제품 측정값 이전 회차 비교 핵심 패턴 선폭 평균 돼다 허용 편차 범위 관리 유지 특정 구간 흔들리다 동일 장비 반복 측정 결과 묶다 공정 온도 챔버 압력 mtorr 조건 보정 적용 조건 올라가다 다만 보정 키우다 모서리 영역 편차 커지다 다음 회차 온도 유지 압력 mtorr 단위 나누다 비교 현재 설다 읽다 지연 ns 평균 동작 전력 w 수준 나오다 결과 단계 구조 크게 바꾸다 배선 길이 패드 위치 조정 측정 반복 다음 검토 율과 동시 좋아지다 구간 후속 제품 조건 결정 예정 주요 항목 업무 기록 조직 유형 업무 검토 기록 상태 검토 진행 항목 측정 다음 비교 핵심 선폭 동일 장비 반복 측정 공정 조건 c mtorr 동작 특성 ns w 배선 패드 위치 조정 측정
hb_doc_0423.docx,1,hanbit semiconductor hb q 마스크 조건 점검 hb q 제품 측정값 이전 회차 비교 핵심 패턴 선폭 평균 돼다 허용 편차 범위 관리 유지 특정 구간 흔들리다 동일 장비 반복 측정 결과 묶다 공정 온도 챔버 압력 mtorr 조건 보정 적용 조건 올라가다 다만 보정 키우다 모서리 영역 편차 커지다 다음 회차 온도 유지 압력 mtorr 단위 나누다 비교 재다 현재 설다 읽다 지연 ns 평균 동작 전력 w 수준 나오다 결과 단계 구조 크게 바꾸다 배선 길이 패드 위치 조정 측정 반복 다음 검토 율과 동시 좋아지다 구간 후속 제품 조건 결정 예정 주요 항목 업무 기록 조직 유형 업무 검토 기록 상태 검토 진행 항목 측정 다음 비교 핵심 선폭 동일 장비 반복 측정 공정 조건 c mtorr 동작 특성 ns w 배선 패드 위치 조정 측정
hb_doc_0389.txt,1,hanbit semiconductor hb p 패키지 설계 검토 기록 조직 유형 업무 검토 기록 상태 검토 진행 재다 hb p 제품 측정값 이전 회차 비교 핵심 패턴 선폭 평균 돼다 허용 편차 범위 관리 유지 특정 구간 흔들리다 동일 장비 반복 측정 결과 묶다 공정 온도 챔버 압력 mtorr 조건 보정 적용 조건 올라가다 다만 보정 키우다 모서리 영역 편차 커지다 다음 회차 온도 유지 압력 mtorr 단위 나누다 비교 현재 설다 읽다 지연 ns 평균 동작 전력 w 수준 나오다 결과 단계 구조 크게 바꾸다 배선 길이 패드 위치 조정 측정 반복 다음 검토 율과 동시 좋아지다 구간 후속 제품 조건 결정 예정 주요 항목 항목 측정 다음 비교 핵심 선폭 동일 장비 반복 측정 공정 조건 c mtorr 동작 특성 ns w 배선 패드 위치 조정 측정
hb_doc_0391.txt,1,hanbit semiconductor hb nv 개발 회차 결과 조직 유형 업무 검토 기록 상태 검토 진행 재다 hb nv 제품 측정값 이전 회차 비교 핵심 패턴 선폭 평균 돼다 허용 편차 범위 관리 유지 특정 구간 흔들리다 동일 장비 반복 측정 결과 묶다 공정 온도 챔버 압력 mtorr 조건 보정 적용 조건 올라가다 다만 보정 키우다 모서리 영역 편차 커지다 다음 회차 온도 유지 압력 mtorr 단위 나누다 비교 현재 설다 읽다 지연 ns 평균 동작 전력 w 수준 나오다 결과 단계 구조 크게 바꾸다 배선 길이 패드 위치 조정 측정 반복 다음 검토 율과 동시 좋아지다 구간 후속 제품 조건 결정 예정 주요 항목 항목 측정 다음 비교 핵심 선폭 동일 장비 반복 측정 공정 조건 c mtorr 동작 특성 ns w 배선 패드 위치 조정 측정
hb_doc_0414.txt,1,hanbit semiconductor hb nv 제품 측정 결과 조직 유형 업무 검토 기록 상태 검토 진행 hb nv 제품 측정값 이전 회차 비교 핵심 패턴 선폭 평균 돼다 허용 편차 범위 관리 유지 특정 구간 흔들리다 동일 장비 반복 측정 결과 묶다 서다 공정 온도 챔버 압력 mtorr 조건 보정 적용 조건 올라가다 다만 보정 키우다 모서리 영역 편차 커지다 다음 회차 온도 유지 압력 mtorr 단위 나누다 비교 현재 설다 읽다 지연 ns 평균 동작 전력 w 수준 나오다 결과 단계 구조 크게 바꾸다 배선 길이 패드 위치 조정 측정 반복 다음 검토 율과 동시 좋아지다 구간 후속 제품 조건 결정 예정 주요 항목 항목 측정 다음 비교 핵심 선폭 동일 장비 반복 측정 공정 조건 c mtorr 동작 특성 ns w 배선 패드 위치 조정 측정
hb_doc_0401.txt,1,hanbit semiconductor hb q 마스크 조건 점검 조직 유형 업무 검토 기록 상태 검토 진행 hb q 제품 측정값 이전 회차 비교 핵심 패턴 선폭 평균 돼다 허용 편차 범위 관리 유지 특정 구간 흔들리다 동일 장비 반복 측정 결과 묶다 공정 온도 챔버 압력 mtorr 조건 보정 적용 조건 올라가다 다만 보정 키우다 모서리 영역 편차 커지다 다음 회차 온도 유지 압력 mtorr 단위 나누다 비교 현재 설다 읽다 지연 ns 평균 동작 전력 w 수준 나오다 결과 단계 구조 크게 바꾸다 배선 길이 패드 위치 조정 측정 반복 다음 검토 율과 동시 좋아지다 구간 후속 제품 조건 결정 예정 주요 항목 항목 측정 다음 비교 핵심 선폭 동일 장비 반복 측정 공정 조건 c mtorr 동작 특성 ns w 배선 패드 위치 조정 측정
hb_doc_0447.pdf,1,hanbit semiconductor hb q 마스크 조건 점검 조직 유형 업무 검토 기록 상태 검토 진행 hb q 제품 측정값 이전 회차 비교 핵심 패턴 선폭 평균 돼다 허용 편차 범위 관리 유지 특정 구간 흔들리다 동일 장비 반복 측정 결과 묶다 공정 온도 챔버 압력 mtorr 조건 보정 적용 조건 올라가다 다만 보정 키우다 모서리 영역 편차 커지다 다음 회차 온도 유지 압력 mtorr 단위 나누다 비교 현재 설다 읽다 지연 ns 평균 동작 전력 w 수준 나오다 결과 단계 구조 크게 바꾸다 배선 길이 패드 위치 조정 측정 반복 다음 검토 율과 동시 좋아지다 구간 후속 제품 조건 결정 예정 주요 항목 항목 측정 다음 비교 핵심 선폭 동일 장비 반복 측정 공정 조건 c mtorr 동작 특성 ns w 배선 패드 위치 조정 측정 업무 기록
hb_doc_0428.docx,1,hanbit semiconductor hb eu 마스크 조건 점검 hb eu 제품 측정값 이전 회차 비교 핵심 패턴 선폭 평균 돼다 허용 편차 범위 관리 유지 특정 구간 흔들리다 동일 장비 반복 측정 결과 묶다 공정 온도 챔버 압력 mtorr 조건 보정 적용 조건 올라가다 다만 보정 키우다 모서리 영역 편차 커지다 다음 회차 온도 유지 압력 mtorr 단위 나누다 비교 현재 설다 읽다 지연 ns 평균 동작 전력 w 수준 나오다 결과 단계 구조 크게 바꾸다 배선 길이 패드 위치 조정 측정 반복 다음 검토 율과 동시 좋아지다 구간 후속 제품 조건 결정 예정 주요 항목 업무 기록 조직 유형 업무 검토 기록 상태 검토 진행 항목 측정 다음 비교 핵심 선폭 동일 장비 반복 측정 공정 조건 c mtorr 동작 특성 ns w 배선 패드 위치 조정 측정
hb_doc_0446.pdf,1,hanbit semiconductor hb nv 패키지 설계 검토 기록 조직 유형 업무 검토 기록 상태 검토 진행 호은 hb nv 제품 측정값 이전 회차 비교 핵심 패턴 선폭 평균 돼다 허용 편차 범위 관리 유지 특정 구간 흔들리다 동일 장비 반복 측정 결과 묶다 혁는 공정 온도 챔버 압력 mtorr 조건 보정 적용 조건 올라가다 다만 보정 키우다 모서리 영역 편차 커지다 다음 회차 온도 유지 압력 mtorr 단위 나누다 비교 현재 설다 읽다 지연 ns 평균 동작 전력 w 수준 나오다 결과 단계 구조 크게 바꾸다 배선 길이 패드 위치 조정 측정 반복 다음 검토 율과 동시 좋아지다 구간 후속 제품 조건 결정 예정 주요 항목 항목 측정 다음 비교 핵심 선폭 동일 장비 반복 측정 공정 조건 c mtorr 동작 특성 ns w 배선 패드 위치 조정 측정 업무 기록
hb_doc_0436.pdf,1,hanbit semiconductor hb eu 제품 측정 결과 조직 유형 업무 검토 기록 상태 검토 진행 hb eu 제품 측정값 이전 회차 비교 핵심 패턴 선폭 평균 돼다 허용 편차 범위 관리 유지 특정 구간 흔들리다 동일 장비 반복 측정 결과 묶다 공정 온도 챔버 압력 mtorr 조건 보정 적용 조건 올라가다 다만 보정 키우다 모서리 영역 편차 커지다 다음 회차 온도 유지 압력 mtorr 단위 나누다 비교 현재 설다 읽다 지연 ns 평균 동작 전력 w 수준 나오다 결과 단계 구조 크게 바꾸다 배선 길이 패드 위치 조정 측정 반복 다음 검토 율과 동시 좋아지다 구간 후속 제품 조건 결정 예정 주요 항목 항목 측정 다음 비교 핵심 선폭 동일 장비 반복 측정 공정 조건 c mtorr 동작 특성 ns w 배선 패드 위치 조정 측정 업무 기록
hb_doc_0449.pdf,1,hanbit semiconductor hb eu 공정 조건 비교 메모 조직 유형 업무 검토 기록 상태 검토 진행 hb eu 제품 측정값 이전 회차 비교 핵심 패턴 선폭 평균 돼다 허용 편차 범위 관리 유지 특정 구간 흔들리다 동일 장비 반복 측정 결과 묶다 윤는 공정 온도 챔버 압력 mtorr 조건 보정 적용 조건 올라가다 다만 보정 키우다 모서리 영역 편차 커지다 다음 회차 온도 유지 압력 mtorr 단위 나누다 비교 앗다 현재 설다 읽다 지연 ns 평균 동작 전력 w 수준 나오다 결과 단계 구조 크게 바꾸다 배선 길이 패드 위치 조정 측정 반복 다음 검토 율과 동시 좋아지다 구간 후속 제품 조건 결정 예정 주요 항목 항목 측정 다음 비교 핵심 선폭 동일 장비 반복 측정 공정 조건 c mtorr 동작 특성 ns w 배선 패드 위치 조정 측정 업무 기록
hb_doc_0442.pdf,1,hanbit semiconductor hb dr 공정 반복 측정 메모 조직 유형 업무 검토 기록 상태 검토 진행 재다 hb dr 제품 측정값 이전 회차 비교 핵심 패턴 선폭 평균 돼다 허용 편차 범위 관리 유지 특정 구간 흔들리다 동일 장비 반복 측정 결과 묶다 공정 온도 챔버 압력 mtorr 조건 보정 적용 조건 올라가다 다만 보정 키우다 모서리 영역 편차 커지다 다음 회차 온도 유지 압력 mtorr 단위 나누다 비교 현재 설다 읽다 지연 ns 평균 동작 전력 w 수준 나오다 결과 단계 구조 크게 바꾸다 배선 길이 패드 위치 조정 측정 반복 다음 검토 율과 동시 좋아지다 구간 후속 제품 조건 결정 예정 주요 항목 항목 측정 다음 비교 핵심 선폭 동일 장비 반복 측정 공정 조건 c mtorr 동작 특성 ns w 배선 패드 위치 조정 측정 업무 기록
hb_doc_0431.docx,1,hanbit semiconductor hb mx 패키지 설계 검토 기록 hb mx 제품 측정값 이전 회차 비교 핵심 패턴 선폭 평균 돼다 허용 편차 범위 관리 유지 특정 구간 흔들리다 동일 장비 반복 측정 결과 묶다 공정 온도 챔버 압력 mtorr 조건 보정 적용 조건 올라가다 다만 보정 키우다 모서리 영역 편차 커지다 다음 회차 온도 유지 압력 mtorr 단위 나누다 비교 현재 설다 읽다 지연 ns 평균 동작 전력 w 수준 나오다 결과 단계 구조 크게 바꾸다 배선 길이 패드 위치 조정 측정 반복 다음 검토 율과 동시 좋아지다 구간 후속 제품 조건 결정 예정 주요 항목 업무 기록 조직 유형 업무 검토 기록 상태 검토 진행 항목 측정 다음 비교 핵심 선폭 동일 장비 반복 측정 공정 조건 c mtorr 동작 특성 ns w 배선 패드 위치 조정 측정
hb_doc_0450.pdf,1,hanbit semiconductor hb nv 특성 평가 결과 조직 유형 업무 검토 기록 상태 검토 진행 hb nv 제품 측정값 이전 회차 비교 핵심 패턴 선폭 평균 돼다 허용 편차 범위 관리 유지 특정 구간 흔들리다 동일 장비 반복 측정 결과 묶다 공정 온도 챔버 압력 mtorr 조건 보정 적용 조건 올라가다 다만 보정 키우다 모서리 영역 편차 커지다 다음 회차 온도 유지 압력 mtorr 단위 나누다 비교 호은 현재 설다 읽다 지연 ns 평균 동작 전력 w 수준 나오다 결과 단계 구조 크게 바꾸다 배선 길이 패드 위치 조정 측정 반복 다음 검토 율과 동시 좋아지다 구간 후속 제품 조건 결정 예정 주요 항목 항목 측정 다음 비교 핵심 선폭 동일 장비 반복 측정 공정 조건 c mtorr 동작 특성 ns w 배선 패드 위치 조정 측정 업무 기록
hb_doc_0445.pdf,1,hanbit semiconductor hb mx 마스크 조건 점검 조직 유형 업무 검토 기록 상태 검토 진행 호은 hb mx 제품 측정값 이전 회차 비교 핵심 패턴 선폭 평균 돼다 허용 편차 범위 관리 유지 특정 구간 흔들리다 동일 장비 반복 측정 결과 묶다 공정 온도 챔버 압력 mtorr 조건 보정 적용 조건 올라가다 다만 보정 키우다 모서리 영역 편차 커지다 다음 회차 온도 유지 압력 mtorr 단위 나누다 비교 현재 설다 읽다 지연 ns 평균 동작 전력 w 수준 나오다 결과 단계 구조 크게 바꾸다 배선 길이 패드 위치 조정 측정 반복 다음 검토 율과 동시 좋아지다 구간 후속 제품 조건 결정 예정 주요 항목 항목 측정 다음 비교 핵심 선폭 동일 장비 반복 측정 공정 조건 c mtorr 동작 특성 ns w 배선 패드 위치 조정 측정 업무 기록
hb_doc_0433.docx,1,hanbit semiconductor hb eu 공정 조건 비교 메모 hb eu 제품 측정값 이전 회차 비교 핵심 패턴 선폭 평균 돼다 허용 편차 범위 관리 유지 특정 구간 흔들리다 동일 장비 반복 측정 결과 묶다 공정 온도 챔버 압력 mtorr 조건 보정 적용 조건 올라가다 다만 보정 키우다 모서리 영역 편차 커지다 다음 회차 온도 유지 압력 mtorr 단위 나누다 비교 호은 현재 설다 읽다 지연 ns 평균 동작 전력 w 수준 나오다 결과 단계 구조 크게 바꾸다 배선 길이 패드 위치 조정 측정 반복 다음 검토 율과 동시 좋아지다 구간 후속 제품 조건 결정 예정 주요 항목 업무 기록 조직 유형 업무 검토 기록 상태 검토 진행 항목 측정 다음 비교 핵심 선폭 동일 장비 반복 측정 공정 조건 c mtorr 동작 특성 ns w 배선 패드 위치 조정 측정
hb_doc_0435.docx,1,hanbit semiconductor hb nv 개발 회차 결과 hb nv 제품 측정값 이전 회차 비교 핵심 패턴 선폭 평균 돼다 허용 편차 범위 관리 유지 특정 구간 흔들리다 동일 장비 반복 측정 결과 묶다 공정 온도 챔버 압력 mtorr 조건 보정 적용 조건 올라가다 다만 보정 키우다 모서리 영역 편차 커지다 다음 회차 온도 유지 압력 mtorr 단위 나누다 비교 현재 설다 읽다 지연 ns 평균 동작 전력 w 수준 나오다 결과 단계 구조 크게 바꾸다 배선 길이 패드 위치 조정 측정 반복 다음 검토 율과 동시 좋아지다 구간 후속 제품 조건 결정 예정 주요 항목 업무 기록 조직 유형 업무 검토 기록 상태 검토 진행 항목 측정 다음 비교 핵심 선폭 동일 장비 반복 측정 공정 조건 c mtorr 동작 특성 ns w 배선 패드 위치 조정 측정
hb_doc_0429.docx,1,hanbit semiconductor hb nv 특성 평가 결과 hb nv 제품 측정값 이전 회차 비교 핵심 패턴 선폭 평균 돼다 허용 편차 범위 관리 유지 특정 구간 흔들리다 동일 장비 반복 측정 결과 묶다 공정 온도 챔버 압력 mtorr 조건 보정 적용 조건 올라가다 다만 보정 키우다 모서리 영역 편차 커지다 다음 회차 온도 유지 압력 mtorr 단위 나누다 비교 백수 앗다 현재 설다 읽다 지연 ns 평균 동작 전력 w 수준 나오다 결과 단계 구조 크게 바꾸다 배선 길이 패드 위치 조정 측정 반복 다음 검토 율과 동시 좋아지다 구간 후속 제품 조건 결정 예정 주요 항목 업무 기록 조직 유형 업무 검토 기록 상태 검토 진행 항목 측정 다음 비교 핵심 선폭 동일 장비 반복 측정 공정 조건 c mtorr 동작 특성 ns w 배선 패드 위치 조정 측정
hb_doc_0430.docx,1,hanbit semiconductor hb mx 패키지 설계 검토 기록 hb mx 제품 측정값 이전 회차 비교 핵심 패턴 선폭 평균 돼다 허용 편차 범위 관리 유지 특정 구간 흔들리다 동일 장비 반복 측정 결과 묶다 비다 공정 온도 챔버 압력 mtorr 조건 보정 적용 조건 올라가다 다만 보정 키우다 모서리 영역 편차 커지다 다음 회차 온도 유지 압력 mtorr 단위 나누다 비교 영은 현재 설다 읽다 지연 ns 평균 동작 전력 w 수준 나오다 결과 단계 구조 크게 바꾸다 배선 길이 패드 위치 조정 측정 반복 다음 검토 율과 동시 좋아지다 구간 후속 제품 조건 결정 예정 주요 항목 업무 기록 조직 유형 업무 검토 기록 상태 검토 진행 항목 측정 다음 비교 핵심 선폭 동일 장비 반복 측정 공정 조건 c mtorr 동작 특성 ns w 배선 패드 위치 조정 측정
hb_doc_0448.pdf,1,hanbit semiconductor hb mx 특성 평가 결과 조직 유형 업무 검토 기록 상태 검토 진행 hb mx 제품 측정값 이전 회차 비교 핵심 패턴 선폭 평균 돼다 허용 편차 범위 관리 유지 특정 구간 흔들리다 동일 장비 반복 측정 결과 묶다 공정 온도 챔버 압력 mtorr 조건 보정 적용 조건 올라가다 다만 보정 키우다 모서리 영역 편차 커지다 다음 회차 온도 유지 압력 mtorr 단위 나누다 비교 현재 설다 읽다 지연 ns 평균 동작 전력 w 수준 나오다 결과 단계 구조 크게 바꾸다 배선 길이 패드 위치 조정 측정 반복 다음 검토 율과 동시 좋아지다 구간 후속 제품 조건 결정 예정 주요 항목 항목 측정 다음 비교 핵심 선폭 동일 장비 반복 측정 공정 조건 c mtorr 동작 특성 ns w 배선 패드 위치 조정 측정 업무 기록
hb_doc_0427.docx,1,hanbit semiconductor hb p 공정 반복 측정 메모 앗다 hb p 제품 측정값 이전 회차 비교 핵심 패턴 선폭 평균 돼다 허용 편차 범위 관리 유지 특정 구간 흔들리다 동일 장비 반복 측정 결과 묶다 윤는 공정 온도 챔버 압력 mtorr 조건 보정 적용 조건 올라가다 다만 보정 키우다 모서리 영역 편차 커지다 다음 회차 온도 유지 압력 mtorr 단위 나누다 비교 현재 설다 읽다 지연 ns 평균 동작 전력 w 수준 나오다 결과 단계 구조 크게 바꾸다 배선 길이 패드 위치 조정 측정 반복 다음 검토 율과 동시 좋아지다 구간 후속 제품 조건 결정 예정 주요 항목 업무 기록 조직 유형 업무 검토 기록 상태 검토 진행 항목 측정 다음 비교 핵심 선폭 동일 장비 반복 측정 공정 조건 c mtorr 동작 특성 ns w 배선 패드 위치 조정 측정
hb_doc_0432.docx,1,hanbit semiconductor hb mx 개발 회차 결과 호은 hb mx 제품 측정값 이전 회차 비교 핵심 패턴 선폭 평균 돼다 허용 편차 범위 관리 유지 특정 구간 흔들리다 동일 장비 반복 측정 결과 묶다 공정 온도 챔버 압력 mtorr 조건 보정 적용 조건 올라가다 다만 보정 키우다 모서리 영역 편차 커지다 다음 회차 온도 유지 압력 mtorr 단위 나누다 비교 현재 설다 읽다 지연 ns 평균 동작 전력 w 수준 나오다 결과 단계 구조 크게 바꾸다 배선 길이 패드 위치 조정 측정 반복 다음 검토 율과 동시 좋아지다 구간 후속 제품 조건 결정 예정 주요 항목 업무 기록 조직 유형 업무 검토 기록 상태 검토 진행 항목 측정 다음 비교 핵심 선폭 동일 장비 반복 측정 공정 조건 c mtorr 동작 특성 ns w 배선 패드 위치 조정 측정
hb_doc_0439.pdf,1,hanbit semiconductor hb mx 공정 조건 비교 메모 조직 유형 업무 검토 기록 상태 검토 진행 hb mx 제품 측정값 이전 회차 비교 핵심 패턴 선폭 평균 돼다 허용 편차 범위 관리 유지 특정 구간 흔들리다 동일 장비 반복 측정 결과 묶다 윤는 공정 온도 챔버 압력 mtorr 조건 보정 적용 조건 올라가다 다만 보정 키우다 모서리 영역 편차 커지다 다음 회차 온도 유지 압력 mtorr 단위 나누다 비교 현재 설다 읽다 지연 ns 평균 동작 전력 w 수준 나오다 결과 단계 구조 크게 바꾸다 배선 길이 패드 위치 조정 측정 반복 다음 검토 율과 동시 좋아지다 구간 후속 제품 조건 결정 예정 주요 항목 항목 측정 다음 비교 핵심 선폭 동일 장비 반복 측정 공정 조건 c mtorr 동작 특성 ns w 배선 패드 위치 조정 측정 업무 기록
hb_doc_0440.pdf,1,hanbit semiconductor hb q 소자 특성 비교 기록 조직 유형 업무 검토 기록 상태 검토 진행 hb q 제품 측정값 이전 회차 비교 핵심 패턴 선폭 평균 돼다 허용 편차 범위 관리 유지 특정 구간 흔들리다 동일 장비 반복 측정 결과 묶다 공정 온도 챔버 압력 mtorr 조건 보정 적용 조건 올라가다 다만 보정 키우다 모서리 영역 편차 커지다 다음 회차 온도 유지 압력 mtorr 단위 나누다 비교 현재 설다 읽다 지연 ns 평균 동작 전력 w 수준 나오다 결과 단계 구조 크게 바꾸다 배선 길이 패드 위치 조정 측정 반복 다음 검토 율과 동시 좋아지다 구간 후속 제품 조건 결정 예정 주요 항목 항목 측정 다음 비교 핵심 선폭 동일 장비 반복 측정 공정 조건 c mtorr 동작 특성 ns w 배선 패드 위치 조정 측정 업무 기록
hb_doc_0438.pdf,1,hanbit semiconductor hb xc 공정 반복 측정 메모 조직 유형 업무 검토 기록 상태 검토 진행 hb xc 제품 측정값 이전 회차 비교 핵심 패턴 선폭 평균 돼다 허용 편차 범위 관리 유지 특정 구간 흔들리다 동일 장비 반복 측정 결과 묶다 공정 온도 챔버 압력 mtorr 조건 보정 적용 조건 올라가다 다만 보정 키우다 모서리 영역 편차 커지다 다음 회차 온도 유지 압력 mtorr 단위 나누다 비교 현재 설다 읽다 지연 ns 평균 동작 전력 w 수준 나오다 결과 단계 구조 크게 바꾸다 배선 길이 패드 위치 조정 측정 반복 다음 검토 율과 동시 좋아지다 구간 후속 제품 조건 결정 예정 주요 항목 항목 측정 다음 비교 핵심 선폭 동일 장비 반복 측정 공정 조건 c mtorr 동작 특성 ns w 배선 패드 위치 조정 측정 업무 기록
hb_doc_0441.pdf,1,hanbit semiconductor hb dr 제품 측정 결과 조직 유형 업무 검토 기록 상태 검토 진행 hb dr 제품 측정값 이전 회차 비교 핵심 패턴 선폭 평균 돼다 허용 편차 범위 관리 유지 특정 구간 흔들리다 동일 장비 반복 측정 결과 묶다 공정 온도 챔버 압력 mtorr 조건 보정 적용 조건 올라가다 다만 보정 키우다 모서리 영역 편차 커지다 다음 회차 온도 유지 압력 mtorr 단위 나누다 비교 현재 설다 읽다 지연 ns 평균 동작 전력 w 수준 나오다 결과 단계 구조 크게 바꾸다 배선 길이 패드 위치 조정 측정 반복 다음 검토 율과 동시 좋아지다 구간 후속 제품 조건 결정 예정 주요 항목 항목 측정 다음 비교 핵심 선폭 동일 장비 반복 측정 공정 조건 c mtorr 동작 특성 ns w 배선 패드 위치 조정 측정 업무 기록
hb_doc_0434.docx,1,hanbit semiconductor hb nv 마스크 조건 점검 hb nv 제품 측정값 이전 회차 비교 핵심 패턴 선폭 평균 돼다 허용 편차 범위 관리 유지 특정 구간 흔들리다 동일 장비 반복 측정 결과 묶다 공정 온도 챔버 압력 mtorr 조건 보정 적용 조건 올라가다 다만 보정 키우다 모서리 영역 편차 커지다 다음 회차 온도 유지 압력 mtorr 단위 나누다 비교 현재 설다 읽다 지연 ns 평균 동작 전력 w 수준 나오다 결과 단계 구조 크게 바꾸다 배선 길이 패드 위치 조정 측정 반복 다음 검토 율과 동시 좋아지다 구간 후속 제품 조건 결정 예정 주요 항목 업무 기록 조직 유형 업무 검토 기록 상태 검토 진행 항목 측정 다음 비교 핵심 선폭 동일 장비 반복 측정 공정 조건 c mtorr 동작 특성 ns w 배선 패드 위치 조정 측정
hb_doc_0426.docx,1,hanbit semiconductor hb nv 특성 평가 결과 hb nv 제품 측정값 이전 회차 비교 핵심 패턴 선폭 평균 돼다 허용 편차 범위 관리 유지 특정 구간 흔들리다 동일 장비 반복 측정 결과 묶다 공정 온도 챔버 압력 mtorr 조건 보정 적용 조건 올라가다 다만 보정 키우다 모서리 영역 편차 커지다 다음 회차 온도 유지 압력 mtorr 단위 나누다 비교 현재 설다 읽다 지연 ns 평균 동작 전력 w 수준 나오다 결과 단계 구조 크게 바꾸다 배선 길이 패드 위치 조정 측정 반복 다음 검토 율과 동시 좋아지다 구간 후속 제품 조건 결정 예정 주요 항목 업무 기록 조직 유형 업무 검토 기록 상태 검토 진행 항목 측정 다음 비교 핵심 선폭 동일 장비 반복 측정 공정 조건 c mtorr 동작 특성 ns w 배선 패드 위치 조정 측정
hb_doc_0437.pdf,1,hanbit semiconductor hb mx 제품 측정 결과 조직 유형 업무 검토 기록 상태 검토 진행 hb mx 제품 측정값 이전 회차 비교 핵심 패턴 선폭 평균 돼다 허용 편차 범위 관리 유지 특정 구간 흔들리다 동일 장비 반복 측정 결과 묶다 공정 온도 챔버 압력 mtorr 조건 보정 적용 조건 올라가다 다만 보정 키우다 모서리 영역 편차 커지다 다음 회차 온도 유지 압력 mtorr 단위 나누다 비교 현재 설다 읽다 지연 ns 평균 동작 전력 w 수준 나오다 결과 단계 구조 크게 바꾸다 배선 길이 패드 위치 조정 측정 반복 다음 검토 율과 동시 좋아지다 구간 후속 제품 조건 결정 예정 주요 항목 항목 측정 다음 비교 핵심 선폭 동일 장비 반복 측정 공정 조건 c mtorr 동작 특성 ns w 배선 패드 위치 조정 측정 업무 기록
hb_doc_0443.pdf,1,hanbit semiconductor hb mx 소자 특성 비교 기록 조직 유형 업무 검토 기록 상태 검토 진행 hb mx 제품 측정값 이전 회차 비교 핵심 패턴 선폭 평균 돼다 허용 편차 범위 관리 유지 특정 구간 흔들리다 동일 장비 반복 측정 결과 묶다 지다 공정 온도 챔버 압력 mtorr 조건 보정 적용 조건 올라가다 다만 보정 키우다 모서리 영역 편차 커지다 다음 회차 온도 유지 압력 mtorr 단위 나누다 비교 현재 설다 읽다 지연 ns 평균 동작 전력 w 수준 나오다 결과 단계 구조 크게 바꾸다 배선 길이 패드 위치 조정 측정 반복 다음 검토 율과 동시 좋아지다 구간 후속 제품 조건 결정 예정 주요 항목 항목 측정 다음 비교 핵심 선폭 동일 장비 반복 측정 공정 조건 c mtorr 동작 특성 ns w 배선 패드 위치 조정 측정 업무 기록
hb_doc_0444.pdf,1,hanbit semiconductor hb mx 개발 회차 결과 조직 유형 업무 검토 기록 상태 검토 진행 영은 hb mx 제품 측정값 이전 회차 비교 핵심 패턴 선폭 평균 돼다 허용 편차 범위 관리 유지 특정 구간 흔들리다 동일 장비 반복 측정 결과 묶다 공정 온도 챔버 압력 mtorr 조건 보정 적용 조건 올라가다 다만 보정 키우다 모서리 영역 편차 커지다 다음 회차 온도 유지 압력 mtorr 단위 나누다 비교 현재 설다 읽다 지연 ns 평균 동작 전력 w 수준 나오다 결과 단계 구조 크게 바꾸다 배선 길이 패드 위치 조정 측정 반복 다음 검토 율과 동시 좋아지다 구간 후속 제품 조건 결정 예정 주요 항목 항목 측정 다음 비교 핵심 선폭 동일 장비 반복 측정 공정 조건 c mtorr 동작 특성 ns w 배선 패드 위치 조정 측정 업무 기록
design_hanbit_doc_010.pdf,1,공정 개선 실험 hanbit semiconductor 내부 업무 검토 장소 서관 프로젝트 범위 설계 연구 검토 자료 안과 공정 개선 실험 최근 결과 서다 윤는 측정 조건 이전 회차 동일하다 후속 검증 비교 항목 추가 회차 내부 결과 다음 실험 로트 조정 목표 결함 밀도 cm 낮아지다 올라가다 결과 양산 확정 아니다 후보 조건 줄이다 사용 외부 발표 자료 해당 수치 조건 포함 동일 조건 반복 측정 진행 장비 편차 결과 영향 정액 농도 온도 조건 고정 상태 반복 검증 다음 설계 리뷰 현재 후보 조건 블록 미치다 영향 항목 항목 현재 상태 다음 조치 핵심 조건 후보 범위 축소 반복 측정 변동성 장비 비교 원인 구간 분리 후속 검증 시험 항목 정의 리뷰 결과 취합
design_hanbit_doc_002.txt,1,차세대 구조 실험 hanbit semiconductor 내부 업무 서관 프로젝트 차세대 구조 실험 최근 결과 지다 측정 조건 이전 회차 동일하다 후속 검증 비교 항목 추가 회차 내부 결과 다음 피치 조건 누설 전류 대비 낮아지다 조합 게이트 길이 조건 우선 후보 남기다 결과 양산 확정 아니다 후보 조건 줄이다 사용 외부 발표 자료 해당 수치 조건 포함 동일 조건 반복 측정 진행 장비 편차 결과 영향 온도 코너 특성 추가 측정 후보 조건 좁히다 다음 설계 리뷰 현재 후보 조건 블록 미치다 영향 항목 핵심 조건 후보 범위 축소 반복 측정 변동성 장비 비교 원인 구간 분리 후속 검증 시험 항목 정의 리뷰 결과 취합
design_hanbit_doc_009.docx,1,패키지 저항 개선 hanbit semiconductor 내부 업무 연가 패키지 저항 개선 최근 결과 측정 조건 이전 회차 동일하다 안다 후속 검증 비교 항목 추가 회차 내부 결과 다음 tim 두께 m m 줄이다 저항 k w 감소 결과 결과 양산 확정 아니다 후보 조건 줄이다 사용 외부 발표 자료 해당 수치 조건 포함 동일 조건 반복 측정 진행 장비 편차 결과 영향 뒤틀리다 증가 여부 조건 신뢰 시험 진행 다음 설계 리뷰 현재 후보 조건 블록 미치다 영향 항목 검토 장소 구동 회의실 범위 설계 연구 검토 자료 항목 현재 상태 다음 조치 핵심 조건 후보 범위 축소 반복 측정 변동성 장비 비교 원인 구간 분리 후속 검증 시험 항목 정의 리뷰 결과 취합
design_hanbit_doc_006.txt,1,신뢰 가속 시험 결과 hanbit semiconductor 내부 업무 서관 프로젝트 진가 신뢰 가속 시험 결과 최근 결과 측정 조건 이전 회차 동일하다 후속 검증 비교 항목 추가 회차 내부 결과 다음 조건 가속 샘플 임계 변화 나타나다 수정 구조 동일 조건 결과 양산 확정 아니다 후보 조건 줄이다 사용 외부 발표 자료 해당 수치 조건 포함 동일 조건 반복 측정 진행 장비 편차 결과 영향 원인 구간 분리 금속 배선 조건 달리 추가 샘플 투입 다음 설계 리뷰 현재 후보 조건 블록 미치다 영향 항목 핵심 조건 후보 범위 축소 반복 측정 변동성 장비 비교 원인 구간 분리 후속 검증 시험 항목 정의 리뷰 결과 취합
design_hanbit_doc_001.txt,1,hbx 마스크 조건 검토 hanbit semiconductor 내부 업무 구동 회의실 hbx 마스크 조건 검토 최근 결과 윤는 측정 조건 이전 회차 동일하다 후속 검증 비교 항목 추가 회차 내부 결과 다음 검토 m 레이어 목표 선폭 광량 mj cm 부근 cd 편차 가장 작다 나타나다 결과 양산 확정 아니다 후보 조건 줄이다 사용 외부 발표 자료 해당 수치 조건 포함 동일 조건 반복 측정 진행 장비 편차 결과 영향 다음 회차 focus m 부터 m 구간 세분 화해 측정 다음 설계 리뷰 현재 후보 조건 블록 미치다 영향 항목 핵심 조건 후보 범위 축소 반복 측정 변동성 장비 비교 원인 구간 분리 후속 검증 시험 항목 정의 리뷰 결과 취합
design_hanbit_doc_007.txt,1,hbx 마스크 조건 검토 hanbit semiconductor 내부 업무 본관 회의실 hbx 마스크 조건 검토 최근 결과 측정 조건 이전 회차 동일하다 훈는 후속 검증 비교 항목 추가 회차 내부 결과 다음 검토 m 레이어 목표 선폭 광량 mj cm 부근 cd 편차 가장 작다 나타나다 결과 양산 확정 아니다 후보 조건 줄이다 사용 외부 발표 자료 해당 수치 조건 포함 동일 조건 반복 측정 진행 장비 편차 결과 영향 다음 회차 focus m 부터 m 구간 세분 화해 측정 다음 설계 리뷰 현재 후보 조건 블록 미치다 영향 항목 핵심 조건 후보 범위 축소 반복 측정 변동성 장비 비교 원인 구간 분리 후속 검증 시험 항목 정의 리뷰 결과 취합
design_hanbit_doc_003.txt,1,패키지 저항 개선 hanbit semiconductor 내부 업무 본관 회의실 서다 패키지 저항 개선 최근 결과 지다 측정 조건 이전 회차 동일하다 후속 검증 비교 항목 추가 회차 내부 결과 다음 tim 두께 m m 줄이다 저항 k w 감소 결과 결과 양산 확정 아니다 후보 조건 줄이다 사용 외부 발표 자료 해당 수치 조건 포함 동일 조건 반복 측정 진행 장비 편차 결과 영향 뒤틀리다 증가 여부 조건 신뢰 시험 진행 다음 설계 리뷰 현재 후보 조건 블록 미치다 영향 항목 핵심 조건 후보 범위 축소 반복 측정 변동성 장비 비교 원인 구간 분리 후속 검증 시험 항목 정의 리뷰 결과 취합
design_hanbit_doc_008.txt,1,차세대 구조 실험 hanbit semiconductor 내부 업무 본관 협업 차세대 구조 실험 최근 결과 울다 측정 조건 이전 회차 동일하다 후속 검증 비교 항목 추가 회차 내부 결과 다음 피치 조건 누설 전류 대비 낮아지다 조합 게이트 길이 조건 우선 후보 남기다 결과 양산 확정 아니다 후보 조건 줄이다 사용 외부 발표 자료 해당 수치 조건 포함 동일 조건 반복 측정 진행 장비 편차 결과 영향 온도 코너 특성 추가 측정 후보 조건 좁히다 다음 설계 리뷰 현재 후보 조건 블록 미치다 영향 항목 핵심 조건 후보 범위 축소 반복 측정 변동성 장비 비교 원인 구간 분리 후속 검증 시험 항목 정의 리뷰 결과 취합
design_hanbit_doc_004.txt,1,공정 개선 실험 hanbit semiconductor 내부 업무 본관 협업 아가 공정 개선 실험 최근 결과 훈는 측정 조건 이전 회차 동일하다 후속 검증 비교 항목 추가 회차 내부 결과 다음 실험 로트 조정 목표 결함 밀도 cm 낮아지다 올라가다 결과 양산 확정 아니다 후보 조건 줄이다 사용 외부 발표 자료 해당 수치 조건 포함 동일 조건 반복 측정 진행 장비 편차 결과 영향 정액 농도 온도 조건 고정 상태 반복 검증 다음 설계 리뷰 현재 후보 조건 블록 미치다 영향 항목 핵심 조건 후보 범위 축소 반복 측정 변동성 장비 비교 원인 구간 분리 후속 검증 시험 항목 정의 리뷰 결과 취합
design_hanbit_doc_005.txt,1,신규 회로 타이밍 검증 hanbit semiconductor 내부 업무 구동 회의실 진가 신규 회로 타이밍 검증 최근 결과 측정 조건 이전 회차 동일하다 후속 검증 비교 항목 추가 회차 내부 결과 다음 내부 크다 경로 setup margin ps 확보 버전 우선 두다 전압 v 조건 hold 여유 추가 결과 양산 확정 아니다 후보 조건 줄이다 사용 외부 발표 자료 해당 수치 조건 포함 동일 조건 반복 측정 진행 장비 편차 결과 영향 pvt 코너 시뮬레이션 마치다 레이아웃 수정 범위 확정 다음 설계 리뷰 현재 후보 조건 블록 미치다 영향 항목 핵심 조건 후보 범위 축소 반복 측정 변동성 장비 비교 원인 구간 분리 후속 검증 시험 항목 정의 리뷰 결과 취합
design_hanbit_doc_011.txt,1,신뢰 가속 시험 결과 hanbit semiconductor 내부 업무 본관 회의실 신뢰 가속 시험 결과 최근 결과 측정 조건 이전 회차 동일하다 지다 후속 검증 비교 항목 추가 회차 내부 결과 다음 조건 가속 샘플 임계 변화 나타나다 수정 구조 동일 조건 결과 양산 확정 아니다 후보 조건 줄이다 사용 외부 발표 자료 해당 수치 조건 포함 동일 조건 반복 측정 진행 장비 편차 결과 영향 원인 구간 분리 금속 배선 조건 달리 추가 샘플 투입 다음 설계 리뷰 현재 후보 조건 블록 미치다 영향 항목 핵심 조건 후보 범위 축소 반복 측정 변동성 장비 비교 원인 구간 분리 후속 검증 시험 항목 정의 리뷰 결과 취합
design_hanbit_doc_012.txt,1,hbx 마스크 조건 검토 hanbit semiconductor 내부 업무 본관 협업 진과 hbx 마스크 조건 검토 최근 결과 윤는 측정 조건 이전 회차 동일하다 후속 검증 비교 항목 추가 회차 내부 결과 다음 검토 m 레이어 목표 선폭 광량 mj cm 부근 cd 편차 가장 작다 나타나다 결과 양산 확정 아니다 후보 조건 줄이다 사용 외부 발표 자료 해당 수치 조건 포함 동일 조건 반복 측정 진행 장비 편차 결과 영향 다음 회차 focus m 부터 m 구간 세분 화해 측정 다음 설계 리뷰 현재 후보 조건 블록 미치다 영향 항목 핵심 조건 후보 범위 축소 반복 측정 변동성 장비 비교 원인 구간 분리 후속 검증 시험 항목 정의 리뷰 결과 취합
design_hanbit_doc_042.txt,1,공정 개선 실험 hanbit semiconductor 내부 업무 서관 프로젝트 공정 개선 실험 최근 결과 지다 측정 조건 이전 회차 동일하다 후속 검증 비교 항목 추가 회차 내부 결과 다음 실험 로트 조정 목표 결함 밀도 cm 낮아지다 올라가다 결과 양산 확정 아니다 후보 조건 줄이다 사용 외부 발표 자료 해당 수치 조건 포함 동일 조건 반복 측정 진행 장비 편차 결과 영향 정액 농도 온도 조건 고정 상태 반복 검증 다음 설계 리뷰 현재 후보 조건 블록 미치다 영향 항목 핵심 조건 후보 범위 축소 반복 측정 변동성 장비 비교 원인 구간 분리 후속 검증 시험 항목 정의 리뷰 결과 취합
design_hanbit_doc_015.txt,1,공정 개선 실험 hanbit semiconductor 내부 업무 본관 회의실 민가 공정 개선 실험 최근 결과 울다 측정 조건 이전 회차 동일하다 지다 후속 검증 비교 항목 추가 회차 내부 결과 다음 실험 로트 조정 목표 결함 밀도 cm 낮아지다 올라가다 결과 양산 확정 아니다 후보 조건 줄이다 사용 외부 발표 자료 해당 수치 조건 포함 동일 조건 반복 측정 진행 장비 편차 결과 영향 정액 농도 온도 조건 고정 상태 반복 검증 다음 설계 리뷰 현재 후보 조건 블록 미치다 영향 항목 핵심 조건 후보 범위 축소 반복 측정 변동성 장비 비교 원인 구간 분리 후속 검증 시험 항목 정의 리뷰 결과 취합
design_hanbit_doc_033.txt,1,신뢰 가속 시험 결과 hanbit semiconductor 내부 업무 구동 회의실 진과 현가 신뢰 가속 시험 결과 최근 결과 측정 조건 이전 회차 동일하다 후속 검증 비교 항목 추가 회차 내부 결과 다음 조건 가속 샘플 임계 변화 나타나다 수정 구조 동일 조건 결과 양산 확정 아니다 후보 조건 줄이다 사용 외부 발표 자료 해당 수치 조건 포함 동일 조건 반복 측정 진행 장비 편차 결과 영향 원인 구간 분리 금속 배선 조건 달리 추가 샘플 투입 다음 설계 리뷰 현재 후보 조건 블록 미치다 영향 항목 핵심 조건 후보 범위 축소 반복 측정 변동성 장비 비교 원인 구간 분리 후속 검증 시험 항목 정의 리뷰 결과 취합
design_hanbit_doc_013.txt,1,차세대 구조 실험 hanbit semiconductor 내부 업무 구동 회의실 차세대 구조 실험 최근 결과 윤는 측정 조건 이전 회차 동일하다 후속 검증 비교 항목 추가 회차 내부 결과 다음 피치 조건 누설 전류 대비 낮아지다 조합 게이트 길이 조건 우선 후보 남기다 결과 양산 확정 아니다 후보 조건 줄이다 사용 외부 발표 자료 해당 수치 조건 포함 동일 조건 반복 측정 진행 장비 편차 결과 영향 온도 코너 특성 추가 측정 후보 조건 좁히다 다음 설계 리뷰 현재 후보 조건 블록 미치다 영향 항목 핵심 조건 후보 범위 축소 반복 측정 변동성 장비 비교 원인 구간 분리 후속 검증 시험 항목 정의 리뷰 결과 취합
design_hanbit_doc_016.txt,1,신규 회로 타이밍 검증 hanbit semiconductor 내부 업무 본관 협업 진과 신규 회로 타이밍 검증 최근 결과 서다 재는 측정 조건 이전 회차 동일하다 지다 후속 검증 비교 항목 추가 회차 내부 결과 다음 내부 크다 경로 setup margin ps 확보 버전 우선 두다 전압 v 조건 hold 여유 추가 결과 양산 확정 아니다 후보 조건 줄이다 사용 외부 발표 자료 해당 수치 조건 포함 동일 조건 반복 측정 진행 장비 편차 결과 영향 pvt 코너 시뮬레이션 마치다 레이아웃 수정 범위 확정 다음 설계 리뷰 현재 후보 조건 블록 미치다 영향 항목 핵심 조건 후보 범위 축소 반복 측정 변동성 장비 비교 원인 구간 분리 후속 검증 시험 항목 정의 리뷰 결과 취합
design_hanbit_doc_041.txt,1,패키지 저항 개선 hanbit semiconductor 내부 업무 구동 회의실 패키지 저항 개선 최근 결과 윤는 측정 조건 이전 회차 동일하다 후속 검증 비교 항목 추가 회차 내부 결과 다음 tim 두께 m m 줄이다 저항 k w 감소 결과 결과 양산 확정 아니다 후보 조건 줄이다 사용 외부 발표 자료 해당 수치 조건 포함 동일 조건 반복 측정 진행 장비 편차 결과 영향 뒤틀리다 증가 여부 조건 신뢰 시험 진행 다음 설계 리뷰 현재 후보 조건 블록 미치다 영향 항목 핵심 조건 후보 범위 축소 반복 측정 변동성 장비 비교 원인 구간 분리 후속 검증 시험 항목 정의 리뷰 결과 취합
design_hanbit_doc_039.docx,1,신뢰 가속 시험 결과 hanbit semiconductor 내부 업무 신뢰 가속 시험 결과 최근 결과 측정 조건 이전 회차 동일하다 후속 검증 비교 항목 추가 회차 내부 결과 다음 조건 가속 샘플 임계 변화 나타나다 수정 구조 동일 조건 결과 양산 확정 아니다 후보 조건 줄이다 사용 외부 발표 자료 해당 수치 조건 포함 동일 조건 반복 측정 진행 장비 편차 결과 영향 원인 구간 분리 금속 배선 조건 달리 추가 샘플 투입 다음 설계 리뷰 현재 후보 조건 블록 미치다 영향 항목 검토 장소 본관 회의실 범위 설계 연구 검토 자료 항목 현재 상태 다음 조치 핵심 조건 후보 범위 축소 반복 측정 변동성 장비 비교 원인 구간 분리 후속 검증 시험 항목 정의 리뷰 결과 취합
design_hanbit_doc_023.txt,1,hbx 마스크 조건 검토 hanbit semiconductor 내부 업무 본관 회의실 지안 hbx 마스크 조건 검토 최근 결과 측정 조건 이전 회차 동일하다 서다 윤는 후속 검증 비교 항목 추가 회차 내부 결과 다음 검토 m 레이어 목표 선폭 광량 mj cm 부근 cd 편차 가장 작다 나타나다 결과 양산 확정 아니다 후보 조건 줄이다 사용 외부 발표 자료 해당 수치 조건 포함 동일 조건 반복 측정 진행 장비 편차 결과 영향 다음 회차 focus m 부터 m 구간 세분 화해 측정 다음 설계 리뷰 현재 후보 조건 블록 미치다 영향 항목 핵심 조건 후보 범위 축소 반복 측정 변동성 장비 비교 원인 구간 분리 후속 검증 시험 항목 정의 리뷰 결과 취합
design_hanbit_doc_032.txt,1,신규 회로 타이밍 검증 hanbit semiconductor 내부 업무 본관 협업 진과 신규 회로 타이밍 검증 최근 결과 측정 조건 이전 회차 동일하다 지다 후속 검증 비교 항목 추가 회차 내부 결과 다음 내부 크다 경로 setup margin ps 확보 버전 우선 두다 전압 v 조건 hold 여유 추가 결과 양산 확정 아니다 후보 조건 줄이다 사용 외부 발표 자료 해당 수치 조건 포함 동일 조건 반복 측정 진행 장비 편차 결과 영향 pvt 코너 시뮬레이션 마치다 레이아웃 수정 범위 확정 다음 설계 리뷰 현재 후보 조건 블록 미치다 영향 항목 핵심 조건 후보 범위 축소 반복 측정 변동성 장비 비교 원인 구간 분리 후속 검증 시험 항목 정의 리뷰 결과 취합
design_hanbit_doc_028.txt,1,신뢰 가속 시험 결과 hanbit semiconductor 내부 업무 본관 협업 신뢰 가속 시험 결과 최근 결과 측정 조건 이전 회차 동일하다 울다 후속 검증 비교 항목 추가 회차 내부 결과 다음 조건 가속 샘플 임계 변화 나타나다 수정 구조 동일 조건 결과 양산 확정 아니다 후보 조건 줄이다 사용 외부 발표 자료 해당 수치 조건 포함 동일 조건 반복 측정 진행 장비 편차 결과 영향 원인 구간 분리 금속 배선 조건 달리 추가 샘플 투입 다음 설계 리뷰 현재 후보 조건 블록 미치다 영향 항목 핵심 조건 후보 범위 축소 반복 측정 변동성 장비 비교 원인 구간 분리 후속 검증 시험 항목 정의 리뷰 결과 취합
design_hanbit_doc_024.txt,1,차세대 구조 실험 hanbit semiconductor 내부 업무 본관 협업 서다 차세대 구조 실험 최근 결과 측정 조건 이전 회차 동일하다 후속 검증 비교 항목 추가 회차 내부 결과 다음 피치 조건 누설 전류 대비 낮아지다 조합 게이트 길이 조건 우선 후보 남기다 결과 양산 확정 아니다 후보 조건 줄이다 사용 외부 발표 자료 해당 수치 조건 포함 동일 조건 반복 측정 진행 장비 편차 결과 영향 온도 코너 특성 추가 측정 후보 조건 좁히다 다음 설계 리뷰 현재 후보 조건 블록 미치다 영향 항목 핵심 조건 후보 범위 축소 반복 측정 변동성 장비 비교 원인 구간 분리 후속 검증 시험 항목 정의 리뷰 결과 취합
design_hanbit_doc_017.txt,1,신뢰 가속 시험 결과 hanbit semiconductor 내부 업무 구동 회의실 진과 호가 신뢰 가속 시험 결과 최근 결과 측정 조건 이전 회차 동일하다 훈는 후속 검증 비교 항목 추가 회차 내부 결과 다음 조건 가속 샘플 임계 변화 나타나다 수정 구조 동일 조건 결과 양산 확정 아니다 후보 조건 줄이다 사용 외부 발표 자료 해당 수치 조건 포함 동일 조건 반복 측정 진행 장비 편차 결과 영향 원인 구간 분리 금속 배선 조건 달리 추가 샘플 투입 다음 설계 리뷰 현재 후보 조건 블록 미치다 영향 항목 핵심 조건 후보 범위 축소 반복 측정 변동성 장비 비교 원인 구간 분리 후속 검증 시험 항목 정의 리뷰 결과 취합
design_hanbit_doc_025.txt,1,패키지 저항 개선 hanbit semiconductor 내부 업무 구동 회의실 진가 패키지 저항 개선 최근 결과 측정 조건 이전 회차 동일하다 윤는 후속 검증 비교 항목 추가 회차 내부 결과 다음 tim 두께 m m 줄이다 저항 k w 감소 결과 결과 양산 확정 아니다 후보 조건 줄이다 사용 외부 발표 자료 해당 수치 조건 포함 동일 조건 반복 측정 진행 장비 편차 결과 영향 뒤틀리다 증가 여부 조건 신뢰 시험 진행 다음 설계 리뷰 현재 후보 조건 블록 미치다 영향 항목 핵심 조건 후보 범위 축소 반복 측정 변동성 장비 비교 원인 구간 분리 후속 검증 시험 항목 정의 리뷰 결과 취합
design_hanbit_doc_022.txt,1,신뢰 가속 시험 결과 hanbit semiconductor 내부 업무 서관 프로젝트 민가 신뢰 가속 시험 결과 최근 결과 측정 조건 이전 회차 동일하다 후속 검증 비교 항목 추가 회차 내부 결과 다음 조건 가속 샘플 임계 변화 나타나다 수정 구조 동일 조건 결과 양산 확정 아니다 후보 조건 줄이다 사용 외부 발표 자료 해당 수치 조건 포함 동일 조건 반복 측정 진행 장비 편차 결과 영향 원인 구간 분리 금속 배선 조건 달리 추가 샘플 투입 다음 설계 리뷰 현재 후보 조건 블록 미치다 영향 항목 핵심 조건 후보 범위 축소 반복 측정 변동성 장비 비교 원인 구간 분리 후속 검증 시험 항목 정의 리뷰 결과 취합
design_hanbit_doc_036.txt,1,패키지 저항 개선 hanbit semiconductor 내부 업무 본관 협업 패키지 저항 개선 최근 결과 측정 조건 이전 회차 동일하다 도경 후속 검증 비교 항목 추가 회차 내부 결과 다음 tim 두께 m m 줄이다 저항 k w 감소 결과 결과 양산 확정 아니다 후보 조건 줄이다 사용 외부 발표 자료 해당 수치 조건 포함 동일 조건 반복 측정 진행 장비 편차 결과 영향 뒤틀리다 증가 여부 조건 신뢰 시험 진행 다음 설계 리뷰 현재 후보 조건 블록 미치다 영향 항목 핵심 조건 후보 범위 축소 반복 측정 변동성 장비 비교 원인 구간 분리 후속 검증 시험 항목 정의 리뷰 결과 취합
design_hanbit_doc_047.txt,1,패키지 저항 개선 hanbit semiconductor 내부 업무 본관 회의실 패키지 저항 개선 최근 결과 측정 조건 이전 회차 동일하다 훈는 후속 검증 비교 항목 추가 회차 내부 결과 다음 tim 두께 m m 줄이다 저항 k w 감소 결과 결과 양산 확정 아니다 후보 조건 줄이다 사용 외부 발표 자료 해당 수치 조건 포함 동일 조건 반복 측정 진행 장비 편차 결과 영향 뒤틀리다 증가 여부 조건 신뢰 시험 진행 다음 설계 리뷰 현재 후보 조건 블록 미치다 영향 항목 핵심 조건 후보 범위 축소 반복 측정 변동성 장비 비교 원인 구간 분리 후속 검증 시험 항목 정의 리뷰 결과 취합
design_hanbit_doc_027.txt,1,신규 회로 타이밍 검증 hanbit semiconductor 내부 업무 본관 회의실 준가 신규 회로 타이밍 검증 최근 결과 측정 조건 이전 회차 동일하다 후속 검증 비교 항목 추가 회차 내부 결과 다음 내부 크다 경로 setup margin ps 확보 버전 우선 두다 전압 v 조건 hold 여유 추가 결과 양산 확정 아니다 후보 조건 줄이다 사용 외부 발표 자료 해당 수치 조건 포함 동일 조건 반복 측정 진행 장비 편차 결과 영향 pvt 코너 시뮬레이션 마치다 레이아웃 수정 범위 확정 다음 설계 리뷰 현재 후보 조건 블록 미치다 영향 항목 핵심 조건 후보 범위 축소 반복 측정 변동성 장비 비교 원인 구간 분리 후속 검증 시험 항목 정의 리뷰 결과 취합
design_hanbit_doc_037.txt,1,공정 개선 실험 hanbit semiconductor 내부 업무 구동 회의실 경과 서다 공정 개선 실험 최근 결과 측정 조건 이전 회차 동일하다 후속 검증 비교 항목 추가 회차 내부 결과 다음 실험 로트 조정 목표 결함 밀도 cm 낮아지다 올라가다 결과 양산 확정 아니다 후보 조건 줄이다 사용 외부 발표 자료 해당 수치 조건 포함 동일 조건 반복 측정 진행 장비 편차 결과 영향 정액 농도 온도 조건 고정 상태 반복 검증 다음 설계 리뷰 현재 후보 조건 블록 미치다 영향 항목 핵심 조건 후보 범위 축소 반복 측정 변동성 장비 비교 원인 구간 분리 후속 검증 시험 항목 정의 리뷰 결과 취합
design_hanbit_doc_043.txt,1,신규 회로 타이밍 검증 hanbit semiconductor 내부 업무 본관 회의실 서다 신규 회로 타이밍 검증 최근 결과 지다 측정 조건 이전 회차 동일하다 후속 검증 비교 항목 추가 회차 내부 결과 다음 내부 크다 경로 setup margin ps 확보 버전 우선 두다 전압 v 조건 hold 여유 추가 결과 양산 확정 아니다 후보 조건 줄이다 사용 외부 발표 자료 해당 수치 조건 포함 동일 조건 반복 측정 진행 장비 편차 결과 영향 pvt 코너 시뮬레이션 마치다 레이아웃 수정 범위 확정 다음 설계 리뷰 현재 후보 조건 블록 미치다 영향 항목 핵심 조건 후보 범위 축소 반복 측정 변동성 장비 비교 원인 구간 분리 후속 검증 시험 항목 정의 리뷰 결과 취합
design_hanbit_doc_026.txt,1,공정 개선 실험 hanbit semiconductor 내부 업무 서관 프로젝트 연가 공정 개선 실험 최근 결과 측정 조건 이전 회차 동일하다 윤는 후속 검증 비교 항목 추가 회차 내부 결과 다음 실험 로트 조정 목표 결함 밀도 cm 낮아지다 올라가다 결과 양산 확정 아니다 후보 조건 줄이다 사용 외부 발표 자료 해당 수치 조건 포함 동일 조건 반복 측정 진행 장비 편차 결과 영향 정액 농도 온도 조건 고정 상태 반복 검증 다음 설계 리뷰 현재 후보 조건 블록 미치다 영향 항목 핵심 조건 후보 범위 축소 반복 측정 변동성 장비 비교 원인 구간 분리 후속 검증 시험 항목 정의 리뷰 결과 취합
design_hanbit_doc_030.pdf,1,차세대 구조 실험 hanbit semiconductor 내부 업무 검토 장소 서관 프로젝트 범위 설계 연구 검토 자료 서다 진가 차세대 구조 실험 최근 결과 측정 조건 이전 회차 동일하다 후속 검증 비교 항목 추가 회차 내부 결과 다음 피치 조건 누설 전류 대비 낮아지다 조합 게이트 길이 조건 우선 후보 남기다 결과 양산 확정 아니다 후보 조건 줄이다 사용 외부 발표 자료 해당 수치 조건 포함 동일 조건 반복 측정 진행 장비 편차 결과 영향 온도 코너 특성 추가 측정 후보 조건 좁히다 다음 설계 리뷰 현재 후보 조건 블록 미치다 영향 항목 항목 현재 상태 다음 조치 핵심 조건 후보 범위 축소 반복 측정 변동성 장비 비교 원인 구간 분리 후속 검증 시험 항목 정의 리뷰 결과 취합
design_hanbit_doc_038.txt,1,신규 회로 타이밍 검증 hanbit semiconductor 내부 업무 서관 프로젝트 준가 신규 회로 타이밍 검증 최근 결과 지다 측정 조건 이전 회차 동일하다 후속 검증 비교 항목 추가 회차 내부 결과 다음 내부 크다 경로 setup margin ps 확보 버전 우선 두다 전압 v 조건 hold 여유 추가 결과 양산 확정 아니다 후보 조건 줄이다 사용 외부 발표 자료 해당 수치 조건 포함 동일 조건 반복 측정 진행 장비 편차 결과 영향 pvt 코너 시뮬레이션 마치다 레이아웃 수정 범위 확정 다음 설계 리뷰 현재 후보 조건 블록 미치다 영향 항목 핵심 조건 후보 범위 축소 반복 측정 변동성 장비 비교 원인 구간 분리 후속 검증 시험 항목 정의 리뷰 결과 취합
design_hanbit_doc_044.txt,1,신뢰 가속 시험 결과 hanbit semiconductor 내부 업무 본관 협업 신뢰 가속 시험 결과 최근 결과 훈는 측정 조건 이전 회차 동일하다 후속 검증 비교 항목 추가 회차 내부 결과 다음 조건 가속 샘플 임계 변화 나타나다 수정 구조 동일 조건 결과 양산 확정 아니다 후보 조건 줄이다 사용 외부 발표 자료 해당 수치 조건 포함 동일 조건 반복 측정 진행 장비 편차 결과 영향 원인 구간 분리 금속 배선 조건 달리 추가 샘플 투입 다음 설계 리뷰 현재 후보 조건 블록 미치다 영향 항목 핵심 조건 후보 범위 축소 반복 측정 변동성 장비 비교 원인 구간 분리 후속 검증 시험 항목 정의 리뷰 결과 취합
design_hanbit_doc_031.txt,1,공정 개선 실험 hanbit semiconductor 내부 업무 본관 회의실 공정 개선 실험 최근 결과 측정 조건 이전 회차 동일하다 지다 후속 검증 비교 항목 추가 회차 내부 결과 다음 실험 로트 조정 목표 결함 밀도 cm 낮아지다 올라가다 결과 양산 확정 아니다 후보 조건 줄이다 사용 외부 발표 자료 해당 수치 조건 포함 동일 조건 반복 측정 진행 장비 편차 결과 영향 정액 농도 온도 조건 고정 상태 반복 검증 다음 설계 리뷰 현재 후보 조건 블록 미치다 영향 항목 핵심 조건 후보 범위 축소 반복 측정 변동성 장비 비교 원인 구간 분리 후속 검증 시험 항목 정의 리뷰 결과 취합
design_hanbit_doc_018.txt,1,hbx 마스크 조건 검토 hanbit semiconductor 내부 업무 서관 프로젝트 연가 hbx 마스크 조건 검토 최근 결과 지다 측정 조건 이전 회차 동일하다 후속 검증 비교 항목 추가 회차 내부 결과 다음 검토 m 레이어 목표 선폭 광량 mj cm 부근 cd 편차 가장 작다 나타나다 결과 양산 확정 아니다 후보 조건 줄이다 사용 외부 발표 자료 해당 수치 조건 포함 동일 조건 반복 측정 진행 장비 편차 결과 영향 다음 회차 focus m 부터 m 구간 세분 화해 측정 다음 설계 리뷰 현재 후보 조건 블록 미치다 영향 항목 핵심 조건 후보 범위 축소 반복 측정 변동성 장비 비교 원인 구간 분리 후속 검증 시험 항목 정의 리뷰 결과 취합
design_hanbit_doc_045.txt,1,hbx 마스크 조건 검토 hanbit semiconductor 내부 업무 구동 회의실 진가 hbx 마스크 조건 검토 최근 결과 측정 조건 이전 회차 동일하다 후속 검증 비교 항목 추가 회차 내부 결과 다음 검토 m 레이어 목표 선폭 광량 mj cm 부근 cd 편차 가장 작다 나타나다 결과 양산 확정 아니다 후보 조건 줄이다 사용 외부 발표 자료 해당 수치 조건 포함 동일 조건 반복 측정 진행 장비 편차 결과 영향 다음 회차 focus m 부터 m 구간 세분 화해 측정 다음 설계 리뷰 현재 후보 조건 블록 미치다 영향 항목 핵심 조건 후보 범위 축소 반복 측정 변동성 장비 비교 원인 구간 분리 후속 검증 시험 항목 정의 리뷰 결과 취합
design_hanbit_doc_019.docx,1,차세대 구조 실험 hanbit semiconductor 내부 업무 호가 차세대 구조 실험 최근 결과 지다 측정 조건 이전 회차 동일하다 후속 검증 비교 항목 추가 회차 내부 결과 다음 피치 조건 누설 전류 대비 낮아지다 조합 게이트 길이 조건 우선 후보 남기다 결과 양산 확정 아니다 후보 조건 줄이다 사용 외부 발표 자료 해당 수치 조건 포함 동일 조건 반복 측정 진행 장비 편차 결과 영향 온도 코너 특성 추가 측정 후보 조건 좁히다 다음 설계 리뷰 현재 후보 조건 블록 미치다 영향 항목 검토 장소 본관 회의실 범위 설계 연구 검토 자료 항목 현재 상태 다음 조치 핵심 조건 후보 범위 축소 반복 측정 변동성 장비 비교 원인 구간 분리 후속 검증 시험 항목 정의 리뷰 결과 취합
design_hanbit_doc_048.txt,1,공정 개선 실험 hanbit semiconductor 내부 업무 본관 협업 공정 개선 실험 최근 결과 울다 측정 조건 이전 회차 동일하다 후속 검증 비교 항목 추가 회차 내부 결과 다음 실험 로트 조정 목표 결함 밀도 cm 낮아지다 올라가다 결과 양산 확정 아니다 후보 조건 줄이다 사용 외부 발표 자료 해당 수치 조건 포함 동일 조건 반복 측정 진행 장비 편차 결과 영향 정액 농도 온도 조건 고정 상태 반복 검증 다음 설계 리뷰 현재 후보 조건 블록 미치다 영향 항목 핵심 조건 후보 범위 축소 반복 측정 변동성 장비 비교 원인 구간 분리 후속 검증 시험 항목 정의 리뷰 결과 취합
design_hanbit_doc_021.txt,1,신규 회로 타이밍 검증 hanbit semiconductor 내부 업무 구동 회의실 신규 회로 타이밍 검증 최근 결과 측정 조건 이전 회차 동일하다 울다 후속 검증 비교 항목 추가 회차 내부 결과 다음 내부 크다 경로 setup margin ps 확보 버전 우선 두다 전압 v 조건 hold 여유 추가 결과 양산 확정 아니다 후보 조건 줄이다 사용 외부 발표 자료 해당 수치 조건 포함 동일 조건 반복 측정 진행 장비 편차 결과 영향 pvt 코너 시뮬레이션 마치다 레이아웃 수정 범위 확정 다음 설계 리뷰 현재 후보 조건 블록 미치다 영향 항목 핵심 조건 후보 범위 축소 반복 측정 변동성 장비 비교 원인 구간 분리 후속 검증 시험 항목 정의 리뷰 결과 취합
design_hanbit_doc_035.txt,1,차세대 구조 실험 hanbit semiconductor 내부 업무 본관 회의실 차세대 구조 실험 최근 결과 측정 조건 이전 회차 동일하다 후속 검증 비교 항목 추가 회차 내부 결과 다음 피치 조건 누설 전류 대비 낮아지다 조합 게이트 길이 조건 우선 후보 남기다 결과 양산 확정 아니다 후보 조건 줄이다 사용 외부 발표 자료 해당 수치 조건 포함 동일 조건 반복 측정 진행 장비 편차 결과 영향 온도 코너 특성 추가 측정 후보 조건 좁히다 다음 설계 리뷰 현재 후보 조건 블록 미치다 영향 항목 핵심 조건 후보 범위 축소 반복 측정 변동성 장비 비교 원인 구간 분리 후속 검증 시험 항목 정의 리뷰 결과 취합
design_hanbit_doc_040.pdf,1,hbx 마스크 조건 검토 hanbit semiconductor 내부 업무 검토 장소 본관 협업 범위 설계 연구 검토 자료 hbx 마스크 조건 검토 최근 결과 측정 조건 이전 회차 동일하다 후속 검증 비교 항목 추가 회차 내부 결과 다음 검토 m 레이어 목표 선폭 광량 mj cm 부근 cd 편차 가장 작다 나타나다 결과 양산 확정 아니다 후보 조건 줄이다 사용 외부 발표 자료 해당 수치 조건 포함 동일 조건 반복 측정 진행 장비 편차 결과 영향 다음 회차 focus m 부터 m 구간 세분 화해 측정 다음 설계 리뷰 현재 후보 조건 블록 미치다 영향 항목 항목 현재 상태 다음 조치 핵심 조건 후보 범위 축소 반복 측정 변동성 장비 비교 원인 구간 분리 후속 검증 시험 항목 정의 리뷰 결과 취합
design_hanbit_doc_020.pdf,1,패키지 저항 개선 hanbit semiconductor 내부 업무 검토 장소 본관 협업 범위 설계 연구 검토 자료 패키지 저항 개선 최근 결과 측정 조건 이전 회차 동일하다 후속 검증 비교 항목 추가 회차 내부 결과 다음 tim 두께 m m 줄이다 저항 k w 감소 결과 결과 양산 확정 아니다 후보 조건 줄이다 사용 외부 발표 자료 해당 수치 조건 포함 동일 조건 반복 측정 진행 장비 편차 결과 영향 뒤틀리다 증가 여부 조건 신뢰 시험 진행 다음 설계 리뷰 현재 후보 조건 블록 미치다 영향 항목 항목 현재 상태 다음 조치 핵심 조건 후보 범위 축소 반복 측정 변동성 장비 비교 원인 구간 분리 후속 검증 시험 항목 정의 리뷰 결과 취합
design_hanbit_doc_029.docx,1,hbx 마스크 조건 검토 hanbit semiconductor 내부 업무 진가 hbx 마스크 조건 검토 최근 결과 측정 조건 이전 회차 동일하다 서다 재는 후속 검증 비교 항목 추가 회차 내부 결과 다음 검토 m 레이어 목표 선폭 광량 mj cm 부근 cd 편차 가장 작다 나타나다 결과 양산 확정 아니다 후보 조건 줄이다 사용 외부 발표 자료 해당 수치 조건 포함 동일 조건 반복 측정 진행 장비 편차 결과 영향 다음 회차 focus m 부터 m 구간 세분 화해 측정 다음 설계 리뷰 현재 후보 조건 블록 미치다 영향 항목 검토 장소 구동 회의실 범위 설계 연구 검토 자료 항목 현재 상태 다음 조치 핵심 조건 후보 범위 축소 반복 측정 변동성 장비 비교 원인 구간 분리 후속 검증 시험 항목 정의 리뷰 결과 취합
design_hanbit_doc_014.txt,1,패키지 저항 개선 hanbit semiconductor 내부 업무 서관 프로젝트 패키지 저항 개선 최근 결과 측정 조건 이전 회차 동일하다 윤는 후속 검증 비교 항목 추가 회차 내부 결과 다음 tim 두께 m m 줄이다 저항 k w 감소 결과 결과 양산 확정 아니다 후보 조건 줄이다 사용 외부 발표 자료 해당 수치 조건 포함 동일 조건 반복 측정 진행 장비 편차 결과 영향 뒤틀리다 증가 여부 조건 신뢰 시험 진행 다음 설계 리뷰 현재 후보 조건 블록 미치다 영향 항목 핵심 조건 후보 범위 축소 반복 측정 변동성 장비 비교 원인 구간 분리 후속 검증 시험 항목 정의 리뷰 결과 취합
design_hanbit_doc_046.txt,1,차세대 구조 실험 hanbit semiconductor 내부 업무 서관 프로젝트 진가 차세대 구조 실험 최근 결과 측정 조건 이전 회차 동일하다 후속 검증 비교 항목 추가 회차 내부 결과 다음 피치 조건 누설 전류 대비 낮아지다 조합 게이트 길이 조건 우선 후보 남기다 결과 양산 확정 아니다 후보 조건 줄이다 사용 외부 발표 자료 해당 수치 조건 포함 동일 조건 반복 측정 진행 장비 편차 결과 영향 온도 코너 특성 추가 측정 후보 조건 좁히다 다음 설계 리뷰 현재 후보 조건 블록 미치다 영향 항목 핵심 조건 후보 범위 축소 반복 측정 변동성 장비 비교 원인 구간 분리 후속 검증 시험 항목 정의 리뷰 결과 취합
design_hanbit_doc_034.txt,1,hbx 마스크 조건 검토 hanbit semiconductor 내부 업무 서관 프로젝트 원가 hbx 마스크 조건 검토 최근 결과 훈는 측정 조건 이전 회차 동일하다 후속 검증 비교 항목 추가 회차 내부 결과 다음 검토 m 레이어 목표 선폭 광량 mj cm 부근 cd 편차 가장 작다 나타나다 결과 양산 확정 아니다 후보 조건 줄이다 사용 외부 발표 자료 해당 수치 조건 포함 동일 조건 반복 측정 진행 장비 편차 결과 영향 다음 회차 focus m 부터 m 구간 세분 화해 측정 다음 설계 리뷰 현재 후보 조건 블록 미치다 영향 항목 핵심 조건 후보 범위 축소 반복 측정 변동성 장비 비교 원인 구간 분리 후속 검증 시험 항목 정의 리뷰 결과 취합
design_hanbit_doc_049.docx,1,신규 회로 타이밍 검증 hanbit semiconductor 내부 업무 연가 신규 회로 타이밍 검증 최근 결과 측정 조건 이전 회차 동일하다 안다 후속 검증 비교 항목 추가 회차 내부 결과 다음 내부 크다 경로 setup margin ps 확보 버전 우선 두다 전압 v 조건 hold 여유 추가 결과 양산 확정 아니다 후보 조건 줄이다 사용 외부 발표 자료 해당 수치 조건 포함 동일 조건 반복 측정 진행 장비 편차 결과 영향 pvt 코너 시뮬레이션 마치다 레이아웃 수정 범위 확정 다음 설계 리뷰 현재 후보 조건 블록 미치다 영향 항목 검토 장소 구동 회의실 범위 설계 연구 검토 자료 항목 현재 상태 다음 조치 핵심 조건 후보 범위 축소 반복 측정 변동성 장비 비교 원인 구간 분리 후속 검증 시험 항목 정의 리뷰 결과 취합
design_hanbit_doc_050.pdf,1,신뢰 가속 시험 결과 hanbit semiconductor 내부 업무 검토 장소 서관 프로젝트 범위 설계 연구 검토 자료 오지 안과 도경 신뢰 가속 시험 결과 최근 결과 서다 윤는 측정 조건 이전 회차 동일하다 후속 검증 비교 항목 추가 회차 내부 결과 다음 조건 가속 샘플 임계 변화 나타나다 수정 구조 동일 조건 결과 양산 확정 아니다 후보 조건 줄이다 사용 외부 발표 자료 해당 수치 조건 포함 동일 조건 반복 측정 진행 장비 편차 결과 영향 원인 구간 분리 금속 배선 조건 달리 추가 샘플 투입 다음 설계 리뷰 현재 후보 조건 블록 미치다 영향 항목 항목 현재 상태 다음 조치 핵심 조건 후보 범위 축소 반복 측정 변동성 장비 비교 원인 구간 분리 후속 검증 시험 항목 정의 리뷰 결과 취합
edge_sales_cyh_012.pdf,1,주차 미래 모바일 미팅 식대 영수증 청구 단순하다 식사 자리 식사 신규 개발 ap 단가 논의 깊다 진행 치열하다 줄다리기 최종 공급 단가 초기 양산 물량 한정 할인 적용 구두 합의 마치다 입찰 전략 경쟁 대비 빠르다 납기 보장 점유 선점 대신 불량 발생 위약금 조항 대폭 완화 방향 계약 조건 수정 영수증 원본 내일 오전 우편함 넣다 두다 빠르다 경비 처리 부탁드리다
edge_sales_cyh_019.docx,1,비실 비치 네스프레소 캡슐 박스 추가 결재 신청 어제 오후 오션 통신 방문 새롭다 바뀌다 커피 대접 아주 좋다 반응 좋다 부드럽다 분위기 덕분 wifi 모듈 거래처 협상 기록 아주 치열하다 공급 단가 별도 추가 할인 진행 픽스 타다 입찰 단가 미리 파악 제안 입찰 전략 완벽하다 먹히다 게다가 단가 동결 유리하다 계약 조건 싸인 마치다 캡슐 커피 비용 전혀 아깝다
edge_sales_cyh_014.pdf,1,교육 담당자 다음 진행 신입 인턴 사원 ojt 영업 실무 세션 교육 자료 정표 초안 공유 화요일 오후 세션 영업 현장 이해 돕기 글로벌 테크 ddr 매출 전망 내부 보고서 각색 예시 활용 예정 해당 보고서 기재 현행 공급 단가 특별 할인 유지 예상 연간 마진 변화 집중 설명 또한 장기 공급 담보 타다 진입 차단 방어 입찰 전략 위약금 계약 조건 실무 어떻다 적용 상세 다루다 계획 교육장 프로젝터 점검 부탁드리다
edge_sales_cyh_013.txt,1,다음 워크샵 차량 차표 세부 동선 공유 호차 장님 퀀텀 시스 템즈 구매 담당자 탑승 이동 예정 단순 친목 행사 이동 동안 npu 가속 은밀 계약 검토 메일 공유 예정 현재 가장 크다 쟁점 공급 단가 유지 추가 할인 요구 대해 원가 방어 입찰 전략 고수 납기 지연 배상금 계약 조건 절대 양보 불가 명확하다 전달 배차 리스트 변경 불가하다 숙지 줄다
edge_sales_cyh_011.docx,1,시설 관리 담당자 복도 위치 컬러 복합기 a s 요청 방금 출력 롤러 용지 완전하다 종이 서울 오토 차량 mcu 요약 공급 단가 우수 협력 물량 할인 적용 vip 특별 단가 적히다 기술 유출 타다 단가 유출 배상금 청구 민감하다 계약 조건 고스 담기다 큰일 당장 기계 열다 종이 빼다
edge_sales_cyh_016.txt,1,사내 등산 동호회 산사 회원 여러분 다음 토요일 가을 정기 산행 회식 장소 투표 진행 삼겹살 횟집 고르다 회신 줄다 대리 금요일 오후 전자 g rf 최종 입찰 말다 계획 공급 단가 전략 할인 픽스 들어가다 입찰 전략 그대로 맞다 독점 공급 유지 페널티 면제 핵심 계약 조건 최종 컨펌 하니 바라다 회원 투표 부탁드리다
edge_sales_cyh_017.pdf,1,바탕화면 중요하다 워드 파일 날아가다 긴급 복구 의뢰 노바 로보틱스 이미지 센서 납품 최종 계약 검토 메일 원본 메일 본문 공급 단가 초기 할인 철저하다 세팅된 마진 구조 적히다 경쟁 사르다 따돌리다 무상 샘플 테스트 미끼 먼저 던지다 핵심 입찰 전략 양산 달성 실패 위약금 전면 면제 훌륭하다 계약 조건 모두 포함 메일 리스크 크다 어제 오후 백업 데이터 복구 가능하다 빠르다 바라다
edge_sales_cyh_015.txt,1,사내 식당 외국인 직원 영문 메뉴판 업데이트 엑셀 파일 보내다 엑셀 시트 개인 작업 넥스트 ev 입찰 대응 전략 실수 저장 버리다 거기 적히다 전력 ic 공급 단가 할인 적용 마진 시뮬레이션 절대 보시 볼륨 개런티 미달 페널티 부과 계약 조건 중국 업체 원천 차단 핵심 전략 포함 당장 삭제 식당 메뉴 번역 줄다 부탁드리다
edge_sales_cyh_018.txt,1,여러분 다음 월요일 수요일 늦다 여름 연차 부재 급하다 업무 대리 대신 처리 화요일 버텍스 항공 하반기 매출 전망 내부 보고서 기안 올라가다 결재 자다 챙기다 보고서 사다 sram 공급 단가 특수 할인 깐깐하다 세팅된 버전 엄격하다 국방 규격 통과 무기 마진 극대 화하다 입찰 전략 숫자 증명 향후 유지 보수 의무 보장 계약 조건 포함 임원진 보고 수치 맞다 반드시 크로스 체크 상신 바라다
edge_sales_cyh_020.docx,1,다음 사내 블로그 올라가다 우수 영업 사원 인터뷰 초안 검토 부탁드리다 안녕하다 파이오니어 디스플레이 ddi 대규모 수주 따내다 회사 규정 공급 단가 할인 아주 빡빡 조건 경쟁 발열 이슈 교묘하다 파고들다 네거티브 입찰 전략 써다 과정 요약 시각 화하다 설득 높이다 독점 공급 일방 유리하다 계약 조건 얻다 부분 실적 강조 싶다 보안 위배 그대로 실어 없다
hr_cjy_007.txt,1,조직개편 초안 정기 인사 개편 방향 통합 메모리 솔루션 신설 재배 치한 시행 예정일 주요 인사 부장 평가 s 개선 과제 주도 조직 조정 역량 우수 메모리 솔루션 보임 검토 과장 평가 a 고객 이슈 대응 속도 우수하다 후속 보완 필요 핵심 pm 배치 대리 평가 b 분석 정확도 양호 일정 준수 개선 필요 전환 배치 채용 계획 회로 설계 제품 기획 품질 분석 채용 예정 채용 예산 산정 긴급 우선 진행 초안 임원 검토 대외 공유
hr_cjy_005.pdf,1,조직개편 초안 부로 기존 통합 전략 영업 그룹 신설 해외 고객 대응 기능 별도 분리 부장 전략 영업 그룹 배치 사원 전환 배치 직급 연봉 부장 인상 사원 인상 검토 인사 평가 초안 s 등급 신규 고객 매출 기여 우수 b 등급 업무 정확도 양호 협상 대응 보완 필요
hr_cjy_004.txt,1,대외 상반기 조직개편 초안 추진 배경 상반기 비용 통제 인사 총무 기능 효율 기능 정렬 파트 통합 신설 개편 조직 인원 배치 부장 총괄 유지 수석 보임 평가 보상 채용 담당 부장 보임 총무 구매 자산 관리 업무 통합 관리 기존 인력 재배 치한 채용 계획 인사 기획 총무 구매 노무 관리 채용 채용 예산 채용 수수료 온보딩 비용 포함 시행 예정일 개편안 임원 검토 시행 목표
hr_cjy_001.txt,1,대외 조직개편 초안 서명 조직개편 개편 방향 공정 안전 파트 환경 관리 파트 통합 신설 기존 안전교육 파트 명칭 변경 총괄 서다 실무 리더 환경 허가 대관 업무 전담 재배 치한 인력 계획 q 안전 관리 예산 환경 관리 예산 채용 임금 대리 연봉 인상 과장 수석 적용 최종 안다 인사 협의 확정
hr_cjy_002.txt,1,보내다 제목 조직개편 직급 보상 정안 공유 본문 조직개편 직무 배치 임금 정안 아래 사전 공유 메일 인사 검토 외부 공유 차장 평가 등급 s 개선 과제 주도 야간 대응 우수 연봉 인상 수석 평가 등급 a 공정 안정화 기여 높다 후배 육성 보완 필요 연봉 인상 부장 연봉 차장 수석 급여 반영 예정
hr_cjy_003.txt,1,보내다 제목 대외 임금 조정 채용 계획 공유 본문 구성원 인사 임금 운영 확정 아래 공유 내부 검토 대외 자료 외부 전달 개인 보관 직급 연봉 정안 사원 연봉 대비 인상 대리 연봉 대비 인상 선임 연구원 연봉 대비 인상 수석 연봉 대비 인상 성과 등급 a 이상자 직급 인상 p 추가 적용 최종 반영 시점 급여 채용 계획 임베디드 sw 개발 채용 공고 예산 펌웨어 검증 면접 진행 예산 개발 환경 자동화 완료 예산 상기 인원 제품 안정화 일정 대응 우선 배정 세부 직무 기술 면접 일정 협의 별도 확정 드림
hr_cjy_006.txt,1,대외 인력 운영 보고 조직개편 통합 신설 기존 전환 배치 이동 신규 설비 기획 파트 배치 예정 조직개편 직무 수당 급여 반영 인사 평가 보상 부장 s 등급 통합 조직 안정화 인원 배치 실행 우수하다 성과급 책정 책임 연구원 a 등급 신규 공정 개선 주도하다 보고 일정 지연 발생 성과급 책정 선임 연구원 b 등급 업무 정확도 양호 협업 대응 속도 개선 필요 성과급 책정 상기 임원 보고 내부 검토 한정
hr_cjy_030.docx,1,보내다 제목 대외 연말 평가 인사 임금 운영 공유 본문 여러분 연말 평가 결과 반영 인사 임금 운영 아래 공유 확정 대외 부장 정현우 임원 보고 외부 공유 조직개편 통합 평가 보상 기능 신설 기존 배치 예정 채용 계획 상반기 채용 경영 지원 인사 기획 구매 관리 계획 채용 예산 직급 연봉 정안 대리 평균 연봉 책임 연구원 부장 조정 임원 보수 평가 등급 a 인상 적용 예정 드림
hr_cjy_027.txt,1,보내다 전원 참조 제목 대외 상반기 임금 조정 조직개편 사전 안내 본문 구성원 여러분 상반기 인사 운영 확정 앞서 내부 공유 범위 아래 사전 메일 임금 조직개편 대외 자료 외부 전달 캡처 공유 직급 연봉 정안 주임 인상 선임 연구원 인상 수석 연구원 인상 임원 인상 성과 등급 a 이상자 직급 인상 별도 성과 가산 적용 예정 조직 개편안 상반기 공정 고도화 파트 해석 파트 통합 첨단 패키지 개발 파트 신설 기존 신설 파트 이동 신뢰 검증 업무 품질 태스크 배치 신설 파트 실무 리딩 맡다 신뢰 검증 배치 인력 온보딩 지원 기존 프로젝트 인수 인계 완료 시기 바라다 세부 발령 개인 연봉 통지서 이후 순차 발송 예정 드림
hr_cjy_021.txt,1,대외 조직개편 연봉 정안 조직개편 기존 통합 중대 재해 예방 화학물질 대응 강화 psm 대응 신설 정원 조정 재배 치한 직급 조정 수석 인상 부장 과장 선임 연구원 부장 통합 조직 운영 책임자 지정 기존 조정 평가 등급 a 현장 위험성 평가 체계 정착 외부 점검 결점 대응 기여 주요 코멘트 과장 psm 대응 실무 리더 보임 기존 조정 평가 등급 s 화학물질 변경 관리 프로세스 단축 야간 비상 대응 매뉴얼 개선 성과 우수 평가 b 등급 평균 인상 c 등급 동결 원칙 정안 급여 적용
hr_cjy_035.pdf,1,연봉 정안 번호 hr ft 정기 인사 연봉 조정 책임 연구원 성과 등급 s 연봉 차장 성과 등급 a 연봉 대리 성과 등급 b 연봉 조직개편 기밀 통합 차세대 소자 개발 신설 기존 인력 배치 전환 배치 채용 계획 기밀 ai 소자 정해석 설계자 동화 채용 예정 채용 예산 편성 안다 임원 인사 위원회 승인 시행
hr_cjy_032.txt,1,대외 상반기 인력 운영 보고 인력 현황 재직 인원 rtl 설계 검증 제품 기획 운영 지원 검증 조직 이탈 상승 상반기 보고 양산 대응 설계 인력 확보 필요하다 판단 채용 계획 하반기 채용 rtl 설계 예산 검증 제품 기획 운영 지원 편성 선임 연구원 이상 경력 비중 제안 임금 운영 직급 연봉 수석 인상 책임 연구원 선임 연구원 과장 조정 핵심 인력 대해 별도 유지 보상 예산 배정 요청
hr_cjy_025.pdf,1,조직개편 초안 목적 연말 평가 결과 양산 안정화 과제 반영 기능 중복 핵심 인력 재배 치하 고자 평가 반영 최재윤 임원 주관 평가 종합 등급 b 확정 예정 불량 개선 기여 장비 조건 최적화 기여 반영 수석 성과급 책임 연구원 적용 검토 조직 개편안 기존 통합 공정 혁신 파트 개편 신규 선행 공정 tf 신설 수석 정혁 파트장 이동 책임 연구원 선행 공정 tf 전담 배치 예정 전환 배치 채용 계획 공정 기술 엔지니어 데이터 분석 장비 채용 예정 채용 예산 직무 교육비 별도 성함 초안 연말 평가 확정 검토 외부 공유 금함
hr_cjy_012.txt,1,대외 연말 평가 승진 심사 자료 심사 차장 부장 승진 검토 평가 등급 s 차세대 컨트롤러 양산 전환 일정 단축 원가 절감 기여 리더십 조율 역량 우수 주임 대리 승진 보류 평가 등급 b 검증 양호 일정 예측 정확도 개선 필요 사원 주임 승진 추천 평가 등급 a 불량 분석 자동화 주간 리포트 단축 직급 연봉 사원 대비 인상 주임 인상 차장 인상 부장 인상 채용 계획 설계 검증 정지원 채용 예정 예산 배정 승진 확정 경은 신규 설계 인력 온보딩 총괄 예정
hr_cjy_016.txt,1,보내다 제목 대외 정기 인사 임금 정안 본문 정기 인사 적용 아래 사전 공유 인사 발령 공지 열람 제한 시기 바라다 임금 정안 주임 연봉 대비 인상 과장 연봉 대비 인상 수석 연봉 대비 인상 부장 연봉 대비 인상 성과 등급 a 인상 p b p 추가 반영 c 인상 적용 조직개편 기존 분리 운영 공정 안전 기능 통합 폐수 대기 배출 관리 기능 배치 예정 상기 정기 인사 최종 확정 검토 안이 변경 별도 드림
hr_cjy_045.pdf,1,보내다 나윤 부장 과장 선임 책임 제목 대외 하반기 인력 평가 자료 공유 본문 하반기 운영 계획 확정 아래 사전 공유 메일 인사 임금 대외 외부 전달 출력 보관 금지 채용 계획 구매 기획 입사 목표 채용 예산 원가 관리 입사 목표 채용 예산 협력 관리 입사 목표 채용 예산 인사 평가 초안 과장 a 납기 리스크 대응 우수 협상 리딩 보완 필요 선임 b 단가 분석 성실 보고 속도 개선 필요 책임 s 협력 품질 이슈 조기 차단 비용 절감 기여 의견 회신 바라다
hr_cjy_019.txt,1,대외 상반기 연봉 정안 조정 배경 상반기 공정 일정 준수 평균 재고 오차 기록 하반기 대비 개선 보임 다만 조직개편 기존 생산 운영 파트 통합 신규 라인 효율 개선 신설 부장 통합 파트 총괄 과장 라인 효율 개선 실무 리드 수석 자재 생산 데이터 담당 배치 예정 인사 평가 정안 부장 평가 등급 s 통합 일정 관리 납기 리스크 선제 대응 우수 연봉 인상 조정 제안 과장 평가 등급 a 설비 병목 분석 성과 조율 보완 필요 연봉 인상 조정 제안 수석 평가 등급 b 데이터 정합 개선 기여 마감 대응 속도 개선 필요 연봉 인상 조정 제안 시행 조정 연봉 급여 반영 조직개편 직무 범위 변경 적용 안다 검토 확정
hr_cjy_024.txt,1,연봉 정안 차장 선임 책임 정안 평가 a 등급 b 등급 a 등급 인상 검토 기밀 통합 재무 전략 파트 신설 파트 리딩 업무 배치 예정 채용 원가 분석 자금 관리 예산 범위 진행
hr_cjy_018.txt,1,인력 운영 보고 번호 hr ocm 시점 연말 평가 평가 결과 요약 연말 평가 결과 경은 법인 손익 분석 체계 개선 월간 보고 리드 성과 반영 a 등급 확정 해외 정산 오류 개선 계약 검토 지원 성과 인정 일정 지연 감안 b 등급 산정 서다 신규 법인 비용 데이터 표준화 기여 b 등급 평가 임금 정안 적용 직급 연봉 밴드 다음 대리 대비 인상 차장 대비 인상 선임 연구원 대비 인상 주임 대비 인상 운영 평가 a 등급 기본 인상 p 추가 적용 b 등급 p 추가 반영 조직개편 배치 미주 유럽 관리 파트 아시아 관리 파트 통합 신설 기존 정산 지원 기능 재무 공유 서비스 조직 경은 총괄 법인 실적 관리 담당 서다 비용 데이터 표준화 담당 재배 치한 채용 계획 상반기 채용 해외 정산 담당 대리 법인 관리 주임 데이터 분석 계획 채용 예산 연봉 수수료 포함 완료 정원 조정 안다 평가 확정 임원 승인 절차 상정 예정
hr_cjy_011.txt,1,대외 하반기 인사 평가 요약 평가 종합 의견 하반기 평가 결과 책임 연구원 s 등급 확정 예산 집행 달성 결산 리드타임 단축 기여 크다 선임 연구원 a 등급 구매 총무 통합 프로세스 정착 기여 협업 일정 관리 보완 필요하다 사원 b 등급 정확도 양호 반복 오류 개선 요구 조직개편 통폐합 예산 관리 기능 신설 예정 실무 총괄 울다 전환 배치 사무 지원 담당 배치 검토 채용 계획 경영 지원 재무 기획 채용 예정 채용 예산 책정 경력 입사 신입 공채 입사 목표 임원 보고 외부 공유 금함
hr_cjy_037.txt,1,대외 조직개편 연봉 정안 검토 조직개편 핵심 직무 유지 신규 인력 확보 아래 연봉 조정 안함 직급 연봉 조정 주임 인상 선임 연구원 인상 차장 인상 부장 인상 채용 계획 공정 기술 예산 설비 엔지니어 예산 인사 기획 예산 정안 내부 검토 확정
hr_cjy_042.txt,1,보내다 제목 대외 연봉 협상 조직개편 영안 공유 본문 하님 연봉 협상 사전 검토 아래 공유 메일 임금 평가 정보 포함 대외 자료 전달 금지 직급 연봉 부장 연봉 평균 인상 수석 연봉 평균 인상 대리 연봉 평균 인상 임원 연봉 성과 연동 인상 평가 등급 코멘트 a 등급 핵심 원자재 단가 협상 연간 절감 기여 다만 신규 협력 리스크 점검 보고 주기 보완 필요 b 등급 납기 지연 대응 내부 요청 처리 안정 전략 구매 과제 도성은 추가 개선 필요 조직개편 반영 원자재 구매 파트 설비 구매 파트 통합 신설 기존 재배 치하 이동 구매 기획 업무 겸임 해당 개편 협상 대상자 역할 가중 치가 최대 조정 검토 협상 확정 의견 회신 부탁드리다
hr_cjy_020.docx,1,조직개편 승진 심사 자료 심사 목적 통합 고객 품질 대응 기능 신설 핵심 인력 직급 조정 조직개편 기존 통합 편하다 고객 클레 전담 기능 신설 조정 수석 통합 품질 지표 관리 책임 연구원 고객 품질 대응 선임 연구원 공정 불량 분석 사원 출하 검사 운영 재배 치한 승진 심사 의견 다음 수석 인사 평가 s 불량 p 개선 통합 리더십 우수 조직개편 직무 대행 적합 책임 연구원 평가 a 고객 클레 평균 처리기 단축 책임 범위 확대 필요 선임 연구원 평가 a 분석 자동화 정착 기여 높다 책임 연구원 승진 추천 사원 평가 b 실무 적응 양호 독자 개선 과제 수행 경험 부족 차기 재심 권고 채용 계획 품질 데이터 분석 고객 품질 엔지니어 출하 검사 계약 상반기 예산 산정 승진 확정 직급 인건비 증가 연간 관리 가능하다 자료 정기 승진 위원회 검토 한정
hr_cjy_028.txt,1,서명 상반기 인사 평가 요약 인사 평가 결과 부장 s 등급 d 패키지 개선 과제 주도하다 목표 대비 달성 협업 조율 일정 관리 우수 수석 연구원 a 등급 신규 더필 공정 조건 최적화 기여 양산 보완 필요 주임 b 등급 시험 데이터 정확도 높다 이상 발생 선제 보고 다소 지연 조직개편 계획 통합 첨단 패키지 개발 파트 신설 부장 총괄 연구원 기술 리더 재배 치한 주임 검증 업무 공정 지원 직무 조정 채용 계획 패키징 공정 엔지니어 신뢰 분석 인력 채용 예정 채용 예산 산정 완료 목표
hr_cjy_041.txt,1,인력 운영 보고 서명 정기 인사 인력 운영 보고 조직개편 인원 배치 정기 인사 기존 통합 글로벌 고객 전략 파트 신설 운영 차장 파트 리더 보임 주임 미주 고객 대응 선임 연구원 기술 제안 지원 책임 연구원 신규 거래 발굴 업무 담당 인사 평가 보상 차장 a 등급 리더십 매출 관리 우수 연봉 인상 주임 b 등급 업무 정확도 양호 보고 속도 개선 필요 연봉 인상 선임 연구원 s 등급 핵심 고객 기술 대응 기여 탁월 연봉 인상 책임 연구원 a 등급 신규 시장 발굴 성과 우수 연봉 인상 상기 적용 예정
hr_cjy_033.txt,1,연봉 협상 승진 심사 자료 모의 심사 주임 연봉 협상 인상 인사 평가 a 예산 관리 자동화 도입 결산 소요 단축 업무 정확도 협업 태도 우수하다 대리 승진 추천 주임 연봉 협상 인상 인사 평가 b 총무 운영 안정 긴급 구매 대응 지연 발생 승진 보류 개월 재심 수석 연봉 협상 인상 인사 평가 s 인건비 시뮬레이션 체계 개선 임원 보고 품질 우수 코칭 기여 도르다 고려 책임 승진 추천 종합 의견 승진 보류 검토 최종 확정 인사 위원회 승인 필요
hr_cjy_022.txt,1,대외 정기 인사 연봉 정안 시행일 조직개편 반영 통합 신설 ai 가속 별도 편제 배치 예정 리더 ai 가속 핵심 설계 담당 검증 지원 파트 이동 평가 연봉 조정 차장 평가 s 신규 칩셋 일정 단축 리스크 관리 우수 연봉 조정 인상 선임 연구원 평가 a 전력 설계 기여 높다 연봉 조정 인상 사원 평가 b 업무 적응 양호 검증 자동화 역량 보완 필요 연봉 조정 인상 상기 안다 사업 부장 승인 확정 통보 예정
hr_cjy_014.txt,1,조직개편 초안 운영 개편 목적 생산 라인 증설 환경 규제 대응 강화 기능 현장 안전 중심 예방 관리 규제 대응 병행 체계 전환 조직 개편안 기존 산업 안전 파트 환경 관리 파트 통폐 ehs 운영 파트 편하다 별도 신설 조직 규제 대응 tft 부터 월간 운영 인원 재배 치다 차장 ehs 운영 파트장 지정 과장 규제 대응 tft 리더 배치 선임 연구원 현장 점검 전담 책임 연구원 화학물질 관리 대관 자료 총괄 조정 임금 조정 초안 차장 연봉 인상 과장 연봉 인상 책임 연구원 연봉 인상 선임 연구원 연봉 인상 인사 평가 반영 a 현장 리스크 판단 보고 체계 개선 기여 높다 a 규제 자료 해석 일정 관리 우수 b 전문성 높다 공유 속도 보완 필요 b 점검 성실 양호 개선 도출 역량 강화 필요 초안 한시 운영 조직 진단 결과 정규 편제 반영 여부 결정
hr_cjy_008.txt,1,대외 인력 운영 보고 서명 연말 평가 기반 인력 운영 보고 평가 종합 연말 평가 결과 평균 등급 b 산정 차세대 공정 검증 과제 목표 대비 달성 a 등급 신소재 분석 자동화 기여 a 등급 일정 준수 b 등급 영은 과제 리딩 역량 보완 필요 b 등급 평가 직급 연봉 정안 적용 사원 연봉 인상 선임 연구원 인상 연구원 인상 부장 인상 적용 a 등급 이상은 성과급 연봉 b b 지급 예정 채용 계획 상반기 채용 공정 개발 ai 설계 신소재 분석 추진 채용 시기 채용 예산 서치 수수료 온보딩 비용 포함 성함 조직개편 통합 차세대 플랫폼 신설 해당 리더 후보 검토 ai 설계 배치 기존 과제 연속성 고려 차세대 플랫폼 잔류 영은 이동 일정 예산 관리 역할 수행 조정
hr_cjy_036.txt,1,인력 운영 보고 번호 hr lsi 주제 연봉 협상 대비 인력 운영 계획 인력 현황 연봉 협상 연봉 협상 재원 보상 대비 증액 산정 연구원 평가 등급 s 차세대 isp 구조 개선 양산 불량 p 절감 기여 기본 연봉 인상 적용 최우석 수석 평가 등급 b 일정 준수 양호 ip 검증 리드 역할 확대 미흡하다 코멘트 인상 적용 채용 계획 상반기 설계 검증 제품 기술 채용 추진 채용 예산 배정 설계 검증 제품 기술 입사 목표 조직개편 배치 기존 통합 soc 플랫폼 개발 신설 검증 자동화 기능 별도 lsi 분리 연구원 핵심 과제 리더 배치 최우석 수석 이동 자동화 표준화 업무 담당 조정 연봉 협상 종료 대외 공유 금지
hr_cjy_040.docx,1,대외 상반기 승진 심사 자료 심사 선임 연구원 수석 승진 추천 성과 등급 a ip 검증 자동화 과제 일정 단축 대리 차장 승진 보류 성과 등급 b 양산 이슈 대응 우수하다 조직 리딩 경험 보완 필요 차장 수석 승진 추천 성과 등급 a 고객 요구 사양 영률 직급 조정 연봉 대리 대비 인상 선임 연구원 인상 차장 인상 수석 인상 채용 계획 설계 검증 공정연 pm 채용 예정 예산 채용 수수료 입문 교육 포함 배정 승진 확정 수석 공백 외부 채용 보완 검토
hr_cjy_010.docx,1,승진 심사 자료 모의 대외 심사 책임 연구원 수석 승진 추천 하반기 인사 평가 s 검증 자동화 모듈 납기 단축 장애 재발 개선 코멘트 승진 기본 조정 검토 대리 책임 연구원 승진 보류 인사 평가 b 개발 산출 품질 안정 일정 리스크 공유 늦다 코멘트 사원 대리 승진 추천 인사 평가 a 빌드 오류 대응 처리 협업 태도 우수 코멘트 승진 직무 수당 신설 검토 조직개편 반영 통합 신설 배치 예정 신설 파트 기술 리드 후보 지정
hr_cjy_043.txt,1,인사 평가 요약 번호 hr slsi q 요약 평가 기간 등급 s a b c d 종합 결과 인사 평가 결과 평균 등급 a 산정 신규 ip 검증 일정 단축 고객 샘플 대응 기여 s 등급 울다 양산 전환 리스크 관리 성과 a 등급 설계 변경 이력 관리 개선 a 등급 신규 공정 적응 기간 고려 b 등급 확정 보상 연봉 조정 적용 직급 연봉 임원 인상 차장 과장 사원 조정 s 등급 성과급 a 등급 b 등급 적용 핵심 가산 별도 반영 조직개편 인력 배치 통합 차세대 soc 개발 신설 기존 고객 기술 대응 제품 품질 개선 재배 치하 통합 조직 설계 관리 담당 지정 울다 양산 전환 태스크 총괄 검증 자동화 실무 담당 채용 계획 설계 검증 제품 기술 채용 채용 예산 경력 우선 채용 신입 일괄 배치 목표 채용 결과 인사 위원회 점검
hr_cjy_031.txt,1,대외 조직개편 초안 개편 목적 차세대 공정 검증 ai 기반 설계 자동화 과제 실행 속도 기존 파트 체계 전환 부로 선행 소자 공정 ai 신뢰 검증 신설 인력 배치 수석 연구원 선행 소자 리드 책임 연구원 공정 ai 리드 선임 연구원 신뢰 검증 배치 대리 연구 기획 예산 관리 전담 인사 평가 반영 s 기술 로드맵 수립 핵심 특허 기여 탁월 a ai 모델 적용 성과 우수 협업 조율 보완 필요 b 검증 일정 준수 양호 독립 과제 리딩 경험 확대 필요 a 예산 집행 정확도 보고 품질 우수 직급 연봉 조정 수석 연구원 대비 인상 책임 연구원 대비 인상 선임 연구원 대비 인상 대리 대비 인상 초안 인력 운영 회의 검토 확정
hr_cjy_039.txt,1,보내다 제목 기밀 인사 임금 운영 검토 요청 본문 안녕하다 검토 인사 임금 운영 공유 메일 임원 보고 단계 기밀 자료 외부 전달 배포 금지 시오 인사 평가 현황 등급 s 분기 인건비 예측 정확도 달성 보상 제도 개편안 일정 준수 등급 a 채용 프로세스 안정화 기여 다만 면접 교육 자료 보완 필요 직급 연봉 정안 사원 인상 차장 인상 부장 인상 수석 연구원 인상 채용 계획 경영 지원 입사 예산 공정 기술 입사 예산 설비 관리 입사 예산 검토 의견 회신 부탁드리다 드림
hr_cjy_026.txt,1,연말 평가 연봉 정안 적용 부장 과장 책임 연구원 과장 평가 kpi 달성 설비 가동 개선 안전 협업 지표 반영 조정 부장 평가 등급 s 연봉 인상 과장 평가 등급 a 인상 책임 연구원 평가 등급 b 인상 과장 평가 등급 a 인상 기밀 설비 보전 공정 자동화 야간 대응 엔지니어 채용 예정 인건비 예산 배정 또한 통합 설비 운영 신설 부장 실장 검토 과장 과장 신규 라인 대응 조직 재배 치하 책임 연구원 자동화 개선 태스크 전담 정안 임원 승인 대외 공유 금지
hr_cjy_034.txt,1,대외 인력 운영 보고 연말 평가 평가 결과 연말 평가 결과 울다 a 등급 납기 준수 불량 대응 리드타임 단축 성과 인정 채다 b 등급 월별 생산 계획 정확도 기록 야간 인수 인계 표준화 보완 필요하다 조직개편 통합 운영 기획 파트 신설 현장 조율 기능 관함 정원 조정 배치 예정 채용 계획 상반기 생산 계획 사원 데이터 분석 대리 채용 채용 시기 예산 산정 임금 직급 연봉 사원 인상 대리 과장 적용 울다 성과 가산 채다 반영 검토
hr_cjy_023.txt,1,대외 정기 인사 승진 심사 자료 승진 검토 주임 해외 고객 납기 조정 분기 매출 기여 우수 대리 승진 추천 a 등급 선임 연구원 기술 영업 지원 신규 견적 검토 역량 인정 책임 연구원 승진 보류 b 등급 차장 북미 채널 관리 성과 우수 부장 승진 추천 a 등급 주임 업무 숙련 양호 리더십 검증 필요 직급 유지 조직 보상 부로 통합 신설 본부 운영 리더 배치 예정 상반기 채용 영업 기획 기술 영업 예산 편성 직급 연봉 주임 인상 대리 차장 부장 적용
hr_cjy_009.txt,1,대외 정기 인사 연봉 정안 목적 정기 인사 보상 조정 조직개편 영안 아래 보고 안다 확정 임원 승인 기밀 자료 관리 연봉 조정 차장 평가 a 라인 가동 개선 기여 반영 연봉 인상 과장 평가 b 납기 준수 달성 기여 인상 주임 평가 a 재고 오차 개선 인상 서다 임원 생산 관리 통합 운영 책임 확대 보상 조정 조직개편 반영 통합 신설 기존 품질 tf 재배 치하 교대 운영 전담 전환 예정 차장 통합 일정 관리 총괄 과장 외주 물류 조정 업무 담당 채용 계획 상반기 생산 계획 물류 관리 데이터 운영 채용 추진 채용 시기 예산 채용 수수료 온보딩 비용 포함 산정 요청 상기 정안 인사 위원회 상정 예정 승인 급여 적용 요청
hr_cjy_044.txt,1,연말 승진 심사 자료 모의 심사 책임 연구원 수석 연구원 추천 종합 평가 a 차세대 공정 예측 모델 정확도 개선 선임 연구원 책임 연구원 보류 종합 평가 b 양산 과제 일정 준수 임금 적용 선임 연구원 인상 책임 연구원 인상 수석 연구원 인상 임원 후보 인상 채용 계획 대외 상반기 연구개발 데이터 분석 장비 기술 채용 예정 하반기 연구 기획 추가 검토 예산 채용 초기 연봉 재원 산정 심사 의견 승진 승인 차기 재심사
hr_cjy_017.txt,1,대외 정기 인사 인사 평가 요약 평가 기간 차장 양산 이슈 대응 원가 절감 과제 목표 대비 달성 종합 a 등급 기본 인상 책임 연구원 승격 추천 책임 연구원 신규 ip 검증 자동화 기여 b 등급 성과급 반영 주임 일정 준수 이나 협업 피드백 보완 필요 b 등급 평가 조직 개편안 통합 신설 배치 예정 채용 회로 설계 검증 펌웨어 채용 예산 성함
hr_cjy_029.txt,1,대외 정기 인사 연봉 정안 정기 인사 결과 아래 연봉 조정 건의 서다 부장 인상 평가 등급 s 핵심 고객 매출 확대 신규 거래 확보 기여 우수하다 수석 인상 평가 등급 a 분기 목표 달성 양호 수금 일정 관리 보완 필요하다 시행일
hr_cjy_013.txt,1,대외 서명 상반기 연봉 정안 조정 배경 상반기 매출 목표 상향 조직개편 핵심 직무 보상 경쟁력 확보 목적 연봉 조정 안함 금번 개편 기존 통폐 편하다 ai 신설 재배 치하 부장 총괄 과장 ai 담당 배치 예정 대상자 정안 부장 인사 평가 s 등급 평가 코멘트 주요 고객 매출 확대 신규 장기 계약 체결 조직 기여 탁월 연봉 인상 조정 제안 과장 인사 평가 a 등급 평가 코멘트 신규 시장 분석 기술 영업 지원 역량 우수 다만 프로젝트 리드 경험 보완 필요 연봉 인상 조정 제안 시행 시점 조정 연봉 급여 적용 조직개편 발령 안다 임원 승인 확정
hr_cjy_038.txt,1,보내다 과장 차장 제목 대외 연봉 협상 사전 검토 자료 본문 차장 연봉 협상 사전 자료 공유 금번 조직개편 통합 차세대 플랫폼 신설 선임 연구원 포함 배치 예정 채용 ai 설계 공정 개발 검증 진행 예산 평가 등급 s 신규 과제 수주 기여 a 일정 준수 우수 반영 검토 바라다 외부 공유 금지
hr_cjy_015.pdf,1,상반기 연봉 정안 목적 상반기 조직 안정화 핵심 인력 유지 차원 소속 대한 연봉 정안 아래 상신 안다 하반기 성과 평가 직무 난이도 대외 보상 수준 종합 반영 대상자 조정 부장 연봉 조정 인상 평가 등급 s 코멘트 보상 체계 개편안 주도하다 노사 협의 리스크 선제 관리 서다 과장 연봉 조정 인상 평가 등급 a 코멘트 채용 일정 단축 온보딩 만족도 개선 기여 책임 연구원 연봉 조정 인상 평가 등급 a 코멘트 직무 분석 자료 정확도 실행 우수하다 수석 연구원 연봉 조정 인상 평가 등급 b 코멘트 전문성 높다 협업 일정 관리 보완 필요 검토 의견 추가 소요 예산 보상 예산 범위 집행 가능하다 급여 소급 적용 안함
hr_cjy_067.txt,1,인력 운영 보고 인력 현황 정원 대비 현원 결원 발생 부장 총괄 수석 미주 권역 주임 아시아 권역 담당 채용 계획 글로벌 정산 현지 노무 관리 채용 예정 예산 채용 수수료 포함 임원 최종 승인 조직개편 통합 편하다 리스크 관리 신설 수석 리스크 관리 재배 치한 임금 운영 신규 채용 동일 직급 대비 범위 책정
hr_cjy_057.txt,1,인사 평가 요약 구분 대외 인사 임금 평가 기간 상반기 평가 종합 상반기 매출 목표 대비 달성 달성 기록 신규 고객 발굴 장기 공급 계약 전환 실적 양호 견적 승인 지연 고객 원가 반영 편차 일부 개인 평가 책임 연구원 s 등급 핵심 고객 개사 물량 확대 주도하다 상반기 매출 기여 하반기 핵심 계정 리더 후보 검토 선임 연구원 a 등급 신규 거래 확보 실적 우수하다 내부 보고 일정 준수 개선 필요 사원 b 등급 견적 정확도 안정 고객 응대 독립 수행 경험 부족함 멘토링 배정 예정 책임 연구원 c 등급 목표 대비 달성 부진하다 장기 미수 관리 지연 반복 개선 계획 제출 조직개편 국내 영업 파트 분리 운영 재배 치하 국내 영업 파트 잔류 업무 적합 검토 배치 확정 채용 임금 반영 하반기 채용 영업 기획 기술 영업 계획 예산 평가 결과 기본 인상 s a b c 동결 적용 성과급 지급 차등 산정
hr_cjy_069.txt,1,대외 연봉 정안 조정 배경 통합 편하다 신뢰 평가 기능 신설 총괄 책임자 지정 양산 과제 전담 인력 재배 치한 직급 연봉 조정 대리 현행 인상 과장 현행 인상 차장 현행 인상 책임 연구원 현행 인상 개인 영안 조직 통합 총괄 역할 확대 반영 차장 상단 적용 신설 파트 초기 구축 평가 표준화 책임 반영 책임 연구원 조정 공정 전환 지원 인정 과장 적용 안다 급여 반영 외부 공유
hr_cjy_047.txt,1,대외 조직개편 초안 상반기 개편안 부로 분리 신설 정산 지원 기능 통폐 재배 치한 부장 차장 과장 배치 채용 법인 hr 예산 해외 정산 컴플라이언스 채용 예정 연봉 부장 차장 과장 대리
hr_cjy_071.txt,1,대외 조직개편 인사 평가 요약 부로 통합 정자동 신설 책임 연구원 a 등급 보임 연봉 조정 과장 b 등급 연봉 인상 대리 b 등급 연봉 조정 인원 재배 치다 신설 배치 확정 하반기 공정 기술 데이터 분석 채용 예산 편성
hr_cjy_054.txt,1,연봉 정안 상반기 기밀 조정 차장 연봉 조정 평가 등급 a 코멘트 고난 패키지 개선 과제 주도 협업 우수 사원 연봉 조정 평가 등급 b 코멘트 공정 데이터 성실 독자 문제해결 역량 보완 필요 채용 계획 공정 개발 채용 예산 장비 기술 채용 예산 상기 정안 핵심 인력 유지 상반기 증설 대응 내부 검토 외부 공유 금함
hr_cjy_048.txt,1,기밀 상반기 승진 심사 자료 심사 직급 선임 연구원 추천 직급 책임 연구원 양산 불량 p 개선 고객 클레 종결 주도 상반기 평가 a 리더십 재발 방지 체계 항목 우수 직급 책임 연구원 추천 직급 수석 연구원 공정 감사 표준 개정 협력 품질 지표 달성 상반기 평가 a 조직 관리 역량 보완 필요 직급 연봉 정안 선임 연구원 연봉 인상 책임 연구원 연봉 승진 적용 연봉 인상 수석 연구원 연봉 승진 적용 연봉 인상 부장 연봉 인상 조직개편 인력 계획 통합 품질 대응 그룹 신설 실무 리더 배치 검토 협력 품질 기능 명과 공정 감사 기능 재배 치받다 운영 예정 채용 계획 품질 데이터 분석 예산 공정 품질 엔지니어 예산 편성 승진 여부 인사 위원회 최종 확정
hr_cjy_064.txt,1,연봉 정안 번호 hr q fd 시행 시기 조정 배경 생산 안정화 신규 공정 대응 역량 강화 직급 연봉 정안 수립 안다 조직개편 직무 난이도 변화 야간 대응 부담 핵심 인력 유지 필요성 반영 내부 검토 자료 조직개편 반영 기존 통합 신설 일부 인원 배치 이동 예정 영은 실무 총괄 영은 주간 담당 데이터 관리 인력 배치 운영 지원 담당 직급 연봉 정안 과장 기존 조정 인상 대리 기존 조정 인상 주임 기존 조정 인상 사원 기존 조정 인상 적용 조정 연봉 급여 소급 적용 조직개편 대상자 직무 전환 수당 월간 별도 지급 평가 등급 c 하자 기본 인상 적용 유의사항 자료 인사 임금 검토 기밀 확정 외부 공유 비공식 전달 금지
hr_cjy_074.txt,1,대외 상반기 승진 심사 자료 심사 서다 차장 부장 승진 검토 하반기 인사 평가 s 신규 거래 매출 달성 핵심 고객 이탈 관리 조직 리딩 가격 협상 역량 우수 주임 대리 승진 검토 인사 평가 a 분기 수주 예측 정확도 내부 보고 품질 안정 대형 고객 대응 경험 보완 필요 대리 과장 승진 보류 인사 평가 b 목표 대비 매출 근접하다 채권 회수 지연 발생 과장 차장 승진 검토 인사 평가 a 해외 유통 채널 정비 가율 p 개선 후배 코칭 기여 높다 직급 연봉 주임 대리 과장 차장 부장 상반기 승진 기본 인상 s 등급 추가 인상 적용 채용 계획 국내 영업 해외 영업 채용 예정 채용 예산 온보딩 영업 교육비 별도 배정 최종 승진 추천 서다
hr_cjy_055.pdf,1,상반기 승진 심사 자료 심사 개요 자료 상반기 승진 대상자 검토 모의 인사 자료 평가 기간 심사 업무 성과 리더십 조직 기여 성장 가능성 적용 대상자 평가 과장 종합 등급 s 설비 자비 집행 계획 검토 통해 예산 편차 축소 차장 승진 추천 대리 종합 등급 a 결산 마감 평균 단축 원가 배부 정비 기여 높다 과장 승진 조건 추천 서다 사원 종합 등급 b 전표 검증 정확도 우수하다 독자 이슈 대응 경험 부족함 승진 보류 조직개편 반영 통합 재무 기획 파트 신설 기존 재배 치하 통합 파트 실무 책임자 검토 승진 보상 사원 연봉 인상 대리 과장 차장 s 등급 인상 p 추가 적용 최종 승진 보상 안다 인사 위원회 확정
hr_cjy_059.txt,1,대외 연봉 정안 부로 통폐 전략 신설 과장 주임 해당 재배 치한 수석 협력 관리 기능 총괄 선임 연구원 원가 분석 전담 전환 연봉 정안 과장 인상 수석 인상 선임 연구원 인상 주임 인상 적용 협상 외부 공유
hr_cjy_053.txt,1,대외 정기 인사 인사 평가 요약 기간 목적 정기 승격 보상 인력 계획 반영 평가 결과 요약 부장 s 등급 펌웨어 표준화 과제 품질 지표 개선 주도하다 결함 재발 대비 낮추다 조율 역량 우수하다 핵심 인재 유지 분류 차장 a 등급 개발 일정 준수 안정 신규 검사 로직 적용 기여 다만 후임 육성 계획 실행 속도 보완 필요 서다 선임 연구원 b 등급 모듈 개발 산출 품질 양호 이슈 보고 지연 발생 상반기 커뮤니케이션 개선 과제 부여 주임 a 등급 자동화 스크립트 개선 반복 테스트 단축 직무 숙련 상승세 뚜렷하다 차기 핵심 실무 후보 관리 보상 인사 영안 s 등급 기본 인상 a 등급 인상 b 등급 인상 검토 부장 특별 성과급 주임 직무 전환 교육비 배정 권고 채용 계획 펌웨어 개발 테스트 자동화 데이터 분석 채용 예정 채용 온보딩 예산 산정 예산 펌웨어 테스트 자동화 데이터 분석 배분
hr_cjy_049.txt,1,대외 인력 운영 보고 서명 조직개편 인력 운영 보고 조직개편 설계 검증 기능 통합 ai 가속 개발 조직 신설 정원 확대 운영 핵심 인력 이탈 방지 직급 보상 조정 병행 채용 계획 설계 선임 연구원 채용 예산 검증 주임 과장 채용 예산 제품 기획 과장 채용 예산 채용 예산 산정 직급 연봉 정안 주임 평균 인상 과장 평균 인상 선임 연구원 평균 인상 수석 평균 인상 주요 인력 평가 수석 s 등급 신규 아키텍처 일정 단축 기여 탁월하다 선임 연구원 a 등급 검증 자동화 안정화 기여 과장 b 등급 협업 성과 양호 일정 관리 보완 필요 주임 a 등급 신규 업무 적응 속도 산출 품질 우수하다 상기 안다 조직개편 시행 최종 검토 확정
hr_cjy_078.txt,1,대외 인사 평가 요약 서명 연말 평가 요약 평가 결과 과장 s 등급 신규 해외 고객 개사 발굴 분기 매출 목표 달성 년도 핵심 계정 총괄 후보 검토 부장 a 등급 지역별 가격 협상 안정화 리스크 관리 우수 후임 육성 계획 보완 필요 수석 연구원 b 등급 기술 자료 현지 지원 양호 납기 대응 속도 개선 필요 임원 a 등급 글로벌 파트너 재정 성과 인정 조직 의사결정 지연 개선 과제 채용 계획 해외 영업 경력 예산 기술 영업 주니어 예산 글로벌 계약 담당 예산 직급 연봉 정안 과장 인상 부장 인상 수석 연구원 인상 임원 인상
hr_cjy_065.pdf,1,연봉 정안 번호 hb hr q 영업 조정 배경 매출 채널 재정 통합 개편 신규 신설 총괄 전담 조직개편 승인 성과 관리 책임자 배치 직급 연봉 정안 임원 연봉 조정 연봉 인상 차장 연봉 조정 연봉 인상 대리 연봉 조정 연봉 인상 적용 임원 차장 대리 급여 적용 정안 조직개편 직무 확대 분기 목표 설정 결과 반영 내부 검토 자료 외부 공유
hr_cjy_060.docx,1,대외 조직개편 초안 서명 조직개편 초안 검토 개편 목적 해외 매출 비중 확대 법인 손익 관리 체계 고도화 기능 재정 기존 지역별 단순 지원 구조 재무 인사 운영 리스크 통합 관리 체계 전환 조직 개편안 기존 법인 운영 파트 주재 지원 파트 통합 글로벌 운영 관리 파트 개편 또한 환율 이전가격 현지 인건비 분석 강화 신설 글로벌 운영 관리 파트장 실무 책임자 배치 확대 기존 인원 신설 파트 재배 치한 임금 조정 직급 연봉 사원 대리 수석 수석 연구원 직무 난이도 상승 반영 평균 인상 배치 인원 추가 직무 수당 적용 채용 계획 신규 채용 글로벌 운영 관리 채용 예산 배정 글로벌 손익 분석 채용 예산 배정 채용 완료 법인 월간 손익 리포트 현지 인건비 리스크 보고 정례 화하다 시행 일정 초안 검토 조직 발령 시행 원칙 최종 확정 공유 제한
hr_cjy_083.txt,1,상반기 승진 심사 자료 대외 심사 직급 과장 추천 직급 부장 예산 집행 정확도 결산 마감 단축 내부통제 점검 등급 a 조직 기여 리스크 대응 역량 부장 직무 충족 직급 사원 추천 직급 주임 구매 정산 오류 대비 p 개선 신규 비용 관리 양식 정착 기여 실무 독립성 우수하다 협업 보고 품질 보완 필요 직급 연봉 승진 영안 주임 대비 인상 과장 대비 인상 부장 대비 인상 수석 대비 인상 채용 계획 경영 지원 재무 회계 채용 예산 인사 총무 채용 예산 구매 관리 채용 예산 종합 의견 승진 적합 채다 조건 적합 판단 보상 반영 인건비 증가 이내 관리 가능하다
hr_cjy_072.txt,1,대외 연봉 정안 조직 개편 반영 부로 통합 패키징 고도화 파트 신설 선임 연구원 신설 파트 리드 배치 과장 양산 기술 지원 겸임 주임 신뢰 데이터 분석 전담 조정 인사 평가 정안 선임 연구원 s 등급 핵심 공정 개선 기여 우수 연봉 인상 과장 a 등급 협업 일정 관리 안정 원가 절감 실적 보완 필요 연봉 인상 주임 b 등급 분석 정확도 양호 보고 리드타임 개선 필요 연봉 인상 상기 정안 급여 적용
hr_cjy_070.docx,1,조직개편 초안 개편 방향 분리 운영 사고 예방 지표 kpi 상향 배치 부장 차장 수석 인사 평가 s 비상 대응 체계 개선 주도 a 현장 점검 완성 우수 b 규정 해석 안정 일정 관리 보완 필요 직급 연봉 부장 인상 차장 수석 초안 임원 검토 대외 관리
hr_cjy_063.txt,1,대외 인사 평가 요약 조직개편 부로 통합 고객 영업 파트 신설 기존 신규 파트 배치 주요 고객 대응 담당 파트 운영 총괄 지정 인사 평가 결과 대리 평가 등급 a 분기 매출 목표 달성 신규 견적 전환율 개선 기여 우수하다 수석 평가 등급 s 조직 통합 초기 업무 안정화 핵심 거래 유지 성과 탁월하다 직급 연봉 정안 대리 연봉 인상 수석 연봉 인상 상기 정안 급여 반영 예정
hr_cjy_051.txt,1,대외 승진 심사 자료 심사 평가 요약 대리 아웃 패키지 공정 조건 최적화 과제 주관 개선 하반기 평가 a 협업 기여 우수 과장 승진 추천 서다 수석 연구원 방열 접합 신뢰 평가 체계 수립 불량 분석 리드 평가 a 수석 유지 성과 점검 대리 장비 조건 표준화 정비 신규 인력 교육 기여 평가 b 과장 승진 보류 수석 고객 기술 대응 완료 양산 전환 일정 단축 기여 평가 a 책임 핵심 인재 후보 등록 직급 연봉 조정 대리 연봉 평균 인상 과장 연봉 승진 추가 조정 수석 연구원 연봉 성과 등급 a 이상 수석 연봉 핵심 인재 가산 별도 검토 채용 계획 패키징 공정 개발 채용 예산 신뢰 평가 채용 예산 장비 기술 채용 예산 종합 의견 즉시 승진 핵심 인재 관리 서다 차기 분기 성과 보완 재심 사하다
hr_cjy_081.txt,1,보내다 송재 수석 대리 제목 대외 인사 임금 운영 공유 본문 대리 인사 운영 확정 자료 공유 메일 임원 보고 검토 외부 전파 인사 평가 초안 대리 a 등급 원가 절감 달성 납기 리스크 선제 대응 우수 평균 등급 분포 s a b c 예정 채용 계획 구매 기획 채용 예산 협력 관리 채용 예산 조직개편 원자재 구매 파트 외주 관리 파트 통합 전략 파트 운영 예정 기존 인원 신규 파트 배치 검토 의견 부탁드리다
hr_cjy_068.txt,1,인력 운영 보고 인력 운영 아래 보고 차장 집계 직급 연봉 정안 사원 차장 수석 임원 신유진 수석 통합 재무 전략 신설 기존 인원 예산 관리 기능 재배 치하 제안 임원 승인 채용 회계 원가 분석 진행 예산 해당 자료 임금 조직개편 내부 검토 제한 관리 바라다
hr_cjy_061.txt,1,연봉 정안 차장 수석 조정 하반기 성과 원가 절감 기여 반영 차장 인사 평가 a 핵심 부품 단가 협상 주도 납기 리스크 대응 우수 연봉 인상 제안 수석 인사 평가 b 협력 관리 안정 신규 소싱 성과 보완 필요 연봉 인상 제안 채용 계획 구매 기획 예산 원자재 소싱 채용 예정 예산 인건비 한도 조정
hr_cjy_073.txt,1,조직개편 초안 개편 방향 기존 미주 유럽 관리 파트 아시아 지원 파트 통합 편하다 법인 결산 대응 인사 총무 이슈 일원화 재배 치하 신규 해외 리스크 관리 기능 신설 인원 배치 수석 리더 지정 차장 해외 리스크 관리 담당 전환 배치 서다 대리 아시아 법인 정산 업무 미주 법인 운영 지원 변경 박재윤 임원 조직 안정화 점검 실시 인사 평가 수석 s 등급 법인 비용 구조 개선 기여 높다 리더십 우수 차장 a 등급 규정 해석 역량 우수하다 보고 일정 관리 보완 필요 서다 대리 b 등급 실무 정확도 양호 독자 이슈 대응 경험 부족 초안 확정 검토 용이 임금 직무 조정 부안 인사 위원회 별도 심의
hr_cjy_062.txt,1,조직개편 초안 연말 평가 반영 조직개편 부로 통합 신설 재무 지원 기능 서다 과장 주임 임원 개편 총괄 배치 예정 평가 보상 서다 과장 s 등급 성과 관리 체계 기여 연봉 주임 a 등급 데이터 정비 우수 임원 b 등급 조직 안정화 필요 부안 인사 위원회 검토 확정
hr_cjy_076.txt,1,인사 평가 요약 연말 평가 평가 서다 종합 평가 결과 서다 장비 가동 개선 기여 a 등급 예방 정비 표준화 성과 b 등급 신규 라인 대응 지연 b 등급 산정 조직개편 통합 정지원 신설 배치 예정 직급 연봉 선임 연구원 인상 수석 연구원 수석 검토 또한 상반기 설비 엔지니어 데이터 진단 채용 계획 예산
hr_cjy_077.txt,1,인력 운영 보고 번호 hr 공정 기술 작성자 조직개편 조직개편 기존 통합 편하다 신설 파트 배치 구지원 조직 전입 기존 배치 운영 차장 직급 실무 리딩 담당 임금 정안 직급 연봉 사원 대비 인상 대리 인상 차장 인상 수석 연구원 인상 조정 조직개편 직무 가중 인력 별도 직무 수당 적용 인력 운영 계획 수립 내부 검토 자료 한정
hr_cjy_046.txt,1,대외 연봉 정안 조정 배경 설비 가동 유지 야간 장애 대응 건수 증가 핵심 직무 보상 경쟁력 보강 필요하다 직무 난이도 교대 대응 빈도 장비 안정화 기여 도르다 반영 평균 인상 안함 조정 금액 책임 연구원 연봉 조정 인상 평가 등급 a 주임 연봉 조정 인상 평가 등급 b 조직개편 통합 설비 안정화 파트 신설 기존 인원 재배 치하 책임 연구원 신설 파트 기술 리더 역할 겸임함 채용 계획 설비 엔지니어 사원 데이터 분석 주임 채용 예정 채용 예산 연봉 초기 교육비 포함 성함 시행일 조정 연봉 급여 반영 안다 담당 임원 승인 확정
hr_cjy_082.txt,1,승진 심사 자료 등급 대외 심사 과장 차장 승진 심사 주임 대리 승진 심사 인사 평가 결과 하반기 a 상반기 s 평가 코멘트 안정화 과제 주도하다 분기 불량 p 개선 신규 장비 전환 발생 공정 편차 정상화 조직 협업 태도 후배 코칭 역량 우수하다 하반기 b 상반기 a 평가 코멘트 검증 리포트 오류 낮추다 야간 대응 프로세스 표준화 다만 독자 의사결정 경험 추가 축적 필요 조직개편 반영 통합 공정 고도화 신설 예정 기존 인원 신설 배치 통합 라인 개선 과제 책임 후보 검토 중임 잔류 신규 테스트 운영 담당 예정 보상 종합 의견 승진 확정 기본 연봉 조정 정안 적용 검토 심사 위원회 검토 결과 즉시 승진 권고 승진 권고 상정함
hr_cjy_066.txt,1,연말 평가 승진 심사 자료 심사 권하은 차장 재무 결산 일정 준수 월별 손익 분석 보고 지연 제출 예산 집행 오차 목표 대비 우수 승진 의견 부장 승진 추천 평가 등급 a 안유진 주임 매입채무 검증 프로세스 개선 전표 반려 감소 분기 비용 마감 지원 적정 승진 의견 대리 승진 보류 평가 등급 b 임금 검토 직급 연봉 주임 인상 대리 차장 부장 산정 권하은 차장 승진 연봉 조정 성과급 적용 예정 조직개편 인력 계획 통합 재무관리 파트 신설 권하은 차장 파트장 후보 검토 안유진 주임 결산 지원 업무 비용 관리 업무 배치 예정 추가 재무 기획 세무 담당 채용 계획 채용 예산 성함 자료 승진 심사 위원회 검토 외부 공유 금함
hr_cjy_050.docx,1,보내다 차장 대리 제목 대외 조직 임금 정안 공유 본문 대리 인사 임금 정안 아래 사전 공유 메일 대외 지정 신자 열람 조직개편 통합 메모리 품질 혁신 신설 기존 배치 예정 직급 연봉 조정 사원 주임 대리 차장 적용 성과급 산정 조정 연봉 한도 평가 등급 대리 a 등급 개선 과제 기여 높다 일정 준수 우수하다 협업 보완 필요 차장 s 등급 조직개편 실행 수립 인력 배치 리스크 관리 우수 세부 적용 안다 확정 예정
hr_cjy_052.txt,1,상반기 연봉 정안 조직개편 통합 신설 인원 재배 치한 과장 겸임 전환 연봉 조정 과장 평가 a 조직개편 실무 주도 대리 평가 b 마감 준수 양호 주임 이성민 평가 s 비용 절감 과제 기여 적용
hr_cjy_080.docx,1,조직개편 초안 연봉 협상 계안 개편 방향 통합 미래 소자 개발 신설 기존 인력 재배 치하 이동 중복 과제 통합 관리 주요 인사 평가 수석 연구원 평가 등급 s 차세대 소자 개선 과제 목표 대비 성과 달성 조직 통합 리딩 후보 검토 주임 평가 등급 a 데이터 분석 자동화 기여 높다 협업 만족도 우수하다 일정 관리 역량 보완 필요하다 연봉 조정 수석 연구원 연봉 s 등급 인상 조정 수석 연봉 a 등급 인상 조정 주임 연봉 a 등급 인상 조정 사원 연봉 b 등급 인상 조정 초안 연봉 협상 조직개편 검토 한정
hr_cjy_058.txt,1,인력 운영 보고 서명 정기 인사 인력 운영 보고 정기 인사 결과 직무 난이도 성과 기여 도르다 반영 직급 임금 조정 실시 부장 평가 등급 s 고객 품질 이슈 재발 절감 표준 프로세스 정착 시킴 평가 연봉 인상 수석 평가 등급 a 공정 불량 분석 리드 보고 정확도 개선 인정 인상 대리 평가 등급 b 정기 검사 업무 안정 개선 과제 주도 보완 필요 의견 인상 상기 적용 예정 개인 평가 코멘트 연봉 정보 인사 기밀 관리
hr_cjy_075.pdf,1,조직개편 초안 모의 연말 평가 반영 평가 결과 요약 s 등급 평가 코멘트 평가 제도 고도화 과제 기한 대비 조기 완료 임금 테이블 정합 검증 오류 낮추다 b 등급 평가 코멘트 채용 운영 안정 성은 양호 평가 데이터 취합 지연 발생 상반기 보상 실무 이해도 보완 필요 조직 개편안 통합 신설 재배 치하 명칭 변경 리더 배치 겸직 지원 조정 직급 연봉 조정 초안 사원 과장 책임 연구원 임원 초안 연말 평가 결과 조직 효율 방향 반영 내부 검토 자료 확정 외부 공유 금지
hr_cjy_079.txt,1,조직개편 초안 시기 적용 시점 상반기 정기 조직개편 개편 방향 기존 지역별 대응 중심 법인 운영 관리 리스크 점검 기능 분리 구조 조정 상반기 업무 법인 운영 파트 정산 컴플라이언스 파트 재배 치하 보고 라인 해외 사업 관리 담당 임원 직속 단순 화하다 인력 배치 선임 연구원 법인 운영 파트 리드 배치 서다 주임 정산 컴플라이언스 파트 담당 배치 임금 조정 초안 선임 연구원 연봉 인상 주임 연봉 인상 평균 인상 편성 조직개편 직무 가중 별도 수당 반영 인사 평가 평가 등급 a 해외 법인 월간 손익 자료 취합 정확도 이슈 대응 속도 우수하다 파트 리드 로서 후속 육성 계획 보완 필요 서다 평가 등급 b 정산 마감 기한 준수 안정 현지 증빙 검토 예외 항목 식별 역량 강화 필요 유의사항 초안 상반기 조직개편 검토 용이 임금 평가 정보 확정 공유 제한
hr_cjy_056.txt,1,대외 조직개편 연봉 정안 조정 배경 고성능 패키지 공정 개발 기능 확대 양산 전환 지원 역할 통합 핵심 인력 보상 경쟁력 확보 필요하다 직무 난이도 평가 결과 조직 기여 도르다 반영 아래 연봉 조정 검토 대상자 정안 수석 연구원 연봉 조정 연봉 인상 평가 등급 s 평가 코멘트 신규 적층 공정 안정화 기간 단축 협업 리딩 역량 우수하다 공정 개발 파트장 후보 검토 책임 연구원 연봉 조정 연봉 인상 평가 등급 a 평가 코멘트 개선 과제 수행 실적 양호 분석 보고 품질 안정 적임 일정 리스크 사전 공유 강화 필요 채용 계획 상반기 패키징 공정 개발 선임 연구원 장비 기술 책임 연구원 채용 예정 채용 시기 예산 연봉 채용 수수료 성함 시행 정안 급여 적용 최종 승인 개별 통보 외부 인원 공유 금지
hr_cjy_101.txt,1,연봉 정안 조정 배경 사업 안전 점검 체계 고도화 환경 허가 대응 업무 증가 직무 난이도 책임 범위 재산 평가 결과 직급 연봉 조직개편 반영 아래 연봉 조정 제안 인사 평가 정안 차장 평가 등급 s 평가 코멘트 중대 재해 예방 점검 프로세스 표준화 협력 안전교육 참여 개선 연봉 인상 책임 연구원 평가 등급 a 평가 코멘트 대기 수질 배출 관리 지표 안정 유지 내부 감사 대응 품질 우수하다 연봉 인상 대리 평가 등급 b 평가 코멘트 정기 점검 자료 성실하다 비상 대응 훈련 기획 역량 보완 필요 연봉 인상 수석 평가 등급 a 평가 코멘트 화학물질 관리 체계 개선 과제 주도하다 법규 리스크 축소 연봉 인상 조직개편 반영 환경 관리 파트 공정 안전 파트 통합 신설 차장 파트 리더 배치 책임 연구원 대리 재배 치한 수석 안전 기획 파트 잔류 전사 안전 전략 과제 담당 정안 급여 적용
hr_cjy_096.txt,1,서명 정기 인사 인사 평가 요약 평가 기간 부장 등급 s 전략 원자재 단가 절감 핵심 협력 재계약 주도 연봉 인상 대리 등급 a 납기 지연 리스크 대응 우수 월별 구매 리포트 정확도 개선 연봉 인상 주임 등급 b 발주 처리 안정 원가 분석 역량 보완 필요 연봉 인상 부장 등급 c 협력 클레 후속 조치 지연 발생 연봉 인상
hr_cjy_102.txt,1,대외 조직개편 초안 개편 방향 통합 차세대 패키징 신설 기존 양산 지원 기능 패키징 운영 분리 차세대 패키징 리드 신뢰 담당 공정 데이터 관리 서다 운영 품질 대응 재배 치한 평가 보상 수석 연구원 평가 s 핵심 공정 전환 주도 연봉 선임 연구원 평가 a 검증 리드타임 단축 기여 연봉 사원 평가 b 데이터 정합 개선 필요 연봉 서다 선임 연구원 평가 c 양산 이슈 대응 지연 연봉 초안 임원 검토 단계 외부 공유 금지
hr_cjy_117.txt,1,보내다 제목 대외 하반기 인사 임금 운영 공유 본문 하반기 검토 인사 임금 운영 공유 직급 연봉 사원 인상 주임 대리 선임 연구원 잠정 산정 채용 공정 기술 장비 엔지니어 경영 지원 채용 예산 또한 운영 효율 통합 신설 기존 인원 배치 예정 외부 공유 금지 부탁드리다
hr_cjy_092.txt,1,대외 연말 평가 승진 심사 자료 심사 일자 승진 심사 과장 성과 등급 a 불량 분석 리드타임 단축 고객 클레 재발 개선 차장 승진 추천 대리 성과 등급 a 공정 감사 체크 리스트 표준화 협력 품질 지표 평균 향상 과장 승진 검토 선임 연구원 성과 등급 b 신뢰 시험 자동화 달성 직급 유지 상반기 재심사 권고 조직개편 예정 고객 품질 파트 공정 품질 파트 통합 품질 운영 파트 신설 신뢰 평가 기능 개발 검증 조직 편하다 울다 품질 운영 파트장 후보 검토 협력 품질 관리 인력 명과 배치 예정 채용 계획 품질 데이터 분석 신뢰 시험 엔지니어 협력 품질 관리 채용 예정 채용 예산 채용 완료 목표 종합 의견 울다 리더십 정량 성과 우수하다 승진 적합 높다 실무 주도 성과 성장 조직개편 역할 적응도 월간 추가 필요 기술 역량 양호 조율 경험 보완 요구
hr_cjy_103.txt,1,대외 연말 평가 승진 심사 자료 심사 승진 검토 과장 차장 승진 검토 평가 등급 s 평가 코멘트 공정 안전 점검 체계 개편 중대 위험 요인 사전 조치 외부 점검 대응 완성 높다 교육 주도 성과 보고 품질 우수하다 선임 연구원 책임 연구원 승진 검토 평가 등급 a 평가 코멘트 환경 배출 데이터 관리 자동화 과제 안정 수행 법정 초과 리스크 대비 낮추다 다만 조율 속도 개선 필요 과장 차장 승진 보류 평가 등급 b 평가 코멘트 현장 안전 캠페인 참여 양호 개선 과제 일정 지연 발생 상반기 성과 점검 재심 권고 채용 계획 안전 관리 예산 환경 관리 예산 보건관리 예산 종합 의견 즉시 승진 추천 조건 추천 보류
hr_cjy_112.txt,1,승진 심사 자료 심사 검토 의견 주임 상반기 인사 평가 s 등급 예산 집행 정확도 마감 지연 업무 안정 높다 채용 보상 데이터 관리 개선 주도하다 과장 승진 후보 검토 사원 상반기 인사 평가 a 등급 복리 후생 정산 오류 대비 p 개선 다만 전사 보고서 속도 보완 필요 주임 승진 후보 조건 검토 직급 연봉 인상 사원 적용 인상 주임 승진 적용 인상 과장 승진 적용 인상 부장 유지 적용 인상 채용 계획 인사 기획 총무 복리 후생 채용 예정 채용 예산 고비 면접 운영 채용 수수료 배정 종합 판단 성과 역할 확장 과장 승진 추천 실무 완성 우수하다 보고 품질 개선 과제 이행 여부 주임 승진 최종 결정 예정 자료 승진 사용 내부 기밀 외부 공유 금함
hr_cjy_110.docx,1,대외 정기 인사 인사 평가 요약 평가 결과 부장 s 등급 중대 재해 예방 체계 고도화 협력 점검 완료 달성 리더십 우수 과장 a 등급 화학물질 관리 프로세스 개선 법정 점검 지적 감소 실무 추진 우수 대리 b 등급 교육 운영 성실하다 사고 분석 보고 정밀도 보완 필요 채용 계획 환경 관리 안전 보건 채용 예정 예산 편성 조직개편 안전 기획 파트 환경 관리 파트 ehs 운영 파트 통합 공정 안전 전담 기능 신설 과장 신설 기능 담당 배치 검토
hr_cjy_118.txt,1,연봉 정안 적용 정안 연봉 협상 소속 책임 연구원 수석 연구원 과장 서다 임원 인사 평가 핵심 불량 개선 기여 고객 감사 대응 실적 반영 평균 인상 산정 개인 정안 책임 연구원 평가 s 공정 불량 p 개선 협력 품질 점검 체계 기여 연봉 인상 수석 연구원 평가 a 출하 검사 자동화 항목 확대 성과 우수 연봉 인상 과장 평가 b 월간 품질 리포트 정합 성은 양호 개선 과제 주도 보완 필요 연봉 인상 서다 임원 평가 a 대외 고객 클레 감소 조직 안정화 기여 연봉 인상 조직 채용 계획 통합 신설 신설 파트 리더 재배 치하 울다 통합 파트 운영 담당 채용 품질 엔지니어 예산 신뢰 시험 담당 예산 계획 기타 안다 임원 승인 대외 공유 제한
hr_cjy_111.txt,1,대외 조직개편 초안 상반기 개편 목적 상반기 해외 고객 대응 속도 개선 지역별 매출 책임 강화 기능 정렬 조직 개편안 기존 통합 서구 사업 파트 개편 신규 고객 발굴 기능 분리 신설 재배 치하 부장 서구 사업 파트장 수석 실무 총괄 사원 전환 배치 인사 평가 반영 a 등급 주요 고객 이탈 방지 단가 협상 기여 우수 s 등급 신규 거래 발굴 성과 탁월 리더십 보완 확대 보임 가능 b 등급 자료 분석 역량 양호 고객 응대 경험 축적 필요 직급 연봉 정안 부장 연봉 대비 인상 수석 연봉 대비 인상 사원 연봉 대비 인상 s 등급 인상 p 가산 c 등급 동결 검토 시행 예정일 시행 세부 직무 기술 서다 확정
hr_cjy_090.docx,1,인사 평가 요약 정기 인사 평가 결과 결산 리드 비용 절감 기여 a 등급 예산 관리 정확도 개선 b 등급 서다 내부통제 점검 보완 필요 b 등급 부여 직급 연봉 정안 대리 인상 주임 선임 연구원 책임 연구원 산정 채용 계획 재무 기획 예산 회계 내부통제 자료 인사 검토 제한 포함
hr_cjy_094.txt,1,보내다 인사 기획 부장 제목 대외 조직개편 인력 임금 운영 공유 본문 조직개편 인사 임금 운영 아래 사전 공유 메일 장단 검토 외부 전달 채용 계획 패키징 공정 구직 채용 예산 설비 기술 엔지니어 채용 예산 품질 분석 주임 채용 예산 인사 평가 결과 수석 연구원 s 신규 패키지 개선 기여 높다 과장 a 일정 준수 우수하다 협업 리포트 보완 필요 주임 b 장비 데이터 분석 역량 향상 필요 직급 연봉 수석 연구원 대비 인상 과장 대비 인상 주임 대비 인상 검토 의견 회신 바라다
hr_cjy_113.txt,1,대외 조직개편 초안 개편 목적 원자재 단가 변동 확대 납기 리스크 대응 기능 정렬 견적 계약 협력 평가 업무 책임 범위 명확하다 조직 개편안 기존 조직 분리 신설 계약 검토 기능 통합 납기 점검 품질 이슈 대응 인원 배치 부장 총괄 겸임 차장 보임 주임 주임 배치 직급 연봉 정안 부장 연봉 인상 조정 차장 연봉 인상 조정 주임 연봉 인상 조정 주임 연봉 인상 조정 인사 평가 s 원가 절감 목표 달성 조직 안정화 역량 우수 a 협력 클레 대응 신속하다 보고 표준화 보완 필요 a 견적 비교 정확도 높다 데이터 관리 우수 b 납기 추적 성실하다 긴급 이슈 판단 경험 축적 필요 초안 인사 임금 협의 검토 한정
hr_cjy_091.txt,1,대외 조직개편 초안 연봉 협상 반영 개편 목적 연봉 협상 결과 해외 매출 확대 계획 반영 기능 영업 기획 고객 관리 계약 지원 정렬 개편 시행일 조직 보임 초안 영업 기획 파트 부장 총괄 주임 배치 고객 관리 파트 선임 연구원 담당 계약 지원 파트 사원 담당 인사 평가 연봉 협상 반영 s 등급 신규 거래 확보 손익 관리 우수 연봉 인상 검토 a 등급 기술 대응 속도 양호 보고 정합 보완 필요 인상 검토 b 등급 계약 처리 안정 주도 개선 필요 인상 검토 a 등급 시장 자료 분석 기여 높다 인상 검토 채용 계획 해외 영업 경력 예산 편성 계약 관리 주임 예산 백만원 편성 채용 완료 고객 관리 파트 우선 보강 초안 임원 협의 외부 공유 금지
hr_cjy_087.txt,1,조직개편 초안 시행 예정일 정기 인사 영안 개편 방향 통합 편하다 제품 검증 기능 기술 전략 연구 과제 중복 핵심 과제 건의 의사결정 속도 높이다 목적 인사 배치 임원 연구소 총괄 유지 평가 s 조직 안정화 로드맵 수립 우수 책임 연구원 발령 평가 a 핵심 알고리즘 개선 기여 서다 과장 기술 전략 배치 평가 b 일정 준수 양호 대외 협업 보완 필요 대리 배치 평가 a 실험 자동화 성과 우수 직급 연봉 임원 인상 책임 연구원 과장 대리 초안 확정 검토 외부 공유 금지
hr_cjy_085.pdf,1,보내다 서다 부장 차장 제목 대외 상반기 인사 평가 채용 계획 검토 요청 본문 차장 상반기 인사 임금 운영 초안 공유 메일 첨부 예정 자료 내부 검토 대외 외부 전파 금지 우선 상반기 인사 평가 결과 다음 서다 부장 s 등급 평가 코멘트 중대 재해 예방 체계 고도화 협력 점검 프로세스 정착 기여 높다 전사 리스크 보고 품질 우수하다 차장 a 등급 화학물질 취급 재정 현장 교육 이행 개선 성과 뚜렷하다 야간 대응 매뉴얼 표준화 추가 보완 필요 기재 등급 성과급 영률 s a b c 검토 채용 계획 안전 관리 환경 관리 보건관리 채용 예산 별로 안전 관리 환경 관리 보건관리 배정 예정 서류 마감 면접 입사 목표 진행 검토 등급 코멘트 채용 우선 순위 대한 의견 회신 부탁드리다
hr_cjy_115.pdf,1,대외 연말 평가 연봉 정안 적용 개인 평가 등급 핵심 자재 조달 기여 반영 수석 s 등급 전략 급사 단가 절감 납기 리스크 선제 대응 연봉 선임 a 등급 신규 견적 프로세스 정착 기여 사원 b 등급 발주 정확도 양호 협상 주도 보완 필요 사원 c 등급 마감 지연 발생 동결 개선 계획 운영 채용 계획 구매 기획 예산 원자재 소싱 구매 운영 채용 예산 반영 요청
hr_cjy_119.txt,1,상반기 인사 평가 요약 모의 대외 평가 대상자 생산 계획 준수 재고 관리 납기 대응 공정 협업 도르다 평가 채다 월간 생산 계획 오차 낮추다 a 등급 긴급 대응 협력 일정 조율 성과 b 등급 부여 재고 실사 정확도 달성 보고 지연 b 등급 신규 mes 점검 업무 적응도 높다 b 등급 판단 직급 연봉 수석 상반기 인상 과장 주임 확정 평가 a 등급 추가 성과급 b 등급 지급 하반기 채용 생산 계획 예산 자재관리 mes 운영 지원 진행 예정 부서장 평가 결과 보상 직무 배치 검토 자료 활용
hr_cjy_093.txt,1,대외 하반기 인사 평가 요약 평가 결과 대리 a 등급 신규 고객 매출 전환율 달성 분기 목표 초과 실적 우수 다만 견적 승인 리드타임 관리 보완 필요 사원 b 등급 기존 거래 대응 안정 신규 파이프라인 발굴 실적 목표 대비 그치다 연봉 조정 사원 인상 대리 인상 책임 연구원 인상 채용 계획 영업직 영업 채용 예정 예산 완료 목표
hr_cjy_098.txt,1,인사 평가 요약 번호 hb hr q 기간 평가 결과 차장 등급 a 분기 예산 집행 관리 월별 비용 리포트 정시 제출 안정 적임 다만 신규 규정 전파 속도 보완 필요 주임 등급 b 전표 검토 정확도 양호 결산 마감 추가 요청 발생 업무 우선 순위 설정 개선 필요 직급 연봉 차장 대비 인상 주임 대비 인상 성과급 평가 등급 별로 a b 차등 지급 예정 채용 계획 경영 지원 사원 재무 총무 통합 운영 주임 채용 예정 채용 시기 예산 고비 면접 포함 산정
hr_cjy_084.txt,1,하반기 인력 운영 보고 검토 승인 인력 운영 방향 하반기 양산 안정화 차세대 공정 대응 연구 생산 기술 중심 원하다 채용 예산 확정 연구개발 생산 기술 품질 관리 경영 지원 진행 평균 채용 비다 핵심 직무 추천 보상금 최대 운영 직급 연봉 정안 하반기 연봉 수석 연구원 인상 차장 과장 대리 주임 책정 성과 등급 s 기본 인상 p a p 추가 적용 c 등급 기본 인상 반영 조직개편 배치 통합 선행 공정 센터 신설 배치 기존 이동 인재 운영 파트 통합 배치 대상자 전환 교육 예산 별도 편성 보고 하반기 인력 임금 집행 활용
hr_cjy_099.txt,1,대외 상반기 인력 운영 보고 현원 운영 현황 현원 임원 과장 사원 구성 상반기 매출 목표 달성 이나 신규 거래 대응 인력 부족 평균 초과근무 발생 채용 계획 하반기 선제 운영 국내 영업 사원 기술 영업 과장 영업 지원 사원 채용 예정 채용 예산 공고 면접 입사 보상 포함 산정 과장 실무 면접 주관 임원 최종 승인 예정 조직개편 배치 국내 영업 그룹 통합 기술 문의 증가 신설 기존 영업 지원 인력 재배 치하 신규 채용 완료 과장 겸직 운영 임금 운영 상반기 성과급 개인 목표 달성 차등 지급 평균 지급 예상
hr_cjy_121.txt,1,대외 연봉 정안 조정 배경 신규 라인 안정화 공정 재공 재고 축소 납기 준수 개선 과제 수행 중임 분기 대비 야간 대응 협력 조율 업무 증가 핵심 인력 보상 조정 필요하다 대상자 정안 대리 연봉 조정 인상 인사 평가 등급 a 평가 코멘트 생산 계획 변동 대응 속도 우수하다 결품 리스크 사전 공유 라인 납기 지연 최소 화하다 차기 분기 데이터 기반 재고 예측 역량 보완 필요 과장 연봉 조정 인상 인사 평가 등급 s 평가 코멘트 주간 생산 회의 운영 체계 재정 비다 계획 대비 실적 편차 축소 표준 업무 절차 정착 기여 높다 채용 계획 채용 생산 계획 입사 목표 예산 자재관리 입사 목표 예산 성함 채용 예산 기본 연봉 입문 교육비 초기 비비 포함 한도 집행 예정 검토 의견 상기 정안 급여 반영 원칙 예산 증가 연간 수준 관리 가능하다 인력 유출 방지 생산 안정화 관점 승인 요청
hr_cjy_120.docx,1,연봉 정안 적용 시점 목적 핵심 설비 안정화 기여 직무 난이도 반영 연봉 조정 조정 평가 부장 평가 등급 s 라인 증착 장비 다운타임 절감 야간 장애 대응 체계 표준화 기여 크다 연봉 조정 인상 수석 평가 등급 a 예방 보전 점검 개정 신입 기술 교육 운영 성과 우수 연봉 조정 인상 선임 연구원 평가 등급 b 주요 설비 이슈 분석 안정 개선 과제 리딩 경험 보완 필요 연봉 조정 인상 책임 평가 등급 c 반복 장애 원인 분석 지연 보고 품질 편차 발생 연봉 조정 인상 종합 의견 평균 인상 편성 고성 과자 중심 차등 보상 원칙 적용 책임 개선 계획 제출 월별 리뷰 조건 정안 승인 요청
hr_cjy_107.txt,1,보내다 제목 대외 정기 인사 임금 조정 안내 본문 정기 인사 결과 아래 메일 내부 인사 임금 자료 외부 공유 인사 평가 결과 주임 a 등급 협력 단가 조정 납기 리스크 대응 우수 사원 b 등급 기본 업무 수행 안정 원가 분석 역량 보완 필요 연봉 조정 주임 연봉 인상 사원 연봉 인상 수석 연봉 테이블 인상 조직개편 기존 원자재 구매 설비 구매 기능 통합 신설 배치 운영 파트 잔류 전체 정원 조정 문의사항 회신 바라다
hr_cjy_104.txt,1,대외 연봉 정안 목적 정안 연봉 협상 앞서 핵심 인력 유지 직무 난이도 반영 하반기 채용 계획 인건비 균형 고려 모의 검토 안이 조정 인사 평가 결과 프로젝트 기여 직급 시장 보정 반영 기본 조정 재원 연봉 대비 산정 성과 우수 차등 배분 차장 평가 등급 s 차세대 제어 sw 구조 개선 주도하다 장애 재발 낮추다 연봉 조정 제안 과장 평가 등급 a 펌웨어 배포 자동화 체계 구축 개발 리드타임 단축 연봉 조정 제안 대리 평가 등급 b 기능 개발 품질 안정 일정 예측 보완 필요 연봉 조정 제안 서다 임원 평가 등급 a 조직 협업 조율 외주 개발 절감 기여 연봉 조정 제안 채용 계획 채용 인력 공백 신규 과제 대응 계획 상반기 임베디드 sw 개발 테스트 자동화 채용 예산 연봉 채용 포함 하반기 플랫폼 개발 보안 sw 개발 채용 예산 산정 검토 의견 상기 정안 적용 인건비 대비 증가 핵심 인력 이탈 방지 신규 개발 일정 안정화 효과 예상 최종 확정 부서장 면담 결과 사업 계획 승인 여부 반영
hr_cjy_106.txt,1,상반기 인사 평가 요약 평가 상반기 평균 평가 등급 b 원가 절감 납기 준수 달성 협력 단가 협상 성과 a 등급 신규 발주 프로세스 안정화 기여 b 등급 재고 리스크 대응 미흡 b 등급 재는 데이터 분석 기반 구매 예측 개선 a 등급 부여 신설 기존 인원 재배 치한 하반기 채용 대리 구매 전략 사원 구매 운영 예산 진행 직급 연봉 대리 책임 연구원 수석 연구원 평균 인상 확정
hr_cjy_108.txt,1,조직개편 초안 등급 대외 차장 검토 최소 주임 적용 예정일 개편 목적 사업 부별 인력 수요 변동 임금 운영 효율 반영 기능 정렬 채용 보상 조직 문화 기능 실행 책임 명확하다 조직 개편안 기존 통합 hr 전략 파트 신설 정원 운영 기존 인재 확보 파트 명칭 변경 공정 채용 대응 증원 교육 운영 기능 흡수 조직 성장 파트 개편 기존 교육 담당 배치 정원 조정 전환 배치 완료 채용 계획 신규 채용 계획 연구개발 채용 제조 기술 채용 품질 관리 채용 경영 지원 채용 예정 채용 예산 채용 광고 면접 평가 운영 입사 정착 지원 채용 수수료 배정 후속 조치 차장 세부 직무 기술 직급 배다 제출 최소 주임 전환 대상자 면담 일정 확정 초안 임원 보고 외부 공유 금지
hr_cjy_086.txt,1,대외 상반기 인력 운영 보고 인력 현황 정원 현원 결원 수석 운영 총괄 대리 채용 보상 실무 담당 서다 주임 조직개편 전환 배치 대상자 관리 지원 채용 계획 상반기 보완 회로 설계 검증 공정연 사업 기획 채용 채용 예산 서치 수수료 면접 운영 입사 정착 포함 편성 직급 연봉 정안 상반기 연봉 밴드 사원 대비 인상 주임 대리 수석 운영 핵심 설계 인력 별도 성과 가산 적용 조직개편 배치 통합 개편 신설 기존 조직 재배 치하 채용 운영 교육 관리 업무 전환 수석 통합 조직 안정화 계획 제출
hr_cjy_100.docx,1,상반기 인력 운영 보고 검토 인력 운영 총괄 상반기 정원 현원 결원 생산 기술 공정 개발 결원 높다 우선 필요하다 상반기 인건비 집행 연간 예산 대비 관리 범위 채용 계획 상반기 신규 채용 계획 공정 개발 채용 예산 설비 기술 채용 예산 품질 보증 채용 예산 경영 지원 채용 예산 편성 핵심 직무 선임 연구원 이상 경력 이상 확보 목표 직급 연봉 정안 기본 연봉 대비 평균 인상 선임 연구원 연구원 수석 임원 조정 성과 상위 인원 별도 성과급 차등 지급 조직개편 배치 통합 데이터 분석 파트 신설 기존 인력 명과 신규 채용 배치 고객 품질 대응 조직 이동 상반기 양산 안정화 과제 전담 채다 세부 전환 배다 확정 보고
hr_cjy_114.txt,1,인사 평가 요약 상반기 자료 모의 인사 검토 가상 상반기 평가 결과 수석 s 등급 차세대 공정 검증 리딩 성과 탁월하다 대리 a 등급 일정 준수 협업 우수 사원 b 등급 분석 정확도 양호 보고 속도 개선 필요 직급 연봉 정안 수석 대리 사원 검토 하반기 채용 회로 설계 공정 개발 예정 예산
hr_cjy_109.txt,1,대외 인사 평가 요약 번호 hr pe h 평가 기간 조직 운영 현황 상반기 고집 패키지 양산 대응 기존 통합 패키지 품질 기술 파트 신설 과장 해당 파트 실무 리더 배치 서다 선임 연구원 선행 공정 태스크포스 개월 한시 전환 배치 연구원 기술 검증 총괄 유지 수석 고객 이슈 대응 전담 역할 병행 인사 평가 결과 과장 a 등급 통합 파트 안정화 불량 개선 기여 일정 관리 역량 우수하다 서다 선임 연구원 b 등급 신규 소재 평가 데이터 정합 성은 양호 보고 일정 준수 개선 필요 수석 연구원 s 등급 핵심 공정 조건 표준화 작업 비용 절감 조직 기술 전파 기여 탁월 수석 a 등급 고객 클레 기한 종결 대외 커뮤니케이션 품질 안정 적임 채용 보강 계획 하반기 채용 패키징 공정 개발 신뢰 분석 데이터 엔지니어 추진 채용 시기 예상 인건비 채용 운영 예산 편성 신규 인력 패키지 품질 기술 파트 우선 배치 양산 확대 결원 이하 관리
hr_cjy_105.pdf,1,연봉 협상 승진 심사 자료 심사 승진 대리 대리 과장 승진 검토 인사 평가 a 월간 생산 계획 정확도 달성 긴급 납기 대응 조정 능력 우수 평가 연봉 인상 제안 과장 과장 차장 승진 보류 인사 평가 b 재고 회전 개선 기여 협업 일정 공유 지연 발생 의견 인상 권고 차장 차장 부장 승진 추천 인사 평가 s 공정 병목 분석 체계 화로 라인 대기 절감 평가 인상 직책 수당 반영 검토 조직개편 반영 계획 파트 출하 조정 파트 통합 생산 운영 파트 신설 예정 파트장 배치 생산 계획 담당 핵심 인력 전환 배치 검토 재고 관리 기능 유지 채용 계획 상반기 생산 계획 하반기 물류 출하 관리 채용 예정 채용 예산 교육비 별도 편성 자료 승진 연봉 협상 한정 관리
hr_cjy_088.txt,1,보내다 차장 인사 기획 수석 대리 제목 대외 상반기 채용 인사 평가 공유 본문 안녕하다 인사 기획 상반기 인력 운영 검토 아래 공유 메일 임금 평가 채용 기밀 포함 하므다 전달 금지 채용 계획 임베디드 sw 채용 예산 검증 자동화 채용 예산 ai 펌웨어 채용 예산 채용 예산 처우 협의 연봉 대비 최대 범위 조정 가능하다 상반기 인사 평가 초안 수석 s 등급 핵심 모듈 일정 단축 장애 대응 기여 높다 대리 a 등급 테스트 자동화 개선 성과 우수하다 보완 필요 차장 b 등급 조율 안정 채용 리드타임 단축 필요 확정 의견 회신 부탁드리다 감사하다
hr_cjy_089.txt,1,정기 인사 승진 심사 자료 기밀 조직개편 통합 설비 운영 파트 신설 기존 개선 업무 정지원 파트 배치 예정 통합 정원 조정 승진 심사 과장 차장 승진 검토 인사 평가 s 등급 평가 코멘트 라인 정지 복구 예방 보전 표준화 기여 높다 승진 기본 정안 적용 주임 대리 승진 검토 인사 평가 a 등급 평가 코멘트 야간 설비 점검 누락 개선 신규 장비 인수 인계 우수 승진 기본 정안 적용 종합 의견 조직개편 핵심 설비 안정화 역할 고려 대상자 모두 승진 추천
hr_cjy_095.pdf,1,대외 하반기 연봉 정안 조정 배경 하반기 수주 대응 나노 공정 안정화 일정 핵심 인력 이탈 방지 신규 조직 운영 연봉 조정 시행 조정 급여 반영 조직개편 기존 통합 신설 고객 기술 대응 확대 개편 책임 연구원 배치 서다 부장 고객 기술 대응 보임 연구원 파트 리더 지정 평가 연봉 조정 책임 연구원 평가 등급 s 공정 결함 개선 양산 전환 일정 단축 기여 연봉 인상 서다 부장 평가 등급 a 고객 기술 이슈 대응 속도 개선 조직 안정화 성과 우수 연봉 인상 수석 연구원 평가 등급 b 데이터 분석 자동화 기반 마련 현장 적용 확산 보완 필요 연봉 인상 채용 계획 공정 개발 장비 기술 데이터 엔지니어 고객 기술 지원 채용 채용 예산 서치 면접 입사 보너스 포함 산정 승인 요청 상기 정안 인건비 한도 집행 가능하다 핵심 인력 유지 조직개편 조기 정착 원안 승인 요청
hr_cjy_116.txt,1,연봉 정안 조정 해외 법인 정산 지연 개선 현지 인력 운영 안정화 기여 도르다 반영 직급 연봉 조정 차장 연봉 인상 대리 인상 대상자 적용 차장 평가 등급 s 해외 법인 예산 통제 프로세스 표준화 성과 우수 연봉 적용 대리 평가 등급 a 월별 리포트 정확도 개선 현지 문의 대응 안정 연봉 적용 대리 평가 등급 b 담당 법인 정산 일정 준수 양호 리스크 사전 보고 강화 필요 연봉 적용 채용 계획 해외 법인 회계 관리 법무 계약 관리 채용 예정 채용 예산 채용 완료 목표 안다 임원 보고 확정
hr_cjy_097.txt,1,대외 하반기 인사 평가 요약 평가 기간 책임 연구원 전력 설계 과제 일정 준수 s 등급 선임 연구원 검증 자동화 개선 기여 a 등급 부여 대리 협업 지연 b 등급 부장 인력 운영 원가 절감 목표 달성 a 등급 확정 채용 설계 검증 제품 기획 예산 배정 통합 신설 재배 치한 직급 연봉 부장 인상 책임 연구원 선임 연구원 대리 반영
hr_cjy_edge_020.txt,1,보내다 전원 제목 사내 명함 재발 신청 안내 본문 조직 명칭 변경 명함 재발 신청 변경 필요하다 신청 줄다 명함 변경 조직개편 메모리 솔루션 통합 부장 보임 배치 대리 평가 b 등급 전환 배치 확정 대외 공유
hr_cjy_127.txt,1,연봉 정안 정기 인사 조정 원칙 연봉 조정은 성과 등급 직무 난이도 조직개편 역할 확대 반영 인상 재원 연봉 대비 편성 대상자 정안 수석 a 등급 과장 b 등급 주임 b 등급 조직개편 반영 통합 공정 혁신 신설 기존 인원 재배 치한 수석 통합 조직 선임 pm 역할 수행 채용 계획 상반기 공정 엔지니어 장비 기술 생산 관리 채용 채용 예산 공고 입사 목표 안다 임원 승인 대외 관리
hr_cjy_edge_011.txt,1,보내다 전원 제목 워크숍 장소 안내 본문 워크숍 장소 일정 즐겁다 바라다 일시 장소 강원도 수원 워크숍 조직개편 마지막 단위 행사 통합 공정 품질 펴다 수석 신설 내정 정원 배치 예정 부탁드리다
hr_cjy_124.txt,1,상반기 인력 운영 보고 보고 검토 채용 계획 상반기 계획 설계 채용 예산 배정 공정 기술 채용 예산 편성 품질 분석 일괄 채용 예산 보상 직급 연봉 수석 차장 대리 사원 조정 대비 평균 인상 수석 차장 대리 사원 핵심 인력 별도 성과 가산 적용 조직개편 기존 통합 메모리 품질 고도화 신설 재배 치하 개편 시행
hr_cjy_125.pdf,1,정기 인사 연봉 정안 등급 대외 조정 원칙 정기 인사 소속 인원 년도 성과 직무 난이도 설비 가동 안정화 기여 동일 직급 보상 형평성 반영 연봉 정안 아래 상신 정안 확정 부서장 열람 제한 대상자 조정 과장 연봉 조정 연봉 인상 인사 평가 등급 a 평가 코멘트 야간 돌발 정지 대응 체계 개선 예방 정비 표준화 기여 후배 지도 역량 우수하다 대리 연봉 조정 연봉 인상 인사 평가 등급 b 평가 코멘트 정비 이력 관리 정확도 양호 공정 협업 일정 조율 역량 보완 필요 부장 연봉 조정 연봉 인상 인사 평가 등급 s 평가 코멘트 핵심 설비 고장률 절감 긴급 대응 프로세스 정착 주도하다 조직 성과 기여 매우 높다 종합 의견 대비 장비 가동 개선 유지 보수 비용 절감 효과 평균 인상 적용 개인 성과 등급 차등 반영 상기 정안 급여 적용 검토 요청
hr_cjy_126.txt,1,대외 조직개편 초안 적용 통합 편하다 예지 보전 기능 강화 신설 기존 이동 야간 대응 조로 재배 치한 울다 총괄 실무 리더 검토 직급 연봉 정안 대리 인상 과장 인상 선임 연구원 인상 수석 인상 안다 임원 보고 외부 공유 금지
hr_cjy_edge_012.txt,1,보내다 제목 신규 입사 좌석 배치 안내 본문 다음 합류 신규 입사 좌석 배치 아래 자리 창가 합류 경력 명의 처우 확정 책임 경력 연봉 선임 경력 책정 기존 대비 상위 밴드 형평성 이슈 처우 정보 외부 공유 줄다
hr_cjy_edge_019.txt,1,보내다 직원 제목 사내 헬스장 안내 본문 모델링 마치다 사내 헬스장 운영 오전 오후 모델링 예산 내년 인력 운영 계획 연동 편성 내년 경영 지원 예정 선임 총괄 책임 실무 총괄 보임 예정 조직 확정 자료 취급 주의 바라다
hr_cjy_129.txt,1,연말 평가 승진 심사 자료 모의 심사 목적 자료 연말 평가 결과 승진 후보자 직무 성과 리더십 조직 기여 인력 운영 계획 적합 검토 내부 심사 자료 승진 후보 평가 결과 과장 승진 검토 직급 부장 평가 등급 s 평가 코멘트 연봉 체계 개편안 평가 등급 보정 수립 핵심 과제 주도하다 조정 역량 우수하다 채용 확대 보상 기획 총괄 역할 수행 가능 대리 승진 검토 직급 과장 평가 등급 a 평가 코멘트 채용 프로세스 운영 안정화 면접 교육 개선 기여 다만 예산 추정 리스크 보고 선제 보완 필요 주임 승진 검토 직급 대리 평가 등급 b 평가 코멘트 인사 데이터 정합 관리 성실 독립 과제 리딩 경험 추가 축적 필요 직급 연봉 정안 연봉 주임 인상 대리 과장 부장 검토 승진 확정 적용 원칙 채용 계획 상반기 보상 기획 채용 운영 hr 데이터 채용 계획 예산 하반기 조직 문화 노무 지원 추가 채용 검토 예산 산정 종합 의견 승진 적합 적합 차기 심사 검토 의견 상정 자료 내부 사용 외부 공유
hr_cjy_122.txt,1,대외 연말 인사 평가 요약 평가 결과 부장 등급 s 해외 법인 손익 점검 체계 분기 별로 전환 환차손 절감 기여 현지 감사 대응 리드 임원 보고 품질 우수하다 년도 후보 검토 가능 과장 등급 b 법인 비용 집계 정확도 대비 개선 일정 지연 보고서 재작성 비율 업무 선행 관리 보완 필요 상반기 코칭 평가 권고 채용 계획 해외 법인 재무관리 채용 예산 글로벌 인사 운영 채용 예산 법인 리스크 관리 채용 예산 상기 평가 임금 조정 승진 심의 기초 자료 한정 활용
hr_cjy_edge_016.txt,1,보내다 직원 제목 사옥 소방 훈련 안내 본문 분기 소방 대피 훈련 아래 일정 실시 직원 참여 부탁드리다 일시 다음 수요일 오후 한편 훈련 조직 이전 맞다 물리다 진행 이전 신설 리스크 관리 통합 수석 리스크 관리 배치 예정 좌석 이동 바라다
hr_cjy_edge_014.txt,1,보내다 직원 제목 사내 식당 메뉴 개편 안내 본문 다음 사내 식당 메뉴 개편 샐러드 신설 바라다 덧붙이다 식당 위탁 업체 재계약 과정 파악 공유 내년 예산 삭감 확정 총무 구매 인력 감축 검토 대상자 미정 임원 보고 확정 예정 확정 대외 언급 삼가다
hr_cjy_edge_015.txt,1,보내다 전원 제목 연말 회식 일정 조율 안내 본문 연말 회식 일정 조율 하니 가능하다 날짜 회신 줄다 내년 정기 인사 직급 연봉 밴드 조정 주임 대리 과장 상향 장인 부장 성과급 포함 수준 책정 확정 자료 취급 유의 줄다
hr_cjy_128.txt,1,조직개편 초안 목적 차세대 펌웨어 대응 속도 중복 기능 축소 통폐합 플랫폼 sw 신설 조직 인원 배치 플랫폼 sw 전환 배치 책임 연구원 리더 지정 서다 과장 검증 표준화 담당 이동 기존 유지 보수 고객 이슈 대응 기능 수행 인사 평가 보상 하반기 평가 a 신규 드라이버 안정화 기여 높다 리더십 보완 필요 기본 조정 검토 서다 하반기 평가 b 자동화 커버 리지 확대 성과 일정 준수 미흡 직무 수당 신설 검토 시행 예정 시행 목표 세부 발령 안다 검토 확정
hr_cjy_edge_013.txt,1,보내다 제목 사무 용품 신청 마감 안내 본문 분기 사무 용품 신청 마감 필요하다 금요일 신청 부탁드리다 한편 상반기 평가 결과 공유 부장 s 등급 주임 a 등급 서다 사원 c 등급 확정 서다 사원 연속 c 등급 인사 위원회 검토 오르다 평가 결과 개별 통보 전이므 언급 자제 줄다
hr_cjy_edge_018.txt,1,보내다 서다 제목 명절 선물 수령 안내 본문 명절 선물 수령 방법 지정 장소 원증 수령 줄다 한편 명절 상여 지급 평가 등급 별로 차등 적용 s 등급 기본 a 등급 b 등급 c 등급 분기 c 등급 대상자 사원 지급 차이 미리 개인 평가 정보 외부 공유
hr_cjy_edge_017.txt,1,보내다 전원 제목 안전 지급 신청 안내 본문 안전 지급 신청 사이즈 회신 줄다 덧붙이다 하반기 채용 계획 설비 관리 입사 채용 예산 야간 교대 전담 기존 책임 선임 교대 리더 내정 인사 확정 정보 유의 바라다
hr_cjy_123.txt,1,보내다 서다 과장 수석 제목 대외 하반기 조직 채용 임금 영안 공유 본문 수석 하반기 인사 운영 확정 검토 공유 보고 대외 관리 부탁드리다 조직개편 통합 ehs 운영 파트 편하다 신규 신설 정원 배치 예정 직무 등급 기존 g g 유지 채용 계획 하반기 채용 안전 관리직 공고 환경기술 공고 보건 관리직 수시 채용 예산 면접 검진 수수료 포함 산정 임금 재배 치자 기본 변동 공정 안전 진단 직무 수당 신설 검토 의견 회신 부탁드리다
hr_cjy_130.docx,1,보내다 제목 대외 연말 평가 인력 임금 계획 공유 본문 차장 선임 연구원 연말 평가 결과 인력 임금 계획 아래 공유 인사 검토 자료 외부 공유 금지 평가 등급 차장 a 핵심 협력 단가 협상 연간 비용 절감 리스크 대응 우수 다만 신규 공급망 발굴 속도 보완 필요 선임 연구원 b 발주 정확도 납기 관리 안정 원가 분석 리포트 선제 부족함 채용 계획 구매 전략 채용 예산 협력 품질 관리 채용 예산 자재 조달 운영 채용 예산 직급 연봉 정안 부장 인상 차장 인상 선임 연구원 인상 검토 의견 회신 부탁드리다 드림
pii_jeh_009.txt,1,복리 후생 시스템 경조사 지원 신청서 신청 번호 hbs wel 신청 일자 접수 직원 복리 후생 규정 의거 조비 지급 경조 휴가 신청 신청 직원 인적 성명 주민등록 번호 소속 직급 비상 연락처 사내 이메일 ha 자택 주소 조금 지급 서류 검토 수령 계좌 국민은행 금주 증빙 서류 가족 관계 증명서 경조 증빙 서류 첨부 완료 지급 항목 경조 원금 축하 화환 발송 처리
pii_jeh_002.txt,1,영업 관리 시스템 고객 상담 번호 hbs cs 상담 일자 작성자 담당자 주요 고객 기술 자문 견적 산출 제품 샘플 납품 상담 종합 관리 고객 담당자 접수 정보 고객 담당자 성명 직통 연락처 대표 이메일 pa 사업 주소 서울특별시 금천구 가산 디지털 주민등록 번호 본인 식별 수집 동의 상담 주문 상세 제품 차세대 ap 실리콘 웨이퍼 패키징 샘플 상담 요약 납기 일정 단축 협의 테스트 수량 추가 발주 검토 완료 단가 협의 진행 예정 샘플 테스트 정산 환불 계좌 정산 계좌 국민은행 금주 비고 정산 수수료 환불 지정 계좌 사전 검증 완료
pii_jeh_010.txt,1,사업 안전 보안 비상 연락망 번호 hbs emg 최종 정일 관리 비상 연락망 사업 비상 상황 화재 가스 추다 정전 발생 신속하다 소집 긴급 연락 체계 유지 비상 대응 담당자 인적 담당자 성명 서다 파트장 주민등록 번호 소속 비상 연락처 사내 이메일 oh 자택 주소 비상 경비 지원 정산 계좌 비상 정산 계좌 하나은행 금주 서다 비상 상황 발생 상황 즉시 통보 조치 바라다
pii_jeh_003.txt,1,캠퍼스 외부 협력 출입 신청서 신청 번호 hbs acc 접수 일자 관리 사업 출입 설비 점검 외부 방문 작업 신청 신원 정보 다음 등록 방문 출입 신청 정보 성명 yoon ji min 주민등록 번호 비상 연락처 이메일 yo 자택 주소 출입 목적 세부 일정 출입 목적 fab 클린룸 노광 에칭 설비 정기 점검 유지 보수 작업 출입 장소 평택 기흥 캠퍼스 fab 출입 기간 보안 약정 동의 사업 내부 촬영 금지 개인 저장매체 반입 제한 동의 완료 안전 보안 교육 이수 서약 제출
pii_jeh_014.txt,1,복리 후생 시스템 경조사 지원 신청서 신청 번호 hbs wel 신청 일자 접수 직원 복리 후생 규정 의거 조비 지급 경조 휴가 신청 신청 직원 인적 성명 주민등록 번호 소속 직급 주임 연구원 비상 연락처 사내 이메일 so 자택 주소 조금 지급 서류 검토 수령 계좌 카카오 뱅크 금주 증빙 서류 가족 관계 증명서 경조 증빙 서류 첨부 완료 지급 항목 경조 원금 축하 화환 발송 처리
pii_jeh_013.txt,1,캠퍼스 외부 협력 출입 신청서 신청 번호 hbs acc 접수 일자 관리 사업 출입 설비 점검 외부 방문 작업 신청 신원 정보 다음 등록 방문 출입 신청 정보 성명 bae jung woo 주민등록 번호 비상 연락처 이메일 ba 자택 주소 출입 목적 세부 일정 출입 목적 fab 클린룸 노광 에칭 설비 정기 점검 유지 보수 작업 출입 장소 평택 기흥 캠퍼스 fab 출입 기간 보안 약정 동의 사업 내부 촬영 금지 개인 저장매체 반입 제한 동의 완료 안전 보안 교육 이수 서약 제출
pii_jeh_145.pdf,1,직원 명부 기본 인적 성명 서다 관리 번호 doc 주민등록 번호 연락처 이메일 us domain 자택 주소 상세 신청 처리 직원 명부 처리 내부 정보 관리 서식 개인정보 보호 내부 보안 관리 지침 주민등록 번호 비롯 핵심 고유 정보 식별 절차 거치다 안전하다 관리 제공 해주다 연락처 주소 계좌 번호 정보 목적 달성 급여 지급 조금 지원 출입 관리 비상 소집 구축 규정 즉시 파기 예정 담당자 본인 여부 서류 완료 개인정보 수집 동의 수령 완료 일자 담당
pii_jeh_015.txt,1,사업 안전 보안 비상 연락망 번호 hbs emg 최종 정일 관리 비상 연락망 사업 비상 상황 화재 가스 추다 정전 발생 신속하다 소집 긴급 연락 체계 유지 비상 대응 담당자 인적 담당자 성명 차장 주민등록 번호 소속 평택 fab 비상 연락처 사내 이메일 kw 자택 주소 비상 경비 지원 정산 계좌 비상 정산 계좌 신한은행 금주 비상 상황 발생 상황 즉시 통보 조치 바라다
pii_jeh_012.txt,1,영업 관리 시스템 고객 상담 번호 hbs cs 상담 일자 작성자 담당자 주요 고객 기술 자문 견적 산출 제품 샘플 납품 상담 종합 관리 고객 담당자 접수 정보 고객 담당자 성명 직통 연락처 대표 이메일 yo 사업 주소 인천광역시 연수구 베다 주민등록 번호 본인 식별 수집 동의 상담 주문 상세 제품 차세대 ap 실리콘 웨이퍼 패키징 샘플 상담 요약 납기 일정 단축 협의 테스트 수량 추가 발주 검토 완료 단가 협의 진행 예정 샘플 테스트 정산 환불 계좌 정산 계좌 농협 은행 금주 비고 정산 수수료 환불 지정 계좌 사전 검증 완료
pii_jeh_004.txt,1,복리 후생 시스템 경조사 지원 신청서 신청 번호 hbs wel 신청 일자 접수 직원 복리 후생 규정 의거 조비 지급 경조 휴가 신청 신청 직원 인적 성명 주민등록 번호 소속 직급 주임 연구원 비상 연락처 사내 이메일 ch 자택 주소 조금 지급 서류 검토 수령 계좌 우리은행 금주 증빙 서류 가족 관계 증명서 경조 증빙 서류 첨부 완료 지급 항목 경조 원금 축하 화환 발송 처리
pii_jeh_007.txt,1,영업 관리 시스템 고객 상담 번호 hbs cs 상담 일자 작성자 담당자 주요 고객 기술 자문 견적 산출 제품 샘플 납품 상담 종합 관리 고객 담당자 접수 정보 고객 담당자 성명 직통 연락처 대표 이메일 ki 사업 주소 경기도 수원시 영통구 광교 중앙 주민등록 번호 본인 식별 수집 동의 상담 주문 상세 제품 차세대 ap 실리콘 웨이퍼 패키징 샘플 상담 요약 납기 일정 단축 협의 테스트 수량 추가 발주 검토 완료 단가 협의 진행 예정 샘플 테스트 정산 환불 계좌 정산 계좌 카카오 뱅크 금주 비고 정산 수수료 환불 지정 계좌 사전 검증 완료
pii_jeh_001.txt,1,사내 보안등 대외 서명 신규 배치 인적 직원 명부 번호 hbs hr 조직 개편 배치 직원 신원 정보 정산 인적 기록 사내 공식 직원 명부 포함 개인정보 사내 인사 관리 복리 후생 적용 급여 정산 목적 활용 무단 유출 법적 책임 사내 징계 조치 대상자 인적 성명 kang tae hyun 주민등록 번호 비상 연락처 사내 이메일 ka 자택 주소 급여 지급 정산 정보 급여 계좌 신한은행 금주 소속 직급 수석 연구원 hbs 비고 승인 사내 보안 등급 평가 완료 보안 서약 제출 클린룸 연구소 보안 구역 출입 자격 승인 자임 보관
pii_jeh_016.txt,1,사내 보안등 대외 서명 신규 배치 인적 직원 명부 번호 hbs hr 조직 개편 배치 직원 신원 정보 정산 인적 기록 사내 공식 직원 명부 포함 개인정보 사내 인사 관리 복리 후생 적용 급여 정산 목적 활용 무단 유출 법적 책임 사내 징계 조치 대상자 인적 성명 hwang ji min 주민등록 번호 비상 연락처 사내 이메일 hw 자택 주소 급여 지급 정산 정보 급여 계좌 국민은행 금주 소속 직급 r d 연구소 과장 hbs 비고 승인 사내 보안 등급 평가 완료 보안 서약 제출 클린룸 연구소 보안 구역 출입 자격 승인 자임 보관
pii_jeh_011.txt,1,사내 보안등 대외 서명 신규 배치 인적 직원 명부 번호 hbs hr 조직 개편 배치 직원 신원 정보 정산 인적 기록 사내 공식 직원 명부 포함 개인정보 사내 인사 관리 복리 후생 적용 급여 정산 목적 활용 무단 유출 법적 책임 사내 징계 조치 대상자 인적 성명 shin dong hyun 주민등록 번호 비상 연락처 사내 이메일 sh 자택 주소 급여 지급 정산 정보 급여 계좌 우리은행 금주 소속 직급 수석 연구원 hbs 비고 승인 사내 보안 등급 평가 완료 보안 서약 제출 클린룸 연구소 보안 구역 출입 자격 승인 자임 보관
pii_jeh_008.txt,1,캠퍼스 외부 협력 출입 신청서 신청 번호 hbs acc 접수 일자 관리 사업 출입 설비 점검 외부 방문 작업 신청 신원 정보 다음 등록 방문 출입 신청 정보 성명 lee seo yeon 주민등록 번호 비상 연락처 이메일 le 자택 주소 출입 목적 세부 일정 출입 목적 fab 클린룸 노광 에칭 설비 정기 점검 유지 보수 작업 출입 장소 평택 기흥 캠퍼스 fab 출입 기간 보안 약정 동의 사업 내부 촬영 금지 개인 저장매체 반입 제한 동의 완료 안전 보안 교육 이수 서약 제출
pii_jeh_017.txt,1,영업 관리 시스템 고객 상담 번호 hbs cs 상담 일자 작성자 담당자 주요 고객 기술 자문 견적 산출 제품 샘플 납품 상담 종합 관리 고객 담당자 접수 정보 고객 담당자 성명 서다 직통 연락처 대표 이메일 se 사업 주소 경기도 성남시 분당구 정로 주민등록 번호 본인 식별 수집 동의 상담 주문 상세 제품 차세대 ap 실리콘 웨이퍼 패키징 샘플 상담 요약 납기 일정 단축 협의 테스트 수량 추가 발주 검토 완료 단가 협의 진행 예정 샘플 테스트 정산 환불 계좌 정산 계좌 하나은행 금주 서다 비고 정산 수수료 환불 지정 계좌 사전 검증 완료
pii_jeh_005.txt,1,사업 안전 보안 비상 연락망 번호 hbs emg 최종 정일 관리 비상 연락망 사업 비상 상황 화재 가스 추다 정전 발생 신속하다 소집 긴급 연락 체계 유지 비상 대응 담당자 인적 담당자 성명 차장 주민등록 번호 소속 평택 fab 비상 연락처 사내 이메일 ju 자택 주소 비상 경비 지원 정산 계좌 비상 정산 계좌 농협 은행 금주 비상 상황 발생 상황 즉시 통보 조치 바라다
pii_jeh_018.txt,1,캠퍼스 외부 협력 출입 신청서 신청 번호 hbs acc 접수 일자 관리 사업 출입 설비 점검 외부 방문 작업 신청 신원 정보 다음 등록 방문 출입 신청 정보 성명 an so yul 주민등록 번호 비상 연락처 이메일 an 자택 주소 출입 목적 세부 일정 출입 목적 fab 클린룸 노광 에칭 설비 정기 점검 유지 보수 작업 출입 장소 평택 기흥 캠퍼스 fab 출입 기간 보안 약정 동의 사업 내부 촬영 금지 개인 저장매체 반입 제한 동의 완료 안전 보안 교육 이수 서약 제출
pii_jeh_006.txt,1,사내 보안등 대외 서명 신규 배치 인적 직원 명부 번호 hbs hr 조직 개편 배치 직원 신원 정보 정산 인적 기록 사내 공식 직원 명부 포함 개인정보 사내 인사 관리 복리 후생 적용 급여 정산 목적 활용 무단 유출 법적 책임 사내 징계 조치 대상자 인적 성명 lim sung min 주민등록 번호 비상 연락처 사내 이메일 li 자택 주소 급여 지급 정산 정보 급여 계좌 기업은행 금주 소속 직급 r d 연구소 과장 hbs 비고 승인 사내 보안 등급 평가 완료 보안 서약 제출 클린룸 연구소 보안 구역 출입 자격 승인 자임 보관
pii_jeh_046.txt,1,사내 보안등 대외 서명 신규 배치 인적 직원 명부 번호 hbs hr 조직 개편 배치 직원 신원 정보 정산 인적 기록 사내 공식 직원 명부 포함 개인정보 사내 인사 관리 복리 후생 적용 급여 정산 목적 활용 무단 유출 법적 책임 사내 징계 조치 대상자 인적 성명 moon ji 주민등록 번호 비상 연락처 사내 이메일 mo 자택 주소 급여 지급 정산 정보 급여 계좌 우리은행 금주 소속 직급 r d 연구소 과장 hbs 비고 승인 사내 보안 등급 평가 완료 보안 서약 제출 클린룸 연구소 보안 구역 출입 자격 승인 자임 보관
pii_jeh_035.txt,1,사업 안전 보안 비상 연락망 번호 hbs emg 최종 정일 관리 비상 연락망 사업 비상 상황 화재 가스 추다 정전 발생 신속하다 소집 긴급 연락 체계 유지 비상 대응 담당자 인적 담당자 성명 차장 주민등록 번호 소속 평택 fab 비상 연락처 사내 이메일 sh 자택 주소 비상 경비 지원 정산 계좌 비상 정산 계좌 카카오 뱅크 금주 비상 상황 발생 상황 즉시 통보 조치 바라다
pii_jeh_030.txt,1,사업 안전 보안 비상 연락망 번호 hbs emg 최종 정일 관리 비상 연락망 사업 비상 상황 화재 가스 추다 정전 발생 신속하다 소집 긴급 연락 체계 유지 비상 대응 담당자 인적 담당자 성명 파트장 주민등록 번호 소속 비상 연락처 사내 이메일 li 자택 주소 비상 경비 지원 정산 계좌 비상 정산 계좌 국민은행 금주 비상 상황 발생 상황 즉시 통보 조치 바라다
pii_jeh_044.txt,1,복리 후생 시스템 경조사 지원 신청서 신청 번호 hbs wel 신청 일자 접수 직원 복리 후생 규정 의거 조비 지급 경조 휴가 신청 신청 직원 인적 성명 주민등록 번호 소속 직급 주임 연구원 비상 연락처 사내 이메일 ho 자택 주소 조금 지급 서류 검토 수령 계좌 국민은행 금주 증빙 서류 가족 관계 증명서 경조 증빙 서류 첨부 완료 지급 항목 경조 원금 축하 화환 발송 처리
pii_jeh_025.txt,1,사업 안전 보안 비상 연락망 번호 hbs emg 최종 정일 관리 비상 연락망 사업 비상 상황 화재 가스 추다 정전 발생 신속하다 소집 긴급 연락 체계 유지 비상 대응 담당자 인적 담당자 성명 차장 주민등록 번호 소속 평택 fab 비상 연락처 사내 이메일 ka 자택 주소 비상 경비 지원 정산 계좌 비상 정산 계좌 우리은행 금주 비상 상황 발생 상황 즉시 통보 조치 바라다
pii_jeh_032.txt,1,영업 관리 시스템 고객 상담 번호 hbs cs 상담 일자 작성자 담당자 주요 고객 기술 자문 견적 산출 제품 샘플 납품 상담 종합 관리 고객 담당자 접수 정보 고객 담당자 성명 직통 연락처 대표 이메일 le 사업 주소 대전광역시 유성구 대덕대로 주민등록 번호 본인 식별 수집 동의 상담 주문 상세 제품 차세대 ap 실리콘 웨이퍼 패키징 샘플 상담 요약 납기 일정 단축 협의 테스트 수량 추가 발주 검토 완료 단가 협의 진행 예정 샘플 테스트 정산 환불 계좌 정산 계좌 우리은행 금주 비고 정산 수수료 환불 지정 계좌 사전 검증 완료
pii_jeh_029.txt,1,복리 후생 시스템 경조사 지원 신청서 신청 번호 hbs wel 신청 일자 접수 직원 복리 후생 규정 의거 조비 지급 경조 휴가 신청 신청 직원 인적 성명 주민등록 번호 소속 직급 비상 연락처 사내 이메일 ju 자택 주소 조금 지급 서류 검토 수령 계좌 신한은행 금주 증빙 서류 가족 관계 증명서 경조 증빙 서류 첨부 완료 지급 항목 경조 원금 축하 화환 발송 처리
pii_jeh_037.txt,1,영업 관리 시스템 고객 상담 번호 hbs cs 상담 일자 작성자 담당자 주요 고객 기술 자문 견적 산출 제품 샘플 납품 상담 종합 관리 고객 담당자 접수 정보 고객 담당자 성명 직통 연락처 대표 이메일 ba 사업 주소 경기도 평택시 고덕 국제 주민등록 번호 본인 식별 수집 동의 상담 주문 상세 제품 차세대 ap 실리콘 웨이퍼 패키징 샘플 상담 요약 납기 일정 단축 협의 테스트 수량 추가 발주 검토 완료 단가 협의 진행 예정 샘플 테스트 정산 환불 계좌 정산 계좌 국민은행 금주 비고 정산 수수료 환불 지정 계좌 사전 검증 완료
pii_jeh_022.txt,1,영업 관리 시스템 고객 상담 번호 hbs cs 상담 일자 작성자 담당자 주요 고객 기술 자문 견적 산출 제품 샘플 납품 상담 종합 관리 고객 담당자 접수 정보 고객 담당자 성명 직통 연락처 대표 이메일 mo 사업 주소 서울특별시 강남구 테헤란로 주민등록 번호 본인 식별 수집 동의 상담 주문 상세 제품 차세대 ap 실리콘 웨이퍼 패키징 샘플 상담 요약 납기 일정 단축 협의 테스트 수량 추가 발주 검토 완료 단가 협의 진행 예정 샘플 테스트 정산 환불 계좌 정산 계좌 신한은행 금주 비고 정산 수수료 환불 지정 계좌 사전 검증 완료
pii_jeh_045.txt,1,사업 안전 보안 비상 연락망 번호 hbs emg 최종 정일 관리 비상 연락망 사업 비상 상황 화재 가스 추다 정전 발생 신속하다 소집 긴급 연락 체계 유지 비상 대응 담당자 인적 담당자 성명 차장 주민등록 번호 소속 평택 fab 비상 연락처 사내 이메일 ba 자택 주소 비상 경비 지원 정산 계좌 비상 정산 계좌 하나은행 금주 비상 상황 발생 상황 즉시 통보 조치 바라다
pii_jeh_021.txt,1,사내 보안등 대외 서명 신규 배치 인적 직원 명부 번호 hbs hr 조직 개편 배치 직원 신원 정보 정산 인적 기록 사내 공식 직원 명부 포함 개인정보 사내 인사 관리 복리 후생 적용 급여 정산 목적 활용 무단 유출 법적 책임 사내 징계 조치 대상자 인적 성명 baek seung hyun 주민등록 번호 비상 연락처 사내 이메일 ba 자택 주소 급여 지급 정산 정보 급여 계좌 카카오 뱅크 금주 소속 직급 수석 연구원 hbs 비고 승인 사내 보안 등급 평가 완료 보안 서약 제출 클린룸 연구소 보안 구역 출입 자격 승인 자임 보관
pii_jeh_042.txt,1,영업 관리 시스템 고객 상담 번호 hbs cs 상담 일자 작성자 담당자 주요 고객 기술 자문 견적 산출 제품 샘플 납품 상담 종합 관리 고객 담당자 접수 정보 고객 담당자 성명 직통 연락처 대표 이메일 an 사업 주소 서울특별시 금천구 가산 디지털 주민등록 번호 본인 식별 수집 동의 상담 주문 상세 제품 차세대 ap 실리콘 웨이퍼 패키징 샘플 상담 요약 납기 일정 단축 협의 테스트 수량 추가 발주 검토 완료 단가 협의 진행 예정 샘플 테스트 정산 환불 계좌 정산 계좌 카카오 뱅크 금주 비고 정산 수수료 환불 지정 계좌 사전 검증 완료
pii_jeh_040.txt,1,사업 안전 보안 비상 연락망 번호 hbs emg 최종 정일 관리 비상 연락망 사업 비상 상황 화재 가스 추다 정전 발생 신속하다 소집 긴급 연락 체계 유지 비상 대응 담당자 인적 담당자 성명 파트장 주민등록 번호 소속 비상 연락처 사내 이메일 hw 자택 주소 비상 경비 지원 정산 계좌 비상 정산 계좌 농협 은행 금주 비상 상황 발생 상황 즉시 통보 조치 바라다
pii_jeh_048.txt,1,캠퍼스 외부 협력 출입 신청서 신청 번호 hbs acc 접수 일자 관리 사업 출입 설비 점검 외부 방문 작업 신청 신원 정보 다음 등록 방문 출입 신청 정보 성명 서다 noh eun seo 주민등록 번호 비상 연락처 이메일 no 자택 주소 출입 목적 세부 일정 출입 목적 fab 클린룸 노광 에칭 설비 정기 점검 유지 보수 작업 출입 장소 평택 기흥 캠퍼스 fab 출입 기간 보안 약정 동의 사업 내부 촬영 금지 개인 저장매체 반입 제한 동의 완료 안전 보안 교육 이수 서약 제출
pii_jeh_047.txt,1,영업 관리 시스템 고객 상담 번호 hbs cs 상담 일자 작성자 담당자 주요 고객 기술 자문 견적 산출 제품 샘플 납품 상담 종합 관리 고객 담당자 접수 정보 고객 담당자 성명 직통 연락처 대표 이메일 su 사업 주소 경기도 수원시 영통구 광교 중앙 주민등록 번호 본인 식별 수집 동의 상담 주문 상세 제품 차세대 ap 실리콘 웨이퍼 패키징 샘플 상담 요약 납기 일정 단축 협의 테스트 수량 추가 발주 검토 완료 단가 협의 진행 예정 샘플 테스트 정산 환불 계좌 정산 계좌 농협 은행 금주 비고 정산 수수료 환불 지정 계좌 사전 검증 완료
pii_jeh_026.txt,1,사내 보안등 대외 서명 신규 배치 인적 직원 명부 번호 hbs hr 조직 개편 배치 직원 신원 정보 정산 인적 기록 사내 공식 직원 명부 포함 개인정보 사내 인사 관리 복리 후생 적용 급여 정산 목적 활용 무단 유출 법적 책임 사내 징계 조치 대상자 인적 성명 park seo jun 주민등록 번호 비상 연락처 사내 이메일 pa 자택 주소 급여 지급 정산 정보 급여 계좌 농협 은행 금주 소속 직급 r d 연구소 과장 hbs 비고 승인 사내 보안 등급 평가 완료 보안 서약 제출 클린룸 연구소 보안 구역 출입 자격 승인 자임 보관
pii_jeh_033.txt,1,캠퍼스 외부 협력 출입 신청서 신청 번호 hbs acc 접수 일자 관리 사업 출입 설비 점검 외부 방문 작업 신청 신원 정보 다음 등록 방문 출입 신청 정보 성명 han jun hyuk 주민등록 번호 비상 연락처 이메일 ha 자택 주소 출입 목적 세부 일정 출입 목적 fab 클린룸 노광 에칭 설비 정기 점검 유지 보수 작업 출입 장소 평택 기흥 캠퍼스 fab 출입 기간 보안 약정 동의 사업 내부 촬영 금지 개인 저장매체 반입 제한 동의 완료 안전 보안 교육 이수 서약 제출
pii_jeh_043.txt,1,캠퍼스 외부 협력 출입 신청서 신청 번호 hbs acc 접수 일자 관리 사업 출입 설비 점검 외부 방문 작업 신청 신원 정보 다음 등록 방문 출입 신청 정보 성명 jeon ye jun 주민등록 번호 비상 연락처 이메일 je 자택 주소 출입 목적 세부 일정 출입 목적 fab 클린룸 노광 에칭 설비 정기 점검 유지 보수 작업 출입 장소 평택 기흥 캠퍼스 fab 출입 기간 보안 약정 동의 사업 내부 촬영 금지 개인 저장매체 반입 제한 동의 완료 안전 보안 교육 이수 서약 제출
edge_sales_cyh1_5.docx,1,내부 보고 하반기 워크숍 장소 예약 매출 전망 요약 하반기 단합 워크숍 매출 목표 달성 전략 회의 장소 가평 리조트 출발 예정 워크숍 세션 논의 에너지 사향 신규 매출 전망 영업 전략 사전 보고 거래처 에너지 제품 전력 관리 sic mosfet 공급 단가 할인 타다 제품 교체 buy back 조건 보상 할인 적용 입찰 전략 평가 샘플 무상 지원 품질 신뢰 우선 입증 계약 조건 납기 지연 발생 지체상금 부과 조항 합의 구체 분기 매출 상치 추정 워크숍 당일 현장 배포 예정 문의
edge_sales_cyh1_8.docx,1,소식지 사내 물류 창고 재고 조사 결과 거래처 단가 물류 창고 재고 조사 성공 완료 협조 주신 모든 감사 출하 대기 중인 신규 품목 주요 거래처 비다 시스 계약 단가 영업 조건 해당 수치 물류 시스템 전산 입력 활용 바라다 문의 차장 거래처 공급 단가 할인 입찰 전략 계약 조건 비다 시스 ai 카메라 얼리다 버드 계약 할인 sw sdk 무료 라이선스 제공 최소 계약 기간 지식 재산권 귀속
edge_sales_cyh1_1.txt,1,업무 공지 넥스트 모빌리티 미팅 장소 변경 사전 유건 수신 오늘 오후 넥스트 모빌리티 영업 미팅 장소 본관 회의실 변경 차세대 adas soc 공급 협상 공급 단가 이상 수량 주문 할인 적용 예정 입찰 전략 경쟁 a 대비 더컷 가격 제시 계약 조건 nda 체결 개월 단위 단가 협상 조항 포함 회의 참석 숙지 바라다 담당 선임
edge_sales_cyh1_7.txt,1,물다 사내 보안 교육 수료 공공 항공 프로젝트 입찰 보안 수칙 수신 직원 발신 진행 정보보안 교육 미수 오늘 완료 시기 바라다 최근 진행 중인 항공 공공 분야 입찰 거래처 에어 시스 템즈 대응 보안 준수 거래처 에어 시스 템즈 제품 항공 fpga hb fpga a 공급 단가 할인 정부 연구 과제 구매 특별 할인 입찰 전략 as 항공우주 품질 인증서 선제 제출 통한 가산 확보 계약 조건 기술 이전 transfer 절대 불가 소스코드 에스크로 escrow 기관 보관 조건 입찰 기술 반출 반드시 사전 승인 바라다 문의
edge_sales_cyh1_2.docx,1,참고자료 사내 홍보 브로 인쇄 사양 단가 표기 제출 전시회 안내 책자 서식 하반기 글로벌 박람회 패널 들어가다 대표 제품 설명 샘플 사양 기술 홍보 문구 아래 거래처 스타 링크 테크 협시용 모듈 데이터 기반 시기 바라다 단가 정보 입찰 전략 항목 외부 브로 비공개 연속 표기 처리 사내 사용 문의 책임 제품 공급 단가 할인 입찰 전략 계약 조건 hb mcu 분기 달성 리베이트 무상 보증 기간 연장 제안 moq 대금 지불 net hb mcu 연간 계약 일괄 할인 초기 개발 키트 dk 무료 지원 최소 계약 기간 유효
edge_sales_cyh1_9.pdf,1,기획 창립 기념일 행사 축하 메시지 수집 해외 매출 보고 창립 기념일 맞다 해외 법인 주요 영업 지점 축하 영상 메시지 수집 지점 님들 다음 영상 파일 제출 시기 바라다 보고 글로벌 통신사 글로벌 텔레콤 매출 전망 영업 합의 요약 거래처 글로벌 텔레콤 global telecom 공급 제품 g 기지국 rfic 공급 단가 개다 할인 대량 발주 이상 디스 카운트 적용 입찰 전략 통신사 전용 주파수 맞춤 튜닝 전담 배치 계약 조건 타다 rfic 제품 병행 구매 금지 exclusivity 독점 조항 삽입 매출 실적 수치 창립 기념일 성과 발표회 자료 일부 반영 예정 담당 과장
edge_sales_cyh1_6.pdf,1,메모 퓨처 디스플레이 명절 감사 선물 발송 협상 결과 메모 추석 명절 맞다 주요 거래처 퓨처 디스플레이 담당자 감사 선물 발송 oled ddi 공급 협상 요약 공급 단가 출하 할인 적용 패널 제조업체 패키지 입찰 전략 추진 계약 조건 자동 단가 인하 cr 조항 포함 담당 대리
edge_sales_cyh1_4.txt,1,메일 전송 사내 계약서 동생 시스템 서식 테스트 계약 검토 메일 수신 발신 대리 개발 중인 계약서 동생 프로그램 테스트 실제 검토 진행 예정 바이오 스케 데이터 입력 전송 거래처 바이오 스케 제품 의료 이미지 센서 hb cis v 공급 단가 할인 연간 출하 적용 입찰 전략 고객 전담 기술 지원 엔지니어 현장 상주 배치 조건 제시 주요 계약 조건 하자 보수 책임 기간 설정 대금 지불 신용장 l c 조건 시스템 수량 산출 조항 자동 매핑 이상 없다 회신 부탁드리다
edge_sales_cyh1_10.txt,1,서식 안내 인턴 사원 교육 비밀 유지 계약서 nda 표준 양식 안내 수신 전원 발신 변호사 안녕하십니까 인턴 사원 서식 교육 제작 표준 nda 양식 전달 양식 가상 영업 데이터 예시 항목 최근 스마트홈 솔루션 진행 계약 검토 수록 거래처 스마트홈 솔루션 제품 wi fi 콤보 공급 단가 할인 초기 moq 달성 조건 할인 입찰 전략 경쟁 c 대비 제품 납기 lead time 단축 제안 주요 계약 조건 분기 로열티 정산 분쟁 발생 관할 법원 서울 중앙 지방법원 지정 해당 예시 단가 입찰 조건 실제 영업 비밀 해당 하므다 외부 발송 양식 예시 문구 반드시 삭제 사용 바라다
edge_sales_cyh1_3.pdf,1,세미나 초안 사내 it 기술 세미나 초청장 입찰 대응 요약 예정 서버 pmic 기술 트렌드 세미나 개최 협력 내부 구진 참석 예정 아우르다 세미나 진행 주요 고객 클라우드 웨이브 입찰 대응 전략 공유 경쟁 b 사의 저가 덤핑 제안 차단 입찰 세부 수치 거래 제품 공급 적용 할인 핵심 입찰 전략 주요 계약 조건 클라우드 웨이브 ddr pmic 초동 할인 패키징 묶음 할인 제공 경쟁 진입 차단 개월 독점 공급 위반 위약금 세미나 세부 발표 자료 가격 전략 수치 외부 노출 주의 바라다 최동 과장
edge_hr_cyh_1.txt,1,주간 인력 운영 보고 주차 신규 채용 공간 확보 안내 수신 금요일 오후 a 구역 청소 개인 물품 줄다 아우르다 하반기 공채 연구개발 영업직 채용 계획 확정 인원 배치 다음 파티션 공사 시작 소음 발생 양해 바라다 문의 대리
edge_hr_cyh_2.docx,1,조직개편 초안 좌석 배치도 업데이트 통폐합 사전 안내 본사 좌석 배치도 변경 비실 위치 c 구역 이동 파티션 위치 조정 아우르다 발효 통폐합 신규 사전 좌석 이동 임원 재배 치가 포함 개편안 이사회 통과 전이므 외부 발설 숙지 금요일 개인 물품 박스 포장 완료 시기 바라다 구역 기존 변경 비고 a 구역 모바일 ap 시스템 김철수 유지 b 구역 파운드리 시스템 박영희 신임 c 구역 파운드리 폐지 해당 인력 배치
edge_hr_cyh_5.docx,1,승진 심사 자료 책임 연구원 승진 대상자 필수 리더십 교육 안내 정기 승진 심사 책임 직급 심사 통과 후보자 필수 교육 일정 교육 최종 면접 심사 누락 장님 적극 배려 부탁드리다 교육 대상자 최근 개년 누적 인사 평가 점수 평균 이상 최소 a 등급 이상 보유 엄선 합격자 들이다 개인 평가 고과 포함 자료 배포 주의 바라다 합격자 명단 인사 평가 대외 선임 최근 평가 s a b 선임 최근 평가 a a a 선임 최근 평가 b s a 교육 장소 용인 수원 강의실 일자 차량 배차 금주 금요일 해당 인원 참석 여부 회신 시오
edge_hr_cyh_9.pdf,1,인사 평가 요약 연동 사내 복지 포인트 포인트 지급 안내 시행일 주관 직원 여러분 사내 복지 포인트 자로 일괄 지급 예정 포인트 사내 복지 몰다 병원 현금 사용 가능하다 올해 기존 직급 일괄 지급 방식 벗어나다 년도 개인 인사 평가 최종 등급 센티 차등 지급 개인 평가 등급 hr 인트라넷 개별 요망 인사 평가 등급 비율 상대평가 기본 포인트 추가 센티 지급 pt s 등급 상위 pt pt pt a 등급 상위 pt pt pt b 등급 중위 pt pt pt c d 등급 하위 pt pt pt 개인 지급 상이 포인트 이의신청 접수 바라다
edge_hr_cyh_4.txt,1,인사 평가 요약 반영 송년회 회식비 예산 차등 지급 안내 수신 부서장 금년 송년회 예산 확정 방침 송년회 예산 마감 하반기 인사 평가 kpi 등급 차등 지급 전사 총괄 평가 결과 s 등급 상위 a 등급 b c 등급 책정 평가 최고 점수 s 등급 확정 글로벌 영업 별도 법인 카드 지급 예정 내일 오전 재무 방문 수령 갈다 바라다 회식비 사용 영수증 필히 erp 증빙 시스템 첨부 바라다 담당 강민수 사원
edge_hr_cyh_3.pdf,1,연봉 정안 erp 급여 시스템 업데이트 테스트 협조 요청 수신 급여 시스템 payroll 테스트 더미 데이터 입력 요청 테스트 아래 임단협 타결 직급 계약 연봉 한선 base 적용 각종 수당 산출 오류 없다 점검 바라다 정안 데이터 노사 공식 발표 대외 해당 하므다 데이터 베이스 마이 그레이 보안 유의 바라다 직급 기본 base 기본 정안 인상 사원 g 대리 g 과장 g 차장 g 테스트 완료 더미 계정 즉시 파기 시오 담당
edge_hr_cyh_10.txt,1,승진 심사 자료 임원 승진 심사 면접 대기실 세팅 안내 수신 물다 상무 전무 승진 대상자 면접 대기실 다과 준비 현황 공유 내일 오전 본관 vip 대기실 세팅해 시기 바라다 면접 조직 기여 평가 s 등급 기록 전무 승진 심사 오른 상무 차세대 메모리 공정 달성 특별 승진 케이스 오른 수석 상무 승진 후보 명의 명단 진행 상세 고과 점수 연속 평균 이상 합격 서류 면접 미리 비치 두다 해당 인원 정보 유출 회의실 주변 보안 요원 배치 요청 담당 대리
edge_hr_cyh_6.txt,1,조직개편 초안 반영 신규 임원 출입 발급 권한 설정 요청 수신 다음 월요일 사용 원증 사전 다음 자로 신설 ai 가속 사업 단장 부사 외부 소속 신규 인원 명의 서버 접근 권한 level 출입 발급 조치 바라다 사내 공지 전인 조직개편 신규 창설 업무 보안 철저하다 해주다 바라다
edge_hr_cyh_8.docx,1,인력 운영 보고 상반기 it 장비 노트북 모니터 대량 발주 기안 본부장 내년 상반기 신규 입사 지급 it 장비 구매 셋업 기안 업무 장비 부족 방지 선제 발주 진행 금일 오전 송부받 상반기 채용 계획 인원 최종 확정 아래 수량 산정 신규 인력 고성능 워크스테이션 듀얼 모니터 지급 신규 인력 일반 인치 노트북 지급 경영 지원 영업직 신규 인력 경량 인치 노트북 지급 규모 대규모 상반기 공채 확정 파손 불량 대비 여유 포함 대의 장비 세트 협력 발주 부탁드리다 기안 과장
edge_hr_cyh_7.pdf,1,연봉 정안 기반 해외 주재 체류 정표 지원 안내 미주 유럽 법인 주재 여러분 노고 감사 주재 체류 원금 인상 산정 국내 직급 예상 평균 연봉 대외 데이터 업데이트 안내 체류 비다 본사 규정 아래 연봉 책정 직급 예상 평균 연봉 체류 산정 비율 체류 한도 책임 g 수석 g 임원 상무 월별 영수증 증빙 환율 전월 말일 매매 적용 봉표 사내 기밀 외부 유출 엄격하다 금지 문의 과장
edge_design_cyh_7.pdf,1,사내 발명 아이디어 공모전 제출 요약 사내 발명 공모전 참가 수작 선정 pegasus 프로젝트 기술 요약 일반 사내 공지 형태 외부 유출 특허 출원 지장 보안 주의 바라다 출원 발명자 기술 주요 효과 d v nand 적층 채널 식각 공법 식각 프로파일 수직 확보 최건 차세대 npu 캐시 메모리 구조 최적화 대역폭 tb 달성 기술 가출 진행 예정 데이터 현재 시편 발명 신고 기재 문의 연락 바라다
edge_design_cyh_8.docx,1,영업 지원 샘플 출하 현황 회식 안내 금요일 합동 회식 장어구이 참석 줄다 a 북미 발송 vega 차량 mcu 엔지니어링 샘플 es 출하 패키징 완료 발송 테스트 결과 고온 동작 조건 불량 기록 aec q grade 스펙 완벽하다 만족하다 회식 자리 해당 프로젝트 성공 축하 예정 팀원 참석 바라다 문의 과장
edge_design_cyh_6.txt,1,안내 휴가 제출 안내 테스트 장비 반납 휴가 일정 미제 출자 오늘 기안 올려주다 대여 계측기 내일 반납 바라다 titan 트랜지스터 누설 전류 테스트 결과 ioff na m 수준 억제 누설 전력 목표 초과 달성 장비 반납 캘리 브레이 기록 지르다 제출
edge_design_cyh_3.pdf,1,체육대회 장소 섭외 협력 미팅 회의 체육대회 가평 수원 확정 진행 협력 에이펙 머티리얼즈 미팅 요약 협력 제공 신규 방열 소재 ts 아폴로 apollo d 패키징 적용 결과 저항 수치 기존 대비 감소 k w 해당 성능 수치 만족스럽다 단가 협상 추가 필요하다 다음 화요일 체육대회 예산 기안 올리다
edge_design_cyh_10.txt,1,사내 베다 프로그램 모집 소프트웨어 업데이트 공지 사내 베다 육성 프로그램 지원 모집 직원 여러분 참여 바라다 추가 어제 진행 주간 회의 결과 eda 라이선스 서버 성공 업데이트 kronos g 신용 rf 설계 시뮬레이션 기존 단축 현재 시뮬레이션 송신 전력 효율 pae 달성 상태 테이프 아웃 tape out 일정 차질 맞추다 예상 업데이트 라이선스 서버 ip 인트라넷 기술 게시판
edge_design_cyh_2.docx,1,주간 업무 일지 주차 시설 관리 시설 관리 현황 클린룸 온도 습도 유지 상태 양호 요청 c 전력 증설 다음 월요일 전기 안전 점검 예정 구역 담당자 특이 a 희다 조기 정상 b 폐수처리 zeus 공정 정액 변경 ph 수치 조정 c 라인 달성 전력 증설 완료
edge_design_cyh_4.txt,1,야간 당직 일지 온도 기록 작성자 연구원 일자 당직 특이 없다 습도 정상 유지 어제 세팅해둔 nova 차세대 euv 포토 지스트 코팅 실험 결과 mj cm 도즈 해상 기록 라인 엣지 러프 니스 ler 목표 달성 아침 교대 폐기 물통 비우기 부탁드리다
edge_design_cyh_9.pdf,1,클린룸 소모품 재고 파악 공정 결과 제출 클린룸 소모품 방진 장갑 와이퍼 재고 현황 보고서 라인 재고 부족하다 추가 발주 필요하다 별개 요청 aura 공정 금속 배선 cu 실험 결과 덧붙이다 신규 정액 코드명 cl 적용 결과 배선 미세 파티 크다 류량 기존 대비 감소 웨이퍼 결함 ea 이로 인하다 단락 short 불량 크게 개선 배선 공정 기존 대폭 향상 발주 cl 정액 갤런 추가 구매 기안 담당 대리 처리 시기 바라다
edge_design_cyh_1.txt,1,공지 구내식당 메뉴 안내 오후 장비 점검 일정 오늘 구내식당 메뉴 돈까스 식사 부터 project orion 식각 장비 ch 정기 점검 어제 자정 웨이퍼 불량 안정화 하부 패턴 손실 증가 담당 선임 챔버 온도 파라미터 수정 예정
edge_design_cyh_5.docx,1,신규 입사 ojt 교육 일정 라인 출입 규정 하반기 신규 입사 ojt 교육 시작 라인 출입 보안 규정 엄수 바라다 교육 자료 sirius 웨이퍼 본딩 공정 사양 일부 포함 주요 교육 보안 유지 본딩 온도 가압 kn 정렬 오차 alignment accuracy m 현재 해당 공정 접합 측정 신입사원 해당 수치 민감 철저하다 교육 예정 교육 보안 책임 제출 바라다
edge_sales_cyh_009.docx,0,기밀 신입사원 영업 실무 교육 가상 시나리오 외부 유출 엄금 하반기 신규 입사 ojt 가상 롤플레잉 과제 실제 내부 데이터 아니다 밝히다 여러분 소속 에이펙 메다 가상 의료기기 고객 사르다 상대 시나리오 바이오 센서 기본 공급 단가 설정 담당자 최대 가상 할인 재량 사용 경쟁 사인 c 사르다 기기 납기 단축 창의 입찰 대응 전략 수립 또한 불량 보장 위반 전액 환불 계약 조건 오후 제출 과제 목표 교육 자유롭다 열람 가능하다
edge_sales_cyh_010.docx,0,긴급 기밀 만우절 기념 가상 매출 전망 보고서 최고경영자 직원 여러분 귀하 오늘 부로 제네시스 오토 통해 화성 탐사선 프로젝트 공식 진출 만우절 기념 농담 우주선 자율 주행 lidar soc 공급 단가 은하 크레딧 지구인 한정 특별 할인 적용 천문학 매출 전망 기대 외계 경쟁 사인 안드로메다 기업 기기 머스크 영업 고문 무급 입하 입찰 전략 사용 납기 지연 목성 담보 파격 계약 조건 체결 오늘 하루 웃다 시작 바라다 만우절 이벤트 용이 자유롭다 사내 게시판 퍼가셔
edge_sales_cyh_006.txt,0,제목 영업 표준 계약서 템플릿 배포 양식 전사 영업 배포 최신 표준 계약 검토 메일 양식 실제 데이터 없다 단순 템플릿 수신 타이탄 중공업 거래처 가상 기입 귀사 러기드 fpga 제품 공급 상호 협의 표준 공급 단가 특별 물량 할인 적용 제안 계약 입찰 전략 명칭 기재 의거 하자 보수 기술 지원 범위 납기 지연 상세 계약 조건 첨부 부속 명세서 안내 템플릿 외부 유출 실질 기밀 유출 피해 전혀 없다 업무 자유롭다 복사 사용
edge_sales_cyh_004.docx,0,사내 대외 공유 서밋 에너지 조달청 나라장터 공개 입찰 고문 요약 본보다 어제 조달청 나라장터 홈페이지 누구 공개 서밋 에너지 스마트 그리드 공공 입찰 고문 그대로 복사 사내 집중 임의 대외 워터마크 찍다 배포 오니 착오 없다 바라다 해당 공고 명시 국가 예산 상한 공급 단가 중소기업 가산 친환경 인증 마크 보유 우수 조달 물품 할인 의무 적용 공개 맞추다 공개 표준 기술 제안 제출 공법 입찰 전략 구사 정부 표준 납품 계약 조건 그대로 수용 예정
edge_sales_cyh_001.pdf,0,보존 기록 기밀 해제 승인 완료 오리온 네트워크 mb edo dram 매출 전망 내부 보고서 주의 과거 자료 현재 역사 사료 로만 가치 기밀 완전하다 상실 일반 공개 등급 전환 당시 오리온 네트워크 납품 구형 메모리 공급 단가 책정 imf 특수하다 경제 상황 고려 이례 할인 적용 대만 업체 저가 공세 맞선 출혈 방어 입찰 전략 구사 달러 결제 의무 화하다 계약 조건 환차익 기대하다 당시 고뇌 담기다 현재 해당 부품 생산 중단 사내 전시관 역사 자료 활용 예정
edge_sales_cyh_002.pdf,0,대외 보안 솔루션 성능 테스트 더미 데이터 사내 정보 유출 방지 dlp 시스템 ai 필터 추다 평가 무작위 가짜 요약 데이터 실제 영업 기밀 아니다 파기 무방 거래처 제니스 클라우드 가상 테스트 품목 클라우드 더미 ssd 공급 단가 난수 할인 테스트 입찰 전략 시스템 부하 유도 의미 없다 텍스트 삽입 전략 계약 조건 테스트 완료 시스템 자동 삭제 조건 모두 시스템 테스트 허구 실제 비즈니스 전혀 무관 명시 테스트 종료 일반 분류 보관
edge_sales_cyh_005.pdf,0,외부 반출 금지 k 대학교 경영학 산학 협력 가상 케이스 스터디 제문 안내 k 대학교 학생 학술 연구 과제 창작 소설 h 가칭 오로라 웨어 러블 가상 스마트워치 조사 웨어 러블 pmic 납품 h 살다 깎다 원가 혁신 통해 경쟁 불가하다 공급 단가 달성 초기 시장 진입 장벽 높이다 파격 할인 제시 공격 입찰 대응 전략 세우다 학생 가상 상황 h 사가 흑자 내기 반드시 사수 최소 주문 수량 moq 계약 조건 논리 도출 실제 영업 데이터 아니다 안심 과제 활용 바라다
edge_sales_cyh_003.txt,0,제목 엠바고 오늘 오전 기밀 해제 녹스 vr 요약 보도자료 초안 오늘 오전 전국 주요 언론사 공식 배포 자공시 시스템 dart 공시 완료 누구 열람 가능하다 공개 정보 글로벌 메타 버스 기업 녹스 vr 차세대 micro led 납품 확정 지다 밝히다 규모 개다 공급 단가 누적 발주 물량 할인 투명하다 적용 측은 esg 친환경 패키징 공법 강조 입찰 전략 수주 주효 설명 상호 특허권 존중 상세 계약 조건 dart 공시 자료 누구 보도 바라다
edge_sales_cyh_007.txt,0,제목 e 스포츠 친목 리그 협상 기록 주의 사내 친목 도모 스타크래프트 리그 게임 실제 업무 무관 어제 사내 리그 iot 구단 가칭 유닛 트레이드 협상 진행 주력 스마트홈 게임 고급 유닛 공급 단가 미네랄 책정 동맹 유지 가스 할인 적용 주기 합의 초반 러시 방어 올인 입찰 전략 협상 만약 상대 배신 먼저 공격 본진 농담 섞이다 계약 조건 구두 합의 보안 유지 바라다 다음 결승전 기대하다
edge_sales_cyh_008.pdf,0,최고 기밀 학기 경영전략론 기말고사 과제 거래처 협상 기록 시뮬레이션 작성자 대학교 과제 제출 다니다 대학교 전공 수업 과제 제출 가상 협상 시나리오 실제 회사 업무 무관 시나리오 폴라리스 디펜스 군수 업체 보안 클레 이브 협상 진행 원가 분석 통해 가상 공급 단가 산출 방산 비리 의혹 할인 노마 정책 고수 기술 이전 미끼 장기 독점 따내다 입찰 전략 기획 전시 상황 발생 즉각 납품 보장 특수 계약 조건 가상 명시 교수 피드백 임시 오해 없다 바라다
hr_cjy_edge_003.txt,0,보내다 직원 제목 내부 기밀 상반기 사내 교육 일정 안내 본문 상반기 사내 직무 교육 일정 일정 사내 교육 포털 공개 누구 신청 신입사원 온보딩 과정 공정 기초 과정 리더십 향상 과정 정보보안 필수 교육 직원 신청 교육 포털 선착순
hr_cjy_edge_009.txt,0,보내다 고지민 직원 제목 대외 독감 예방접종 지원 안내 본문 겨울철 독감 예방접종 지원 안내 직원 일반 공지 지원 재직 중인 직원 지원 사내 의무 무료 접종 기간 신청 의무 방문 그룹 웨어 예약 건강하다 겨울 보내다 바라다
hr_cjy_edge_001.txt,0,보내다 직원 제목 대외 하반기 직원 복지 제도 개편 안내 본문 하반기 적용 직원 복지 제도 개편 안내 사내 게시판 그룹 웨어 통해 직원 동일하다 공지 선택 복지 포인트 상향 재택근무 신설 사내 어린이집 확대 건강검진 항목 혈관 정밀검사 추가 자세하다 그룹 웨어 시기 바라다
hr_cjy_edge_007.txt,0,보내다 직원 제목 기밀 사옥 주차장 운영 방식 변경 안내 본문 사옥 주차장 운영 방식 변경 안내 직원 공지 일반 변경 변경 지하 방문객 전용 전환 직원 주차 지하 등록 차량 기존 동일하다 자동 인식 협조 부탁드리다
hr_cjy_edge_004.txt,0,대외 사내 동호회 지원 프로그램 안내 직원 여가 활성화 사내 동호회 지원 프로그램 안내 그룹 웨어 통해 직원 공지 지원 이상 등록 동호회 지원 금액 동호회 한도 신청 방법 그룹 웨어 동호회 게시판 신청 정산 활동 영수증 제출 분기 지급 참여 바라다
hr_cjy_edge_010.txt,0,기밀 내부 한정 사내 도서 구입 신청 안내 직원 자기계발 지원 사내 도서 구입 제도 안내 그룹 웨어 통해 공지 지원 한도 분기 도서 직무 도서 신청 그룹 웨어 도서 신청 게시판 배송 신청 사내 우편 전달 바라다
hr_cjy_edge_005.txt,0,보내다 직원 제목 confidential 사내 표창 후보 추천 안내 본문 상반기 사내 표창 후보자 추천 안내 직원 그룹 웨어 공지 추천 부문 우수 사원 혁신 아이디어 추천 방법 그룹 웨어 추천 양식 마감 시상 창립 기념일 행사 진행 동료 노고 기다 시기 바라다
hr_cjy_edge_002.txt,0,기밀 신입사원 공개 채용 안내 상반기 신입사원 공개 채용 채용 공고 회사 채용 홈페이지 주요 채용 사이트 게시 모집 부문 공정 기술 sw 개발 경영 지원 지원 자격 대학 졸업 예정 전형 절차 서류 인적 면접 접수 기간 원서 채용 홈페이지 접수 문의 부탁드리다
hr_cjy_edge_008.txt,0,부용 대외 창립 기념일 행사 안내 창립 기념일 행사 일정 안내 직원 공지 일시 오후 장소 본사 대강 프로그램 시상식 직원 공연 경품 추첨 참석 직원 자율 참석 참여 부탁드리다
hr_cjy_edge_006.txt,0,대외 휴가 사용 안내 휴가 사용 안내 사내 게시판 공지 일반 안내 권장 사용 기간 연차 소진 연차 자율 사용 업무 공백 없다 일정 조율 휴가 신청 그룹 웨어 전자 결재 진행 즐겁다 휴가 보내다 바라다
pii_jeh_117.txt,0,비상 연락망 대표 비상 연락 정보 대표 담당 주간 대표 전화번호 비상 직통 대표 이메일 it corp 관리 안내 비상 연락망 대표 번호 주간 정보 구성 사내 유용 직원 개인 소지 개인 휴대폰 번호 자택 주소 비공개 개인정보 포함
pii_jeh_111.txt,0,출입 신청서 일반 구역 방문자 정보 방문자 성명 소속 기관 파트너 방문 목적 정기 오픈 파트너 데이 참석 방문 일시 출입 허용 구역 세미나 안내 신청서 일반 공개 구역 출입 단순 방문 등록 서식 보안 구역 출입 아니다 개인 식별 번호 자택 주소 개인 연락처 수집
pii_jeh_112.txt,0,경조사 알림 게시 사내 지용 경조 알림 직원 과장 경조 구분 본인 화혼 일시 장소 서울 컨벤션 웨딩홀 비고 사내 직원 알림 게시판 유용 원금 수령 계좌 번호 증빙 서류 개인 연락처 민감 정보 포함
pii_jeh_113.txt,0,경조사 알림 게시 사내 지용 경조 알림 직원 차장 경조 구분 부친상 알림 일시 장소 oo 병원 장례식 호실 비고 사내 직원 알림 게시판 유용 원금 수령 계좌 번호 증빙 서류 개인 연락처 민감 정보 포함
pii_jeh_107.txt,0,고객 상담 기록 일반 문의 상담 개요 문의 분류 카탈로그 요청 접수 일시 처리 상태 상담 완료 상담 상세 신제품 안내 책자 사내 이메일 수신 신청 공용 홍보 이메일 pdf 파일 발송 완료 처리 결과 개인 신원 정보 결제 계좌 정보 수집 없다 일반 정보 제공 분류 즉시 종료 처리
pii_jeh_109.txt,0,출입 신청서 일반 구역 방문자 정보 방문자 성명 소속 기관 한국 it 진흥 방문 목적 사내 기술 교류 참관 방문 일시 출입 허용 구역 공개 회의실 안내 신청서 일반 공개 구역 출입 단순 방문 등록 서식 보안 구역 출입 아니다 개인 식별 번호 자택 주소 개인 연락처 수집
pii_jeh_116.txt,0,비상 연락망 대표 비상 연락 정보 대표 담당 대표 대표 전화번호 비상 직통 대표 이메일 ad corp 관리 안내 비상 연락망 대표 번호 주간 정보 구성 사내 유용 직원 개인 소지 개인 휴대폰 번호 자택 주소 비공개 개인정보 포함
pii_jeh_110.txt,0,출입 신청서 일반 구역 방문자 정보 방문자 성명 소속 기관 미디어랩 방문 목적 공식 보도자료 취재 방문 방문 일시 출입 허용 구역 프레 스룸 안내 신청서 일반 공개 구역 출입 단순 방문 등록 서식 보안 구역 출입 아니다 개인 식별 번호 자택 주소 개인 연락처 수집
pii_jeh_115.txt,0,경조사 알림 게시 사내 지용 경조 알림 직원 지다 경조 구분 모친상 알림 일시 장소 oo 장례식 특실 비고 사내 직원 알림 게시판 유용 원금 수령 계좌 번호 증빙 서류 개인 연락처 민감 정보 포함
pii_jeh_105.txt,0,고객 상담 기록 일반 문의 상담 개요 문의 분류 매장 위치 안내 접수 일시 처리 상태 상담 완료 상담 상세 본사 방문 안내 데스크 위치 대중교통 방법 안내 요청 지하철 노선 안내 완료 처리 결과 개인 신원 정보 결제 계좌 정보 수집 없다 일반 정보 제공 분류 즉시 종료 처리
pii_jeh_106.txt,0,고객 상담 기록 일반 문의 상담 개요 문의 분류 서비스 접수 일시 처리 상태 상담 완료 상담 상세 운영 주말 대응 여부 문의 평일 운영 안내 종료 처리 결과 개인 신원 정보 결제 계좌 정보 수집 없다 일반 정보 제공 분류 즉시 종료 처리
pii_jeh_108.txt,0,출입 신청서 일반 구역 방문자 정보 방문자 성명 소속 기관 글로벌 네트웍 방문 목적 대강 오픈 세미나 참석 방문 일시 출입 허용 구역 대강 일반 구역 안내 신청서 일반 공개 구역 출입 단순 방문 등록 서식 보안 구역 출입 아니다 개인 식별 번호 자택 주소 개인 연락처 수집
pii_jeh_114.txt,0,경조사 알림 게시 사내 지용 경조 알림 직원 서다 대리 경조 구분 자녀 출산 경조 알림 일시 장소 사내 게시판 알리다 비고 사내 직원 알림 게시판 유용 원금 수령 계좌 번호 증빙 서류 개인 연락처 민감 정보 포함
pii_jeh_102.txt,0,직원 명부 사내 공개 기본 인적 성명 소속 직급 사내 번호 공식 업무 이메일 ms corp 안내 사내 협업 조직 안내 공식 업무 명부 개인 휴대폰 번호 자택 주소 주민등록 번호 개인 고유 정보 포함
pii_jeh_119.txt,0,비상 연락망 대표 비상 연락 정보 대표 담당 대표 전화번호 비상 직통 대표 이메일 fa corp 관리 안내 비상 연락망 대표 번호 주간 정보 구성 사내 유용 직원 개인 소지 개인 휴대폰 번호 자택 주소 비공개 개인정보 포함
pii_jeh_118.txt,0,비상 연락망 대표 비상 연락 정보 대표 담당 주간 데스크 대표 전화번호 비상 직통 대표 이메일 su corp 관리 안내 비상 연락망 대표 번호 주간 정보 구성 사내 유용 직원 개인 소지 개인 휴대폰 번호 자택 주소 비공개 개인정보 포함
pii_jeh_100.txt,0,직원 명부 사내 공개 기본 인적 성명 소속 직급 사내 번호 공식 업무 이메일 cs corp 안내 사내 협업 조직 안내 공식 업무 명부 개인 휴대폰 번호 자택 주소 주민등록 번호 개인 고유 정보 포함
pii_jeh_103.txt,0,직원 명부 사내 공개 기본 인적 성명 소속 직급 사내 번호 공식 업무 이메일 sj corp 안내 사내 협업 조직 안내 공식 업무 명부 개인 휴대폰 번호 자택 주소 주민등록 번호 개인 고유 정보 포함
pii_jeh_101.txt,0,직원 명부 사내 공개 기본 인적 성명 소속 직급 사내 번호 공식 업무 이메일 yh corp 안내 사내 협업 조직 안내 공식 업무 명부 개인 휴대폰 번호 자택 주소 주민등록 번호 개인 고유 정보 포함
pii_jeh_104.txt,0,고객 상담 기록 일반 문의 상담 개요 문의 분류 제품 기능 문의 접수 일시 처리 상태 상담 완료 상담 상세 신규 소프트웨어 라이선스 정책 지원 사양 대한 단순 정보 문의 웹사이트 가이드 링크 안내 상담 종료 처리 결과 개인 신원 정보 결제 계좌 정보 수집 없다 일반 정보 제공 분류 즉시 종료 처리
design_qqn_139_edge.txt,0,연구 설계 제목 공정 이상 탐지 설계 연구 주간 보고 담당 담당자 일자 공정 코드 hb edu ai 공정 데이터 이상 탐지 실습 pressure rf power temperature 변수 성하다 정상 범위 mtorr w c 설정 합성 샘플 spike drift 주입 threshold z score 결과 비교 교육 과제 실제 생산 설비 센서 범위 경보 사용
design_ebo_140_edge.txt,0,연구 설계 제목 hb sem 공정 원가 민감 분석 특허 초안 담당 담당자 서다 일자 공정 코드 hb edu cost 기술 경제성 교육 wafer 원가 package 비용 가정 단위 원가 민감 도르다 계산 모든 공개 산업 보고서 범위 만들다 가상 시나리오 공정 단계 감소 개선 원가 미치다 효과 비교 실제 구매 단가 고객 가격 생산 계획 포함
design_dft_134_edge.txt,0,연구 설계 제목 hb logic i sram 마진 분석 특허 검토 초안 담당 담당자 일자 공정 코드 hb edu sram 특허 검색 실습 공개 특허 건의 sram read margin 개선 아이디어 비교 예제 회로 vdd v read snm mv write margin mv 설정 모든 회로 수치 공개 문헌 강의 spice deck 가져오다 설계 데이터 포함 선행 기술 청구 구조 비교 검색 성법 익히다 목적
design_pmd_137_edge.txt,0,연구 설계 제목 mask cd 변동성 검증 공정 사양 담당 담당자 일자 공정 코드 hb edu mask 마스크 교육 nominal cd 측정 편차 예제 데이터 사용 측정 위치 center corner 구성 point 비교 수치 교육 reference mask 얻다 공개 샘플 실제 제품 mask set 없다 교육 평균 range 계산 반복
design_tet_133_edge.txt,0,연구 설계 제목 nand 식각 recipe 변경 검토 기술 회의 담당 공정 아카데미 담당자 일자 공정 코드 hb edu etch 교육 식각 시뮬레이터 cf o 유량 변경 프로파일 변화 검토 시뮬레이션 결과 sidewall angle 선택 비다 변하다 회의 참석자 장비 회사 공개 튜토리얼 원인 토론 실제 fab recipe 장비 id 사용
design_mfr_131_edge.txt,0,연구 설계 제목 hb euv m 공정 조건 비교 실습 기록 담당 담당자 일자 공정 코드 hb edu euv 신입 공정 엔지니어 교육 euv 노광 조건 비교 실습 진행 교육 wafer dose mj cm focus overlay 조건 사용 측정 결과 cdu 돼다 실습 수치 장비 제공 공개 예제 동일하다 실제 양산 lot 이나 제품 조건 사용 참가자 dose focus 변화 cd 분포 미치다 영향 공개 장비 매뉴얼 허용 범위 비교
design_yoz_132_edge.txt,0,연구 설계 제목 hb hbm f 분석 예제 공정 사양 담당 담당자 일자 공정 코드 hb edu hbm 품질 분석 교육 과정 가상 hbm 생산 데이터 사용 계산 절차 예제 lot 대해 평균 불량 재검 비율 가정 bin 분포 계산 통계 실습 임의 숫자 실제 제품 고객 생산 라인 연결 교육 동일 데이터 관리 pareto 차트
design_pps_136_edge.txt,0,연구 설계 제목 hb npu z 전력 성능 벤치마크 실험 기록 담당 담당자 일자 공정 코드 hb edu npu 사내 발표 훈련 공개 ai 가속 사양 조합 가상 npu 벤치마크 만들다 예제 장치 처리량 tops 소비전력 w 메모리 대역폭 gb 설정 제품 hb npu z 교육 코드 수치 실제 개발 제품 측정값 무관 발표 공개 벤치마크 측정 조건 차이 설명 연습
design_fvz_138_edge.txt,0,연구 설계 제목 dram retention fail 분석 기술 회의 담당 담당자 일자 공정 코드 hb edu dram 회로 신뢰 교육 ms ms ms retention 조건 fail bit 변화 비교 합성 데이터 fail rate 각각 온도 c 고정 참석자 공개 jedec 개념 교재 retention 모델 토론 실제 dram 제품 평가 결과 사용
design_qrq_135_edge.txt,0,연구 설계 제목 wafer defect map 분석 연구 주간 보고 담당 담당자 일자 공정 코드 hb edu qa 교육 mm wafer defect map 패턴 분류 center cluster edge ring random 구성 합성 데이터 가상 장비 etch a cmp b 비교 원인 후보 온도 편차 chuck 오염 slurry 분포 토론 실제 fab 이력 장비 로그 연결하다 결과 데이터 분석 실습 정답 검증 사용
normal_hjw_022.pdf,0,사무실 조명 절전 안내 사내 공지 사무실 조명 절전 최근 문의 방법 중심 필요하다 공용 공간 사용 다음 이용자 물품 좌석 원래 위치 줄다 별도 준비 필요하다 현장 표지 사내 게시판 추가 표시 변경 해당 안내 줄다 서로 사용 공간 만큼 다음 이용자 바로 사용 간단하다 기본 질서 지키다 바라다 운영 과정 변경 해당 안내 화면 통해 사용자 최신 표시 우선 불편하다 공용 게시판 의견 항목 간단하다 남다 의견 이후 운영 항목 구성원 운영 현장 안내 사내 게시판 협조 사용 통로 확보
normal_hjw_018.txt,0,자전거 거치 안내 사내 공지 자전거 거치 최근 문의 방법 중심 필요하다 공용 공간 사용 다음 이용자 물품 좌석 원래 위치 줄다 차량 자전거 표시 구역 주차 보행 출입구 공간 비우다 두다 이동 서행 주변 보행자 먼저 줄다 서로 사용 공간 만큼 다음 이용자 바로 사용 간단하다 기본 질서 지키다 바라다 운영 과정 변경 해당 안내 화면 통해 사용자 최신 표시 우선 불편하다 공용 게시판 의견 항목 간단하다 남다 의견 이후 운영
normal_hjw_014.txt,0,분실물 보관 운영 안내 사내 공지 분실물 보관 운영 최근 문의 방법 중심 필요하다 공용 공간 사용 다음 이용자 물품 좌석 원래 위치 줄다 별도 준비 필요하다 현장 표지 사내 게시판 추가 표시 변경 해당 안내 줄다 서로 사용 공간 만큼 다음 이용자 바로 사용 간단하다 기본 질서 지키다 바라다 운영 과정 변경 해당 안내 화면 통해 사용자 최신 표시 우선 불편하다 공용 게시판 의견 항목 간단하다 남다 의견 이후 운영
normal_hjw_029.txt,0,프레 테이 구성 교육 교육 안내 사내 학습 프로그램 프레 테이 구성 교육 진행 과정 전반 기초 수준 시작 자주 쓰다 기능 직접 해보다 방식 진행 준비물 필기 도구 개인 노트 별도 사전 과제 없다 컴퓨터 실습 과정 교육 예제 파일 사용 하므다 실제 업무 자료 가져오다 필요 없다 교육 기능 직접 해보다 마지막 자주 실수 부분 활용 짧다 세부 장소 사내 학습 게시판 표시 정표 줄다 운영 과정 변경 해당 안내 화면 통해 사용자 최신 표시 우선
normal_hjw_037.txt,0,화재 대피 기본 교육 교육 안내 사내 학습 프로그램 화재 대피 기본 교육 진행 과정 전반 기초 수준 시작 자주 쓰다 기능 직접 해보다 방식 진행 준비물 필기 도구 개인 노트 별도 사전 과제 없다 컴퓨터 실습 과정 교육 예제 파일 사용 하므다 실제 업무 자료 가져오다 필요 없다 교육 기능 직접 해보다 마지막 자주 실수 부분 활용 짧다 세부 장소 사내 학습 게시판 표시 정표 줄다 운영 과정 변경 해당 안내 화면 통해 사용자 최신 표시 우선
normal_hjw_013.txt,0,사내 우산 대여 안내 사내 공지 사내 우산 대여 구성원 자주 시설 운영 기존 운영 동일하다 혼잡 예상 구간 현장 안내 표지 먼저 줄다 별도 준비 필요하다 현장 표지 사내 게시판 추가 표시 변경 해당 안내 줄다 서로 사용 공간 만큼 다음 이용자 바로 사용 간단하다 기본 질서 지키다 바라다 운영 과정 변경 해당 안내 화면 통해 사용자 최신 표시 우선
normal_hjw_030.txt,0,업무 문장 기초 교육 교육 안내 사내 학습 프로그램 업무 문장 기초 교육 진행 마지막 당일 학습 짧다 연습 두다 질문 항목 준비물 필기 도구 개인 노트 별도 사전 과제 없다 컴퓨터 실습 과정 교육 예제 파일 사용 하므다 실제 업무 자료 가져오다 필요 없다 교육 기능 직접 해보다 마지막 자주 실수 부분 활용 짧다 세부 장소 사내 학습 게시판 표시 정표 줄다 운영 과정 변경 해당 안내 화면 통해 사용자 최신 표시 우선
normal_hjw_033.txt,0,업무 우선 순위 교육 교육 안내 사내 학습 프로그램 업무 우선 순위 교육 진행 과정 전반 기초 수준 시작 자주 쓰다 기능 직접 해보다 방식 진행 준비물 필기 도구 개인 노트 별도 사전 과제 없다 컴퓨터 실습 과정 교육 예제 파일 사용 하므다 실제 업무 자료 가져오다 필요 없다 교육 기능 직접 해보다 마지막 자주 실수 부분 활용 짧다 세부 장소 사내 학습 게시판 표시 정표 줄다 운영 과정 변경 해당 안내 화면 통해 사용자 최신 표시 우선
normal_hjw_032.pdf,0,시간관리 기본 교육 교육 안내 사내 학습 프로그램 시간관리 기본 교육 진행 강의 자료 화면 예시 연습 항목 중심 구성 실습 별도 준비 예제 파일 사용 준비물 필기 도구 개인 노트 별도 사전 과제 없다 컴퓨터 실습 과정 교육 예제 파일 사용 하므다 실제 업무 자료 가져오다 필요 없다 교육 기능 직접 해보다 마지막 자주 실수 부분 활용 짧다 세부 장소 사내 학습 게시판 표시 정표 줄다 운영 과정 변경 해당 안내 화면 통해 사용자 최신 표시 우선 구성 과정 시간관리 기본 교육 난이도 기초 진행 방식 설명 간단하다 실습
normal_hjw_003.txt,0,구내식당 수요일 메뉴 안내 사내 공지 구내식당 수요일 메뉴 쾌적하다 좋다 아래 시설 점검 진행 동안 표시 우회 동선 작업 구역 주변 머무르다 식사 식기 트레 지정 반납 두다 좌석 주변 간단하다 줄다 혼잡 대기 좌석 공유 협조 주시 운영 원활하다 서로 사용 공간 만큼 다음 이용자 바로 사용 간단하다 기본 질서 지키다 바라다 운영 과정 변경 해당 안내 화면 통해 사용자 최신 표시 우선
normal_hjw_036.txt,0,스트레칭 바르다 자세 교육 교육 안내 사내 학습 프로그램 스트레칭 바르다 자세 교육 진행 강의 자료 화면 예시 연습 항목 중심 구성 실습 별도 준비 예제 파일 사용 준비물 필기 도구 개인 노트 별도 사전 과제 없다 컴퓨터 실습 과정 교육 예제 파일 사용 하므다 실제 업무 자료 가져오다 필요 없다 교육 기능 직접 해보다 마지막 자주 실수 부분 활용 짧다 세부 장소 사내 학습 게시판 표시 정표 줄다 운영 과정 변경 해당 안내 화면 통해 사용자 최신 표시 우선
normal_hjw_024.txt,0,사내 게시판 안내 사내 공지 사내 게시판 운영 과정 혼선 없다 순서 주의 출입구 보행 통로 개인 물품 두다 필요하다 용무 마치다 통행 원활하다 자리 비우다 줄다 별도 준비 필요하다 현장 표지 사내 게시판 추가 표시 변경 해당 안내 줄다 서로 사용 공간 만큼 다음 이용자 바로 사용 간단하다 기본 질서 지키다 바라다 운영 과정 변경 해당 안내 화면 통해 사용자 최신 표시 우선
normal_hjw_021.docx,0,건강 계단 캠페인 안내 사내 공지 건강 계단 캠페인 구성원 자주 시설 운영 기존 운영 동일하다 혼잡 예상 구간 현장 안내 표지 먼저 줄다 별도 준비 필요하다 현장 표지 사내 게시판 추가 표시 변경 해당 안내 줄다 서로 사용 공간 만큼 다음 이용자 바로 사용 간단하다 기본 질서 지키다 바라다 운영 과정 변경 해당 안내 화면 통해 사용자 최신 표시 우선 항목 구성원 운영 현장 안내 사내 게시판 협조 사용 통로 확보
normal_hjw_025.txt,0,복합기 정기 점검 일정 안내 사내 공지 복합기 정기 점검 일정 구성원 자주 시설 운영 기존 운영 동일하다 혼잡 예상 구간 현장 안내 표지 먼저 줄다 출력 페이지 양면 설정 사용 끝나다 남다 출력 물이 없다 살펴보다 줄다 공용 소모품 부족하다 시설 관리 게시판 요청 항목 서로 사용 공간 만큼 다음 이용자 바로 사용 간단하다 기본 질서 지키다 바라다 운영 과정 변경 해당 안내 화면 통해 사용자 최신 표시 우선
normal_hjw_011.docx,0,공용 프린터 용지 절약 안내 사내 공지 공용 프린터 용지 절약 쾌적하다 좋다 아래 시설 점검 진행 동안 표시 우회 동선 작업 구역 주변 머무르다 출력 페이지 양면 설정 사용 끝나다 남다 출력 물이 없다 살펴보다 줄다 공용 소모품 부족하다 시설 관리 게시판 요청 항목 서로 사용 공간 만큼 다음 이용자 바로 사용 간단하다 기본 질서 지키다 바라다 운영 과정 변경 해당 안내 화면 통해 사용자 최신 표시 우선 항목 구성원 운영 현장 안내 사내 게시판 협조 사용 통로 확보
normal_hjw_023.txt,0,우천 출입구 미끄럼 주의 안내 사내 공지 우천 출입구 미끄럼 주의 쾌적하다 좋다 아래 시설 점검 진행 동안 표시 우회 동선 작업 구역 주변 머무르다 별도 준비 필요하다 현장 표지 사내 게시판 추가 표시 변경 해당 안내 줄다 서로 사용 공간 만큼 다음 이용자 바로 사용 간단하다 기본 질서 지키다 바라다 운영 과정 변경 해당 안내 화면 통해 사용자 최신 표시 우선
normal_hjw_002.pdf,0,구내식당 화요일 메뉴 안내 사내 공지 구내식당 화요일 메뉴 최근 문의 방법 중심 필요하다 공용 공간 사용 다음 이용자 물품 좌석 원래 위치 줄다 식사 식기 트레 지정 반납 두다 좌석 주변 간단하다 줄다 혼잡 대기 좌석 공유 협조 주시 운영 원활하다 서로 사용 공간 만큼 다음 이용자 바로 사용 간단하다 기본 질서 지키다 바라다 운영 과정 변경 해당 안내 화면 통해 사용자 최신 표시 우선 항목 구성원 운영 현장 안내 사내 게시판 협조 사용 통로 확보
normal_hjw_017.txt,0,엘리베이터 혼잡 안내 사내 공지 엘리베이터 혼잡 구성원 자주 시설 운영 기존 운영 동일하다 혼잡 예상 구간 현장 안내 표지 먼저 줄다 별도 준비 필요하다 현장 표지 사내 게시판 추가 표시 변경 해당 안내 줄다 서로 사용 공간 만큼 다음 이용자 바로 사용 간단하다 기본 질서 지키다 바라다 운영 과정 변경 해당 안내 화면 통해 사용자 최신 표시 우선
normal_hjw_007.txt,0,회용 반납 위치 변경 안내 사내 공지 회용 반납 위치 변경 쾌적하다 좋다 아래 시설 점검 진행 동안 표시 우회 동선 작업 구역 주변 머무르다 별도 준비 필요하다 현장 표지 사내 게시판 추가 표시 변경 해당 안내 줄다 서로 사용 공간 만큼 다음 이용자 바로 사용 간단하다 기본 질서 지키다 바라다 운영 과정 변경 해당 안내 화면 통해 사용자 최신 표시 우선
normal_hjw_008.txt,0,지하 주차장 정기 청소 안내 사내 공지 지하 주차장 정기 청소 운영 과정 혼선 없다 순서 주의 출입구 보행 통로 개인 물품 두다 필요하다 용무 마치다 통행 원활하다 자리 비우다 줄다 차량 자전거 표시 구역 주차 보행 출입구 공간 비우다 두다 이동 서행 주변 보행자 먼저 줄다 서로 사용 공간 만큼 다음 이용자 바로 사용 간단하다 기본 질서 지키다 바라다 운영 과정 변경 해당 안내 화면 통해 사용자 최신 표시 우선
normal_hjw_031.docx,0,회의 방법 교육 교육 안내 사내 학습 프로그램 회의 방법 교육 진행 교육 개념 설명 짧다 실습 번갈아 진행 처음 구성원 따라오다 단계 예시 사용 준비물 필기 도구 개인 노트 별도 사전 과제 없다 컴퓨터 실습 과정 교육 예제 파일 사용 하므다 실제 업무 자료 가져오다 필요 없다 교육 기능 직접 해보다 마지막 자주 실수 부분 활용 짧다 세부 장소 사내 학습 게시판 표시 정표 줄다 운영 과정 변경 해당 안내 화면 통해 사용자 최신 표시 우선 구성 과정 회의 방법 교육 난이도 기초 진행 방식 설명 간단하다 실습
normal_hjw_016.txt,0,회의 종료 좌석 정돈 안내 사내 공지 회의 종료 좌석 정돈 운영 과정 혼선 없다 순서 주의 출입구 보행 통로 개인 물품 두다 필요하다 용무 마치다 통행 원활하다 자리 비우다 줄다 별도 준비 필요하다 현장 표지 사내 게시판 추가 표시 변경 해당 안내 줄다 서로 사용 공간 만큼 다음 이용자 바로 사용 간단하다 기본 질서 지키다 바라다 운영 과정 변경 해당 안내 화면 통해 사용자 최신 표시 우선
normal_hjw_028.txt,0,엑셀 필터 활용 교육 교육 안내 사내 학습 프로그램 엑셀 필터 활용 교육 진행 강의 자료 화면 예시 연습 항목 중심 구성 실습 별도 준비 예제 파일 사용 준비물 필기 도구 개인 노트 별도 사전 과제 없다 컴퓨터 실습 과정 교육 예제 파일 사용 하므다 실제 업무 자료 가져오다 필요 없다 교육 기능 직접 해보다 마지막 자주 실수 부분 활용 짧다 세부 장소 사내 학습 게시판 표시 정표 줄다 운영 과정 변경 해당 안내 화면 통해 사용자 최신 표시 우선
normal_hjw_027.txt,0,엑셀 기본 기능 교육 교육 안내 사내 학습 프로그램 엑셀 기본 기능 교육 진행 교육 개념 설명 짧다 실습 번갈아 진행 처음 구성원 따라오다 단계 예시 사용 준비물 필기 도구 개인 노트 별도 사전 과제 없다 컴퓨터 실습 과정 교육 예제 파일 사용 하므다 실제 업무 자료 가져오다 필요 없다 교육 기능 직접 해보다 마지막 자주 실수 부분 활용 짧다 세부 장소 사내 학습 게시판 표시 정표 줄다 운영 과정 변경 해당 안내 화면 통해 사용자 최신 표시 우선
normal_hjw_026.txt,0,사내 택배 보관 안내 사내 공지 사내 택배 보관 최근 문의 방법 중심 필요하다 공용 공간 사용 다음 이용자 물품 좌석 원래 위치 줄다 별도 준비 필요하다 현장 표지 사내 게시판 추가 표시 변경 해당 안내 줄다 서로 사용 공간 만큼 다음 이용자 바로 사용 간단하다 기본 질서 지키다 바라다 운영 과정 변경 해당 안내 화면 통해 사용자 최신 표시 우선 불편하다 공용 게시판 의견 항목 간단하다 남다 의견 이후 운영
normal_hjw_006.txt,0,점심시간 혼잡 분산 안내 사내 공지 점심시간 혼잡 분산 최근 문의 방법 중심 필요하다 공용 공간 사용 다음 이용자 물품 좌석 원래 위치 줄다 별도 준비 필요하다 현장 표지 사내 게시판 추가 표시 변경 해당 안내 줄다 서로 사용 공간 만큼 다음 이용자 바로 사용 간단하다 기본 질서 지키다 바라다 운영 과정 변경 해당 안내 화면 통해 사용자 최신 표시 우선 불편하다 공용 게시판 의견 항목 간단하다 남다 의견 이후 운영
normal_hjw_009.txt,0,방문 차량 임시 주차 구역 안내 사내 공지 방문 차량 임시 주차 구역 구성원 자주 시설 운영 기존 운영 동일하다 혼잡 예상 구간 현장 안내 표지 먼저 줄다 차량 자전거 표시 구역 주차 보행 출입구 공간 비우다 두다 이동 서행 주변 보행자 먼저 줄다 서로 사용 공간 만큼 다음 이용자 바로 사용 간단하다 기본 질서 지키다 바라다 운영 과정 변경 해당 안내 화면 통해 사용자 최신 표시 우선
normal_hjw_035.txt,0,화상회의 기본 용법 교육 교육 안내 사내 학습 프로그램 화상회의 기본 용법 교육 진행 교육 개념 설명 짧다 실습 번갈아 진행 처음 구성원 따라오다 단계 예시 사용 준비물 필기 도구 개인 노트 별도 사전 과제 없다 컴퓨터 실습 과정 교육 예제 파일 사용 하므다 실제 업무 자료 가져오다 필요 없다 교육 기능 직접 해보다 마지막 자주 실수 부분 활용 짧다 세부 장소 사내 학습 게시판 표시 정표 줄다 운영 과정 변경 해당 안내 화면 통해 사용자 최신 표시 우선
normal_hjw_012.pdf,0,분리 배출 요일 품목 안내 사내 공지 분리 배출 요일 품목 운영 과정 혼선 없다 순서 주의 출입구 보행 통로 개인 물품 두다 필요하다 용무 마치다 통행 원활하다 자리 비우다 줄다 별도 준비 필요하다 현장 표지 사내 게시판 추가 표시 변경 해당 안내 줄다 서로 사용 공간 만큼 다음 이용자 바로 사용 간단하다 기본 질서 지키다 바라다 운영 과정 변경 해당 안내 화면 통해 사용자 최신 표시 우선 항목 구성원 운영 현장 안내 사내 게시판 협조 사용 통로 확보
normal_hjw_020.txt,0,비실 공용 물품 사용 안내 사내 공지 비실 공용 물품 사용 운영 과정 혼선 없다 순서 주의 출입구 보행 통로 개인 물품 두다 필요하다 용무 마치다 통행 원활하다 자리 비우다 줄다 별도 준비 필요하다 현장 표지 사내 게시판 추가 표시 변경 해당 안내 줄다 서로 사용 공간 만큼 다음 이용자 바로 사용 간단하다 기본 질서 지키다 바라다 운영 과정 변경 해당 안내 화면 통해 사용자 최신 표시 우선
normal_hjw_005.txt,0,구내식당 금요일 메뉴 안내 사내 공지 구내식당 금요일 메뉴 구성원 자주 시설 운영 기존 운영 동일하다 혼잡 예상 구간 현장 안내 표지 먼저 줄다 식사 식기 트레 지정 반납 두다 좌석 주변 간단하다 줄다 혼잡 대기 좌석 공유 협조 주시 운영 원활하다 서로 사용 공간 만큼 다음 이용자 바로 사용 간단하다 기본 질서 지키다 바라다 운영 과정 변경 해당 안내 화면 통해 사용자 최신 표시 우선
normal_hjw_001.docx,0,구내식당 월요일 메뉴 안내 사내 공지 구내식당 월요일 메뉴 구성원 자주 시설 운영 기존 운영 동일하다 혼잡 예상 구간 현장 안내 표지 먼저 줄다 식사 식기 트레 지정 반납 두다 좌석 주변 간단하다 줄다 혼잡 대기 좌석 공유 협조 주시 운영 원활하다 서로 사용 공간 만큼 다음 이용자 바로 사용 간단하다 기본 질서 지키다 바라다 운영 과정 변경 해당 안내 화면 통해 사용자 최신 표시 우선 항목 구성원 운영 현장 안내 사내 게시판 협조 사용 통로 확보
normal_hjw_010.txt,0,사무실 난방 적정 온도 안내 사내 공지 사무실 난방 적정 온도 최근 문의 방법 중심 필요하다 공용 공간 사용 다음 이용자 물품 좌석 원래 위치 줄다 별도 준비 필요하다 현장 표지 사내 게시판 추가 표시 변경 해당 안내 줄다 서로 사용 공간 만큼 다음 이용자 바로 사용 간단하다 기본 질서 지키다 바라다 운영 과정 변경 해당 안내 화면 통해 사용자 최신 표시 우선 불편하다 공용 게시판 의견 항목 간단하다 남다 의견 이후 운영
normal_hjw_019.txt,0,사내 도서 공간 안내 사내 공지 사내 도서 공간 쾌적하다 좋다 아래 시설 점검 진행 동안 표시 우회 동선 작업 구역 주변 머무르다 별도 준비 필요하다 현장 표지 사내 게시판 추가 표시 변경 해당 안내 줄다 서로 사용 공간 만큼 다음 이용자 바로 사용 간단하다 기본 질서 지키다 바라다 운영 과정 변경 해당 안내 화면 통해 사용자 최신 표시 우선 불편하다 공용 게시판 의견 항목 간단하다 남다 의견 이후 운영
normal_hjw_034.txt,0,파일명 교육 교육 안내 사내 학습 프로그램 파일명 교육 진행 마지막 당일 학습 짧다 연습 두다 질문 항목 준비물 필기 도구 개인 노트 별도 사전 과제 없다 컴퓨터 실습 과정 교육 예제 파일 사용 하므다 실제 업무 자료 가져오다 필요 없다 교육 기능 직접 해보다 마지막 자주 실수 부분 활용 짧다 세부 장소 사내 학습 게시판 표시 정표 줄다 운영 과정 변경 해당 안내 화면 통해 사용자 최신 표시 우선
normal_hjw_015.txt,0,공용 휴게 공간 안내 사내 공지 공용 휴게 공간 쾌적하다 좋다 아래 시설 점검 진행 동안 표시 우회 동선 작업 구역 주변 머무르다 별도 준비 필요하다 현장 표지 사내 게시판 추가 표시 변경 해당 안내 줄다 서로 사용 공간 만큼 다음 이용자 바로 사용 간단하다 기본 질서 지키다 바라다 운영 과정 변경 해당 안내 화면 통해 사용자 최신 표시 우선 불편하다 공용 게시판 의견 항목 간단하다 남다 의견 이후 운영
normal_hjw_004.txt,0,구내식당 목요일 메뉴 안내 사내 공지 구내식당 목요일 메뉴 운영 과정 혼선 없다 순서 주의 출입구 보행 통로 개인 물품 두다 필요하다 용무 마치다 통행 원활하다 자리 비우다 줄다 식사 식기 트레 지정 반납 두다 좌석 주변 간단하다 줄다 혼잡 대기 좌석 공유 협조 주시 운영 원활하다 서로 사용 공간 만큼 다음 이용자 바로 사용 간단하다 기본 질서 지키다 바라다 운영 과정 변경 해당 안내 화면 통해 사용자 최신 표시 우선
normal_hjw_054.txt,0,산학 교류 세미나 참여 보도자료 산학 교류 세미나 참여 프로그램 준비 참가자 기초 원리 생활 활용 사례 소개 간단하다 체험 프로그램 참여 프로그램 참가자 부담 이해 수준 구성 현장 기본 설명 체험 순서 참가 방법 운영 행사 안내 페이지 현장 파다 통해 교육 환경 지역 교류 생활 가까이 참여 활동 꾸준하다 갈다 계획 운영 과정 변경 해당 안내 화면 통해 사용자 최신 표시 우선
normal_hjw_056.txt,0,지역 도서관 교육 기부 행사 보도자료 지역 도서관 교육 기부 행사 프로그램 준비 행사 현장 회사 사업 분야 기초 개념 이해 쉽다 예시 소개 예정 프로그램 참가자 부담 이해 수준 구성 현장 기본 설명 체험 순서 참가 방법 운영 행사 안내 페이지 현장 파다 통해 교육 환경 지역 교류 생활 가까이 참여 활동 꾸준하다 갈다 계획 운영 과정 변경 해당 안내 화면 통해 사용자 최신 표시 우선
normal_hjw_044.txt,0,신입 구성원 업무 적응 교육 교육 안내 사내 학습 프로그램 신입 구성원 업무 적응 교육 진행 강의 자료 화면 예시 연습 항목 중심 구성 실습 별도 준비 예제 파일 사용 준비물 필기 도구 개인 노트 별도 사전 과제 없다 컴퓨터 실습 과정 교육 예제 파일 사용 하므다 실제 업무 자료 가져오다 필요 없다 교육 기능 직접 해보다 마지막 자주 실수 부분 활용 짧다 세부 장소 사내 학습 게시판 표시 정표 줄다 운영 과정 변경 해당 안내 화면 통해 사용자 최신 표시 우선
normal_hjw_071.docx,0,hb ssd p gb 제품 소개 제품 소개 hb ssd p gb pc 업무 시스템 사용 구성 제품 대표 구성은 tb 용량 ddr 계열 연결 방식 사용 제품 형태 표준 dimm 규격 낮다 높이 모듈 설다 특징 설치 사용 장치 지원 규격 슬롯 형태 좋다 제품 선택 필요하다 용량 연결 방식 장치 크기 호환성 쉬다 판단 세부 규격 제품 포장 카탈로그 표기 항목 운영 과정 변경 해당 안내 화면 통해 사용자 최신 표시 우선 항목 사양 제품 hb ssd p gb 대표 용량 gb 장치 지원 규격 슬롯 형태
normal_hjw_048.txt,0,회의 진행 기본 원칙 교육 안내 사내 학습 프로그램 회의 진행 기본 원칙 진행 강의 자료 화면 예시 연습 항목 중심 구성 실습 별도 준비 예제 파일 사용 준비물 필기 도구 개인 노트 별도 사전 과제 없다 컴퓨터 실습 과정 교육 예제 파일 사용 하므다 실제 업무 자료 가져오다 필요 없다 교육 기능 직접 해보다 마지막 자주 실수 부분 활용 짧다 세부 장소 사내 학습 게시판 표시 정표 줄다 운영 과정 변경 해당 안내 화면 통해 사용자 최신 표시 우선
normal_hjw_039.txt,0,사내 커뮤니케이션 기본 교육 교육 안내 사내 학습 프로그램 사내 커뮤니케이션 기본 교육 진행 교육 개념 설명 짧다 실습 번갈아 진행 처음 구성원 따라오다 단계 예시 사용 준비물 필기 도구 개인 노트 별도 사전 과제 없다 컴퓨터 실습 과정 교육 예제 파일 사용 하므다 실제 업무 자료 가져오다 필요 없다 교육 기능 직접 해보다 마지막 자주 실수 부분 활용 짧다 세부 장소 사내 학습 게시판 표시 정표 줄다 운영 과정 변경 해당 안내 화면 통해 사용자 최신 표시 우선
normal_hjw_057.txt,0,직원 걷기 캠페인 보도자료 직원 걷기 캠페인 프로그램 준비 행사 산업 어렵다 이해 체험 설명 중심 구성 프로그램 참가자 부담 이해 수준 구성 현장 기본 설명 체험 순서 참가 방법 운영 행사 안내 페이지 현장 파다 통해 교육 환경 지역 교류 생활 가까이 참여 활동 꾸준하다 갈다 계획 운영 과정 변경 해당 안내 화면 통해 사용자 최신 표시 우선 불편하다 공용 게시판 의견 항목 간단하다 남다 의견 이후 운영
normal_hjw_047.txt,0,업무 인수 인계 성법 교육 안내 사내 학습 프로그램 업무 인수 인계 성법 진행 교육 개념 설명 짧다 실습 번갈아 진행 처음 구성원 따라오다 단계 예시 사용 준비물 필기 도구 개인 노트 별도 사전 과제 없다 컴퓨터 실습 과정 교육 예제 파일 사용 하므다 실제 업무 자료 가져오다 필요 없다 교육 기능 직접 해보다 마지막 자주 실수 부분 활용 짧다 세부 장소 사내 학습 게시판 표시 정표 줄다 운영 과정 변경 해당 안내 화면 통해 사용자 최신 표시 우선
normal_hjw_051.docx,0,친환경 사무실 캠페인 보도자료 친환경 사무실 캠페인 프로그램 준비 지역 구성원 편하다 참여 설명 체험 질의 응답 순서 프로그램 운영 프로그램 참가자 부담 이해 수준 구성 현장 기본 설명 체험 순서 참가 방법 운영 행사 안내 페이지 현장 파다 통해 교육 환경 지역 교류 생활 가까이 참여 활동 꾸준하다 갈다 계획 운영 과정 변경 해당 안내 화면 통해 사용자 최신 표시 우선 항목 주관 프로그램 친환경 사무실 캠페인 운영 형태 설명 체험 질의 응답
normal_hjw_068.txt,0,hb ssd s gb 제품 소개 제품 소개 hb ssd s gb 휴대 파일 보관 사용 구성 제품 대표 구성은 gb 용량 usb 계열 연결 방식 사용 제품 형태 usb type a 연결 간단하다 플러그 플레이 특징 설치 사용 장치 지원 규격 슬롯 형태 좋다 제품 선택 필요하다 용량 연결 방식 장치 크기 호환성 쉬다 판단 세부 규격 제품 포장 카탈로그 표기 항목 운영 과정 변경 해당 안내 화면 통해 사용자 최신 표시 우선
normal_hjw_070.txt,0,hb ssd s tb 제품 소개 제품 소개 hb ssd s tb 임베디드 산업 시스템 사용 구성 제품 대표 구성은 tb 용량 모듈 저장장치 계열 연결 방식 사용 제품 형태 보드 장착 구성 공간 효율 고려 설다 특징 설치 사용 장치 지원 규격 슬롯 형태 좋다 제품 선택 필요하다 용량 연결 방식 장치 크기 호환성 쉬다 판단 세부 규격 제품 포장 카탈로그 표기 항목 운영 과정 변경 해당 안내 화면 통해 사용자 최신 표시 우선
normal_hjw_067.txt,0,hb mem d gb 제품 소개 제품 소개 hb mem d gb 용량 파일 저장 빠르다 응답 필요하다 시스템 사용 구성 제품 대표 구성은 gb 용량 pcie 계열 연결 방식 사용 제품 형태 m 폼팩터 nvme 인터페이스 특징 설치 사용 장치 지원 규격 슬롯 형태 좋다 제품 선택 필요하다 용량 연결 방식 장치 크기 호환성 쉬다 판단 세부 규격 제품 포장 카탈로그 표기 항목 운영 과정 변경 해당 안내 화면 통해 사용자 최신 표시 우선
normal_hjw_055.txt,0,채용 설명 참가 보도자료 채용 설명 참가 프로그램 준비 지역 구성원 편하다 참여 설명 체험 질의 응답 순서 프로그램 운영 프로그램 참가자 부담 이해 수준 구성 현장 기본 설명 체험 순서 참가 방법 운영 행사 안내 페이지 현장 파다 통해 교육 환경 지역 교류 생활 가까이 참여 활동 꾸준하다 갈다 계획 운영 과정 변경 해당 안내 화면 통해 사용자 최신 표시 우선
normal_hjw_043.txt,0,스프레드시트 함수 입문 교육 교육 안내 사내 학습 프로그램 스프레드시트 함수 입문 교육 진행 교육 개념 설명 짧다 실습 번갈아 진행 처음 구성원 따라오다 단계 예시 사용 준비물 필기 도구 개인 노트 별도 사전 과제 없다 컴퓨터 실습 과정 교육 예제 파일 사용 하므다 실제 업무 자료 가져오다 필요 없다 교육 기능 직접 해보다 마지막 자주 실수 부분 활용 짧다 세부 장소 사내 학습 게시판 표시 정표 줄다 운영 과정 변경 해당 안내 화면 통해 사용자 최신 표시 우선
normal_hjw_040.txt,0,해결 고법 입문 교육 교육 안내 사내 학습 프로그램 해결 고법 입문 교육 진행 강의 자료 화면 예시 연습 항목 중심 구성 실습 별도 준비 예제 파일 사용 준비물 필기 도구 개인 노트 별도 사전 과제 없다 컴퓨터 실습 과정 교육 예제 파일 사용 하므다 실제 업무 자료 가져오다 필요 없다 교육 기능 직접 해보다 마지막 자주 실수 부분 활용 짧다 세부 장소 사내 학습 게시판 표시 정표 줄다 운영 과정 변경 해당 안내 화면 통해 사용자 최신 표시 우선
normal_hjw_059.txt,0,지역 축제 체험 부스 운영 보도자료 지역 축제 체험 부스 운영 프로그램 준비 지역 구성원 편하다 참여 설명 체험 질의 응답 순서 프로그램 운영 프로그램 참가자 부담 이해 수준 구성 현장 기본 설명 체험 순서 참가 방법 운영 행사 안내 페이지 현장 파다 통해 교육 환경 지역 교류 생활 가까이 참여 활동 꾸준하다 갈다 계획 운영 과정 변경 해당 안내 화면 통해 사용자 최신 표시 우선
normal_hjw_069.txt,0,hb ssd s gb 제품 소개 제품 소개 hb ssd s gb 모바일 소형 시스템 사용 구성 제품 대표 구성은 gb 용량 lpddr 계열 연결 방식 사용 제품 형태 전력 동작 소형 기기 적용 특징 설치 사용 장치 지원 규격 슬롯 형태 좋다 제품 선택 필요하다 용량 연결 방식 장치 크기 호환성 쉬다 판단 세부 규격 제품 포장 카탈로그 표기 항목 운영 과정 변경 해당 안내 화면 통해 사용자 최신 표시 우선
normal_hjw_041.docx,0,파이썬 기초 문법 소개 교육 안내 사내 학습 프로그램 파이썬 기초 문법 소개 진행 과정 전반 기초 수준 시작 자주 쓰다 기능 직접 해보다 방식 진행 준비물 필기 도구 개인 노트 별도 사전 과제 없다 컴퓨터 실습 과정 교육 예제 파일 사용 하므다 실제 업무 자료 가져오다 필요 없다 교육 기능 직접 해보다 마지막 자주 실수 부분 활용 짧다 세부 장소 사내 학습 게시판 표시 정표 줄다 운영 과정 변경 해당 안내 화면 통해 사용자 최신 표시 우선 구성 과정 파이썬 기초 문법 소개 난이도 기초 진행 방식 설명 간단하다 실습
normal_hjw_061.docx,0,사내 용기 캠페인 보도자료 사내 용기 캠페인 프로그램 준비 행사 산업 어렵다 이해 체험 설명 중심 구성 프로그램 참가자 부담 이해 수준 구성 현장 기본 설명 체험 순서 참가 방법 운영 행사 안내 페이지 현장 파다 통해 교육 환경 지역 교류 생활 가까이 참여 활동 꾸준하다 갈다 계획 운영 과정 변경 해당 안내 화면 통해 사용자 최신 표시 우선 불편하다 공용 게시판 의견 항목 간단하다 남다 의견 이후 운영 항목 주관 프로그램 사내 용기 캠페인 운영 형태 설명 체험 질의 응답
normal_hjw_042.pdf,0,데이터 시각 기초 교육 교육 안내 사내 학습 프로그램 데이터 시각 기초 교육 진행 마지막 당일 학습 짧다 연습 두다 질문 항목 준비물 필기 도구 개인 노트 별도 사전 과제 없다 컴퓨터 실습 과정 교육 예제 파일 사용 하므다 실제 업무 자료 가져오다 필요 없다 교육 기능 직접 해보다 마지막 자주 실수 부분 활용 짧다 세부 장소 사내 학습 게시판 표시 정표 줄다 운영 과정 변경 해당 안내 화면 통해 사용자 최신 표시 우선 구성 과정 데이터 시각 기초 교육 난이도 기초 진행 방식 설명 간단하다 실습
normal_hjw_053.txt,0,지역 환경 정화 봉사활동 보도자료 지역 환경 정화 봉사활동 프로그램 준비 행사 산업 어렵다 이해 체험 설명 중심 구성 프로그램 참가자 부담 이해 수준 구성 현장 기본 설명 체험 순서 참가 방법 운영 행사 안내 페이지 현장 파다 통해 교육 환경 지역 교류 생활 가까이 참여 활동 꾸준하다 갈다 계획 운영 과정 변경 해당 안내 화면 통해 사용자 최신 표시 우선 불편하다 공용 게시판 의견 항목 간단하다 남다 의견 이후 운영
normal_hjw_062.pdf,0,지역 아동 과학 교실 지원 보도자료 지역 아동 과학 교실 지원 프로그램 준비 참가자 기초 원리 생활 활용 사례 소개 간단하다 체험 프로그램 참여 프로그램 참가자 부담 이해 수준 구성 현장 기본 설명 체험 순서 참가 방법 운영 행사 안내 페이지 현장 파다 통해 교육 환경 지역 교류 생활 가까이 참여 활동 꾸준하다 갈다 계획 운영 과정 변경 해당 안내 화면 통해 사용자 최신 표시 우선 항목 주관 프로그램 지역 아동 과학 교실 지원 운영 형태 설명 체험 질의 응답
normal_hjw_049.txt,0,지역 과학 문화 행사 참여 보도자료 지역 과학 문화 행사 참여 프로그램 준비 행사 산업 어렵다 이해 체험 설명 중심 구성 프로그램 참가자 부담 이해 수준 구성 현장 기본 설명 체험 순서 참가 방법 운영 행사 안내 페이지 현장 파다 통해 교육 환경 지역 교류 생활 가까이 참여 활동 꾸준하다 갈다 계획 운영 과정 변경 해당 안내 화면 통해 사용자 최신 표시 우선 불편하다 공용 게시판 의견 항목 간단하다 남다 의견 이후 운영
normal_hjw_045.txt,0,전화 응대 기본 교육 교육 안내 사내 학습 프로그램 전화 응대 기본 교육 진행 과정 전반 기초 수준 시작 자주 쓰다 기능 직접 해보다 방식 진행 준비물 필기 도구 개인 노트 별도 사전 과제 없다 컴퓨터 실습 과정 교육 예제 파일 사용 하므다 실제 업무 자료 가져오다 필요 없다 교육 기능 직접 해보다 마지막 자주 실수 부분 활용 짧다 세부 장소 사내 학습 게시판 표시 정표 줄다 운영 과정 변경 해당 안내 화면 통해 사용자 최신 표시 우선
normal_hjw_066.txt,0,hb mem d gb 제품 소개 제품 소개 hb mem d gb 멀티미디어 저장 사용 구성 제품 대표 구성은 gb 용량 sata 계열 연결 방식 사용 제품 형태 인치 폼팩터 일반 데스크톱 노트북 호환 특징 설치 사용 장치 지원 규격 슬롯 형태 좋다 제품 선택 필요하다 용량 연결 방식 장치 크기 호환성 쉬다 판단 세부 규격 제품 포장 카탈로그 표기 항목 운영 과정 변경 해당 안내 화면 통해 사용자 최신 표시 우선
normal_hjw_073.txt,0,hb ssd p tb 제품 소개 제품 소개 hb ssd p tb 용량 파일 저장 빠르다 응답 필요하다 시스템 사용 구성 제품 대표 구성은 gb 용량 pcie 계열 연결 방식 사용 제품 형태 m 폼팩터 nvme 인터페이스 특징 설치 사용 장치 지원 규격 슬롯 형태 좋다 제품 선택 필요하다 용량 연결 방식 장치 크기 호환성 쉬다 판단 세부 규격 제품 포장 카탈로그 표기 항목 운영 과정 변경 해당 안내 화면 통해 사용자 최신 표시 우선
normal_hjw_074.txt,0,hb flash u gb 제품 소개 제품 소개 hb flash u gb 휴대 파일 보관 사용 구성 제품 대표 구성은 gb 용량 usb 계열 연결 방식 사용 제품 형태 usb type a 연결 간단하다 플러그 플레이 특징 설치 사용 장치 지원 규격 슬롯 형태 좋다 제품 선택 필요하다 용량 연결 방식 장치 크기 호환성 쉬다 판단 세부 규격 제품 포장 카탈로그 표기 항목 운영 과정 변경 해당 안내 화면 통해 사용자 최신 표시 우선
normal_hjw_064.txt,0,기업 문화 행사 보도자료 기업 문화 행사 프로그램 준비 행사 현장 회사 사업 분야 기초 개념 이해 쉽다 예시 소개 예정 프로그램 참가자 부담 이해 수준 구성 현장 기본 설명 체험 순서 참가 방법 운영 행사 안내 페이지 현장 파다 통해 교육 환경 지역 교류 생활 가까이 참여 활동 꾸준하다 갈다 계획 운영 과정 변경 해당 안내 화면 통해 사용자 최신 표시 우선
normal_hjw_075.txt,0,hb flash u gb 제품 소개 제품 소개 hb flash u gb 모바일 소형 시스템 사용 구성 제품 대표 구성은 gb 용량 lpddr 계열 연결 방식 사용 제품 형태 전력 동작 소형 기기 적용 특징 설치 사용 장치 지원 규격 슬롯 형태 좋다 제품 선택 필요하다 용량 연결 방식 장치 크기 호환성 쉬다 판단 세부 규격 제품 포장 카탈로그 표기 항목 운영 과정 변경 해당 안내 화면 통해 사용자 최신 표시 우선
normal_hjw_038.txt,0,재활용 분리 배출 교육 교육 안내 사내 학습 프로그램 재활용 분리 배출 교육 진행 마지막 당일 학습 짧다 연습 두다 질문 항목 준비물 필기 도구 개인 노트 별도 사전 과제 없다 컴퓨터 실습 과정 교육 예제 파일 사용 하므다 실제 업무 자료 가져오다 필요 없다 교육 기능 직접 해보다 마지막 자주 실수 부분 활용 짧다 세부 장소 사내 학습 게시판 표시 정표 줄다 운영 과정 변경 해당 안내 화면 통해 사용자 최신 표시 우선
normal_hjw_052.pdf,0,청소년 진로 체험 행사 참여 보도자료 청소년 진로 체험 행사 참여 프로그램 준비 행사 현장 회사 사업 분야 기초 개념 이해 쉽다 예시 소개 예정 프로그램 참가자 부담 이해 수준 구성 현장 기본 설명 체험 순서 참가 방법 운영 행사 안내 페이지 현장 파다 통해 교육 환경 지역 교류 생활 가까이 참여 활동 꾸준하다 갈다 계획 운영 과정 변경 해당 안내 화면 통해 사용자 최신 표시 우선 항목 주관 프로그램 청소년 진로 체험 행사 참여 운영 형태 설명 체험 질의 응답
normal_hjw_065.txt,0,hb mem d gb 제품 소개 제품 소개 hb mem d gb pc 업무 시스템 사용 구성 제품 대표 구성은 gb 용량 ddr 계열 연결 방식 사용 제품 형태 표준 dimm 규격 낮다 높이 모듈 설다 특징 설치 사용 장치 지원 규격 슬롯 형태 좋다 제품 선택 필요하다 용량 연결 방식 장치 크기 호환성 쉬다 판단 세부 규격 제품 포장 카탈로그 표기 항목 운영 과정 변경 해당 안내 화면 통해 사용자 최신 표시 우선
normal_hjw_072.pdf,0,hb ssd p tb 제품 소개 제품 소개 hb ssd p tb 멀티미디어 저장 사용 구성 제품 대표 구성은 gb 용량 sata 계열 연결 방식 사용 제품 형태 인치 폼팩터 일반 데스크톱 노트북 호환 특징 설치 사용 장치 지원 규격 슬롯 형태 좋다 제품 선택 필요하다 용량 연결 방식 장치 크기 호환성 쉬다 판단 세부 규격 제품 포장 카탈로그 표기 항목 운영 과정 변경 해당 안내 화면 통해 사용자 최신 표시 우선 항목 사양 제품 hb ssd p tb 대표 용량 gb 장치 지원 규격 슬롯 형태
normal_hjw_063.txt,0,환경 실천 프로그램 보도자료 환경 실천 프로그램 프로그램 준비 지역 구성원 편하다 참여 설명 체험 질의 응답 순서 프로그램 운영 프로그램 참가자 부담 이해 수준 구성 현장 기본 설명 체험 순서 참가 방법 운영 행사 안내 페이지 현장 파다 통해 교육 환경 지역 교류 생활 가까이 참여 활동 꾸준하다 갈다 계획 운영 과정 변경 해당 안내 화면 통해 사용자 최신 표시 우선
normal_hjw_060.txt,0,기술 전시회 참가 보도자료 기술 전시회 참가 프로그램 준비 행사 현장 회사 사업 분야 기초 개념 이해 쉽다 예시 소개 예정 프로그램 참가자 부담 이해 수준 구성 현장 기본 설명 체험 순서 참가 방법 운영 행사 안내 페이지 현장 파다 통해 교육 환경 지역 교류 생활 가까이 참여 활동 꾸준하다 갈다 계획 운영 과정 변경 해당 안내 화면 통해 사용자 최신 표시 우선
normal_hjw_046.txt,0,발표 자료 가독성 높이다 교육 안내 사내 학습 프로그램 발표 자료 가독성 높이다 진행 마지막 당일 학습 짧다 연습 두다 질문 항목 준비물 필기 도구 개인 노트 별도 사전 과제 없다 컴퓨터 실습 과정 교육 예제 파일 사용 하므다 실제 업무 자료 가져오다 필요 없다 교육 기능 직접 해보다 마지막 자주 실수 부분 활용 짧다 세부 장소 사내 학습 게시판 표시 정표 줄다 운영 과정 변경 해당 안내 화면 통해 사용자 최신 표시 우선
normal_hjw_050.txt,0,대학 체험 프로그램 보도자료 대학 체험 프로그램 프로그램 준비 참가자 기초 원리 생활 활용 사례 소개 간단하다 체험 프로그램 참여 프로그램 참가자 부담 이해 수준 구성 현장 기본 설명 체험 순서 참가 방법 운영 행사 안내 페이지 현장 파다 통해 교육 환경 지역 교류 생활 가까이 참여 활동 꾸준하다 갈다 계획 운영 과정 변경 해당 안내 화면 통해 사용자 최신 표시 우선
normal_hjw_058.txt,0,기초 강연 보도자료 기초 강연 프로그램 준비 참가자 기초 원리 생활 활용 사례 소개 간단하다 체험 프로그램 참여 프로그램 참가자 부담 이해 수준 구성 현장 기본 설명 체험 순서 참가 방법 운영 행사 안내 페이지 현장 파다 통해 교육 환경 지역 교류 생활 가까이 참여 활동 꾸준하다 갈다 계획 운영 과정 변경 해당 안내 화면 통해 사용자 최신 표시 우선
normal_hjw_099.txt,0,사내 러닝 모임 참여자 모집 동호회 모집 구성원 러닝 모임 참여자 모집 처음 참여 구성원 부담 기본 활동 진행 모임 일정 참여자 가능하다 참여 계속 결정 개인 장비 필요하다 활동 준비 가능하다 범위 먼저 안내 처음 참여 체험 중심 진행 참여 희망 사내 동호회 게시판 모집 참여 표시 줄다 운영 과정 변경 해당 안내 화면 통해 사용자 최신 표시 우선 불편하다 공용 게시판 의견 항목 간단하다 남다 의견 이후 운영
normal_hjw_097.txt,0,집중 업무 공간 예약 안내 회의실 예약 집중 업무 공간 예약 회의 공간 방법 소규모 회의 인원 맞다 공간 먼저 선택 크다 회의실 불필요하다 점유 줄이다 줄다 화이트보드 사용 지우다 지우개 지정 위치 두다 줄다 음료 포장재 회의 종료 의자 테이블 배치 원래 상태 맞추다 줄다 장비 이상 비품 부족 다음 사용자 시설 관리 요청 화면 상태 남기다 줄다 운영 과정 변경 해당 안내 화면 통해 사용자 최신 표시 우선 불편하다 공용 게시판 의견 항목 간단하다 남다 의견 이후 운영
normal_hjw_095.txt,0,회의실 예약 가능 안내 회의실 예약 회의실 예약 가능 회의 공간 방법 예약 화면 필요하다 선택 사용 계획 바뀌다 구성원 취소 화이트보드 사용 지우다 지우개 지정 위치 두다 줄다 음료 포장재 회의 종료 의자 테이블 배치 원래 상태 맞추다 줄다 장비 이상 비품 부족 다음 사용자 시설 관리 요청 화면 상태 남기다 줄다 운영 과정 변경 해당 안내 화면 통해 사용자 최신 표시 우선
normal_hjw_112.pdf,0,사내 식물 가꾸다 모임 참여자 모집 동호회 모집 구성원 식물 가꾸다 모임 참여자 모집 정해진 실력 관심 구성원 취미 공유 목표 운영 모임 일정 참여자 가능하다 참여 계속 결정 개인 장비 필요하다 활동 준비 가능하다 범위 먼저 안내 처음 참여 체험 중심 진행 참여 희망 사내 동호회 게시판 모집 참여 표시 줄다 운영 과정 변경 해당 안내 화면 통해 사용자 최신 표시 우선 불편하다 공용 게시판 의견 항목 간단하다 남다 의견 이후 운영 항목 모임 식물 가꾸다 모임 참여 초보 참여 가능 운영 참여자 일정 맞추다 조정
normal_hjw_098.txt,0,회의실 비품 제자리 안내 회의실 예약 회의실 비품 제자리 회의 공간 방법 예약 시작 종료 지키다 회의 끝나다 화이트보드 테이블 주변 줄다 화이트보드 사용 지우다 지우개 지정 위치 두다 줄다 음료 포장재 회의 종료 의자 테이블 배치 원래 상태 맞추다 줄다 장비 이상 비품 부족 다음 사용자 시설 관리 요청 화면 상태 남기다 줄다 운영 과정 변경 해당 안내 화면 통해 사용자 최신 표시 우선
normal_hjw_081.docx,0,hb module e 제품 소개 제품 소개 hb module e 모바일 소형 시스템 사용 구성 제품 대표 구성은 gb 용량 lpddr 계열 연결 방식 사용 제품 형태 전력 동작 소형 기기 적용 특징 설치 사용 장치 지원 규격 슬롯 형태 좋다 제품 선택 필요하다 용량 연결 방식 장치 크기 호환성 쉬다 판단 세부 규격 제품 포장 카탈로그 표기 항목 운영 과정 변경 해당 안내 화면 통해 사용자 최신 표시 우선 항목 사양 제품 hb module e 대표 용량 gb 장치 지원 규격 슬롯 형태
normal_hjw_083.txt,0,회의실 오전 예약 안내 회의실 예약 회의실 오전 예약 회의 공간 방법 예약 화면 필요하다 선택 사용 계획 바뀌다 구성원 취소 화이트보드 사용 지우다 지우개 지정 위치 두다 줄다 음료 포장재 회의 종료 의자 테이블 배치 원래 상태 맞추다 줄다 장비 이상 비품 부족 다음 사용자 시설 관리 요청 화면 상태 남기다 줄다 운영 과정 변경 해당 안내 화면 통해 사용자 최신 표시 우선
normal_hjw_082.pdf,0,hb module e 제품 소개 제품 소개 hb module e 임베디드 산업 시스템 사용 구성 제품 대표 구성은 gb 용량 모듈 저장장치 계열 연결 방식 사용 제품 형태 보드 장착 구성 공간 효율 고려 설다 특징 설치 사용 장치 지원 규격 슬롯 형태 좋다 제품 선택 필요하다 용량 연결 방식 장치 크기 호환성 쉬다 판단 세부 규격 제품 포장 카탈로그 표기 항목 운영 과정 변경 해당 안내 화면 통해 사용자 최신 표시 우선 항목 사양 제품 hb module e 대표 용량 gb 장치 지원 규격 슬롯 형태
normal_hjw_091.docx,0,회의실 음식물 반입 안내 회의실 예약 회의실 음식물 반입 회의 공간 방법 예약 화면 필요하다 선택 사용 계획 바뀌다 구성원 취소 화이트보드 사용 지우다 지우개 지정 위치 두다 줄다 음료 포장재 회의 종료 의자 테이블 배치 원래 상태 맞추다 줄다 장비 이상 비품 부족 다음 사용자 시설 관리 요청 화면 상태 남기다 줄다 운영 과정 변경 해당 안내 화면 통해 사용자 최신 표시 우선 항목 예약 필요하다 선택 장비 사용 기본 상태 복귀 좌석 비품 제자리
normal_hjw_108.txt,0,사내 캘리그래피 모임 참여자 모집 동호회 모집 구성원 캘리그래피 모임 참여자 모집 정해진 실력 관심 구성원 취미 공유 목표 운영 모임 일정 참여자 가능하다 참여 계속 결정 개인 장비 필요하다 활동 준비 가능하다 범위 먼저 안내 처음 참여 체험 중심 진행 참여 희망 사내 동호회 게시판 모집 참여 표시 줄다 운영 과정 변경 해당 안내 화면 통해 사용자 최신 표시 우선 불편하다 공용 게시판 의견 항목 간단하다 남다 의견 이후 운영
normal_hjw_086.txt,0,화상 회의실 장비 사용 안내 회의실 예약 화상 회의실 장비 사용 회의 공간 방법 예약 시작 종료 지키다 회의 끝나다 화이트보드 테이블 주변 줄다 화이트보드 사용 지우다 지우개 지정 위치 두다 줄다 음료 포장재 회의 종료 의자 테이블 배치 원래 상태 맞추다 줄다 장비 이상 비품 부족 다음 사용자 시설 관리 요청 화면 상태 남기다 줄다 운영 과정 변경 해당 안내 화면 통해 사용자 최신 표시 우선
normal_hjw_107.txt,0,사내 드로잉 모임 참여자 모집 동호회 모집 구성원 드로잉 모임 참여자 모집 처음 참여 구성원 부담 기본 활동 진행 모임 일정 참여자 가능하다 참여 계속 결정 개인 장비 필요하다 활동 준비 가능하다 범위 먼저 안내 처음 참여 체험 중심 진행 참여 희망 사내 동호회 게시판 모집 참여 표시 줄다 운영 과정 변경 해당 안내 화면 통해 사용자 최신 표시 우선 불편하다 공용 게시판 의견 항목 간단하다 남다 의견 이후 운영
normal_hjw_102.pdf,0,사내 사진 모임 참여자 모집 동호회 모집 구성원 사진 모임 참여자 모집 업무 지장 없다 시간대 활용 활동 성격 맞다 안전 시설 지키다 모임 일정 참여자 가능하다 참여 계속 결정 개인 장비 필요하다 활동 준비 가능하다 범위 먼저 안내 처음 참여 체험 중심 진행 참여 희망 사내 동호회 게시판 모집 참여 표시 줄다 운영 과정 변경 해당 안내 화면 통해 사용자 최신 표시 우선 불편하다 공용 게시판 의견 항목 간단하다 남다 의견 이후 운영 항목 모임 사진 모임 참여 초보 참여 가능 운영 참여자 일정 맞추다 조정
normal_hjw_080.txt,0,hb module e 제품 소개 제품 소개 hb module e 휴대 파일 보관 사용 구성 제품 대표 구성은 gb 용량 usb 계열 연결 방식 사용 제품 형태 usb type a 연결 간단하다 플러그 플레이 특징 설치 사용 장치 지원 규격 슬롯 형태 좋다 제품 선택 필요하다 용량 연결 방식 장치 크기 호환성 쉬다 판단 세부 규격 제품 포장 카탈로그 표기 항목 운영 과정 변경 해당 안내 화면 통해 사용자 최신 표시 우선
normal_hjw_085.txt,0,회의실 예약 취소 안내 회의실 예약 회의실 예약 취소 회의 공간 방법 소규모 회의 인원 맞다 공간 먼저 선택 크다 회의실 불필요하다 점유 줄이다 줄다 화이트보드 사용 지우다 지우개 지정 위치 두다 줄다 음료 포장재 회의 종료 의자 테이블 배치 원래 상태 맞추다 줄다 장비 이상 비품 부족 다음 사용자 시설 관리 요청 화면 상태 남기다 줄다 운영 과정 변경 해당 안내 화면 통해 사용자 최신 표시 우선 불편하다 공용 게시판 의견 항목 간단하다 남다 의견 이후 운영
normal_hjw_084.txt,0,회의실 오후 예약 안내 회의실 예약 회의실 오후 예약 회의 공간 방법 프로젝터 화면 공유 장치 기본 설정 상태 사용 회의 종료 전원 끄다 초기 화면 되돌리다 화이트보드 사용 지우다 지우개 지정 위치 두다 줄다 음료 포장재 회의 종료 의자 테이블 배치 원래 상태 맞추다 줄다 장비 이상 비품 부족 다음 사용자 시설 관리 요청 화면 상태 남기다 줄다 운영 과정 변경 해당 안내 화면 통해 사용자 최신 표시 우선
normal_hjw_110.txt,0,사내 탁구 모임 참여자 모집 동호회 모집 구성원 탁구 모임 참여자 모집 업무 지장 없다 시간대 활용 활동 성격 맞다 안전 시설 지키다 모임 일정 참여자 가능하다 참여 계속 결정 개인 장비 필요하다 활동 준비 가능하다 범위 먼저 안내 처음 참여 체험 중심 진행 참여 희망 사내 동호회 게시판 모집 참여 표시 줄다 운영 과정 변경 해당 안내 화면 통해 사용자 최신 표시 우선 불편하다 공용 게시판 의견 항목 간단하다 남다 의견 이후 운영
normal_hjw_100.txt,0,사내 독서 모임 참여자 모집 동호회 모집 구성원 독서 모임 참여자 모집 정해진 실력 관심 구성원 취미 공유 목표 운영 모임 일정 참여자 가능하다 참여 계속 결정 개인 장비 필요하다 활동 준비 가능하다 범위 먼저 안내 처음 참여 체험 중심 진행 참여 희망 사내 동호회 게시판 모집 참여 표시 줄다 운영 과정 변경 해당 안내 화면 통해 사용자 최신 표시 우선 불편하다 공용 게시판 의견 항목 간단하다 남다 의견 이후 운영
normal_hjw_076.txt,0,hb flash u gb 제품 소개 제품 소개 hb flash u gb 임베디드 산업 시스템 사용 구성 제품 대표 구성은 gb 용량 모듈 저장장치 계열 연결 방식 사용 제품 형태 보드 장착 구성 공간 효율 고려 설다 특징 설치 사용 장치 지원 규격 슬롯 형태 좋다 제품 선택 필요하다 용량 연결 방식 장치 크기 호환성 쉬다 판단 세부 규격 제품 포장 카탈로그 표기 항목 운영 과정 변경 해당 안내 화면 통해 사용자 최신 표시 우선
normal_hjw_093.txt,0,회의실 예약 중복 방지 안내 회의실 예약 회의실 예약 중복 방지 회의 공간 방법 소규모 회의 인원 맞다 공간 먼저 선택 크다 회의실 불필요하다 점유 줄이다 줄다 화이트보드 사용 지우다 지우개 지정 위치 두다 줄다 음료 포장재 회의 종료 의자 테이블 배치 원래 상태 맞추다 줄다 장비 이상 비품 부족 다음 사용자 시설 관리 요청 화면 상태 남기다 줄다 운영 과정 변경 해당 안내 화면 통해 사용자 최신 표시 우선
normal_hjw_103.txt,0,사내 보드게임 모임 참여자 모집 동호회 모집 구성원 보드게임 모임 참여자 모집 처음 참여 구성원 부담 기본 활동 진행 모임 일정 참여자 가능하다 참여 계속 결정 개인 장비 필요하다 활동 준비 가능하다 범위 먼저 안내 처음 참여 체험 중심 진행 참여 희망 사내 동호회 게시판 모집 참여 표시 줄다 운영 과정 변경 해당 안내 화면 통해 사용자 최신 표시 우선 불편하다 공용 게시판 의견 항목 간단하다 남다 의견 이후 운영
normal_hjw_079.txt,0,hb mem lp gb 제품 소개 제품 소개 hb mem lp gb 용량 파일 저장 빠르다 응답 필요하다 시스템 사용 구성 제품 대표 구성은 gb 용량 pcie 계열 연결 방식 사용 제품 형태 m 폼팩터 nvme 인터페이스 특징 설치 사용 장치 지원 규격 슬롯 형태 좋다 제품 선택 필요하다 용량 연결 방식 장치 크기 호환성 쉬다 판단 세부 규격 제품 포장 카탈로그 표기 항목 운영 과정 변경 해당 안내 화면 통해 사용자 최신 표시 우선
normal_hjw_094.txt,0,행사 회의실 안내 회의실 예약 행사 회의실 회의 공간 방법 예약 시작 종료 지키다 회의 끝나다 화이트보드 테이블 주변 줄다 화이트보드 사용 지우다 지우개 지정 위치 두다 줄다 음료 포장재 회의 종료 의자 테이블 배치 원래 상태 맞추다 줄다 장비 이상 비품 부족 다음 사용자 시설 관리 요청 화면 상태 남기다 줄다 운영 과정 변경 해당 안내 화면 통해 사용자 최신 표시 우선
normal_hjw_105.txt,0,사내 가볍다 등산 모임 참여자 모집 동호회 모집 구성원 가볍다 등산 모임 참여자 모집 활동 결과 꾸준하다 참여 편안하다 교류 중심 운영 일정 참여자 의견 모으다 정합 모임 일정 참여자 가능하다 참여 계속 결정 개인 장비 필요하다 활동 준비 가능하다 범위 먼저 안내 처음 참여 체험 중심 진행 참여 희망 사내 동호회 게시판 모집 참여 표시 줄다 운영 과정 변경 해당 안내 화면 통해 사용자 최신 표시 우선 불편하다 공용 게시판 의견 항목 간단하다 남다 의견 이후 운영
normal_hjw_096.txt,0,소규모 미팅 공간 안내 회의실 예약 소규모 미팅 공간 회의 공간 방법 프로젝터 화면 공유 장치 기본 설정 상태 사용 회의 종료 전원 끄다 초기 화면 되돌리다 화이트보드 사용 지우다 지우개 지정 위치 두다 줄다 음료 포장재 회의 종료 의자 테이블 배치 원래 상태 맞추다 줄다 장비 이상 비품 부족 다음 사용자 시설 관리 요청 화면 상태 남기다 줄다 운영 과정 변경 해당 안내 화면 통해 사용자 최신 표시 우선
normal_hjw_104.txt,0,사내 영화 감상 모임 참여자 모집 동호회 모집 구성원 영화 감상 모임 참여자 모집 정해진 실력 관심 구성원 취미 공유 목표 운영 모임 일정 참여자 가능하다 참여 계속 결정 개인 장비 필요하다 활동 준비 가능하다 범위 먼저 안내 처음 참여 체험 중심 진행 참여 희망 사내 동호회 게시판 모집 참여 표시 줄다 운영 과정 변경 해당 안내 화면 통해 사용자 최신 표시 우선 불편하다 공용 게시판 의견 항목 간단하다 남다 의견 이후 운영
normal_hjw_087.txt,0,회의실 예약 준수 안내 회의실 예약 회의실 예약 준수 회의 공간 방법 예약 화면 필요하다 선택 사용 계획 바뀌다 구성원 취소 화이트보드 사용 지우다 지우개 지정 위치 두다 줄다 음료 포장재 회의 종료 의자 테이블 배치 원래 상태 맞추다 줄다 장비 이상 비품 부족 다음 사용자 시설 관리 요청 화면 상태 남기다 줄다 운영 과정 변경 해당 안내 화면 통해 사용자 최신 표시 우선
normal_hjw_113.txt,0,사내 글쓰기 모임 참여자 모집 동호회 모집 구성원 글쓰기 모임 참여자 모집 활동 결과 꾸준하다 참여 편안하다 교류 중심 운영 일정 참여자 의견 모으다 정합 모임 일정 참여자 가능하다 참여 계속 결정 개인 장비 필요하다 활동 준비 가능하다 범위 먼저 안내 처음 참여 체험 중심 진행 참여 희망 사내 동호회 게시판 모집 참여 표시 줄다 운영 과정 변경 해당 안내 화면 통해 사용자 최신 표시 우선 불편하다 공용 게시판 의견 항목 간단하다 남다 의견 이후 운영
normal_hjw_088.txt,0,회의실 장시간 예약 자제 안내 회의실 예약 회의실 장시간 예약 자제 회의 공간 방법 프로젝터 화면 공유 장치 기본 설정 상태 사용 회의 종료 전원 끄다 초기 화면 되돌리다 화이트보드 사용 지우다 지우개 지정 위치 두다 줄다 음료 포장재 회의 종료 의자 테이블 배치 원래 상태 맞추다 줄다 장비 이상 비품 부족 다음 사용자 시설 관리 요청 화면 상태 남기다 줄다 운영 과정 변경 해당 안내 화면 통해 사용자 최신 표시 우선
normal_hjw_109.txt,0,사내 요가 모임 참여자 모집 동호회 모집 구성원 요가 모임 참여자 모집 활동 결과 꾸준하다 참여 편안하다 교류 중심 운영 일정 참여자 의견 모으다 정합 모임 일정 참여자 가능하다 참여 계속 결정 개인 장비 필요하다 활동 준비 가능하다 범위 먼저 안내 처음 참여 체험 중심 진행 참여 희망 사내 동호회 게시판 모집 참여 표시 줄다 운영 과정 변경 해당 안내 화면 통해 사용자 최신 표시 우선 불편하다 공용 게시판 의견 항목 간단하다 남다 의견 이후 운영
normal_hjw_090.txt,0,회의실 프로젝터 안내 회의실 예약 회의실 프로젝터 회의 공간 방법 예약 시작 종료 지키다 회의 끝나다 화이트보드 테이블 주변 줄다 화이트보드 사용 지우다 지우개 지정 위치 두다 줄다 음료 포장재 회의 종료 의자 테이블 배치 원래 상태 맞추다 줄다 장비 이상 비품 부족 다음 사용자 시설 관리 요청 화면 상태 남기다 줄다 운영 과정 변경 해당 안내 화면 통해 사용자 최신 표시 우선
normal_hjw_101.docx,0,사내 배드민턴 모임 참여자 모집 동호회 모집 구성원 배드민턴 모임 참여자 모집 활동 결과 꾸준하다 참여 편안하다 교류 중심 운영 일정 참여자 의견 모으다 정합 모임 일정 참여자 가능하다 참여 계속 결정 개인 장비 필요하다 활동 준비 가능하다 범위 먼저 안내 처음 참여 체험 중심 진행 참여 희망 사내 동호회 게시판 모집 참여 표시 줄다 운영 과정 변경 해당 안내 화면 통해 사용자 최신 표시 우선 불편하다 공용 게시판 의견 항목 간단하다 남다 의견 이후 운영 항목 모임 배드민턴 모임 참여 초보 참여 가능 운영 참여자 일정 맞추다 조정
normal_hjw_106.txt,0,사내 체스 모임 참여자 모집 동호회 모집 구성원 체스 모임 참여자 모집 업무 지장 없다 시간대 활용 활동 성격 맞다 안전 시설 지키다 모임 일정 참여자 가능하다 참여 계속 결정 개인 장비 필요하다 활동 준비 가능하다 범위 먼저 안내 처음 참여 체험 중심 진행 참여 희망 사내 동호회 게시판 모집 참여 표시 줄다 운영 과정 변경 해당 안내 화면 통해 사용자 최신 표시 우선 불편하다 공용 게시판 의견 항목 간단하다 남다 의견 이후 운영
normal_hjw_089.txt,0,회의실 화이트보드 안내 회의실 예약 회의실 화이트보드 회의 공간 방법 소규모 회의 인원 맞다 공간 먼저 선택 크다 회의실 불필요하다 점유 줄이다 줄다 화이트보드 사용 지우다 지우개 지정 위치 두다 줄다 음료 포장재 회의 종료 의자 테이블 배치 원래 상태 맞추다 줄다 장비 이상 비품 부족 다음 사용자 시설 관리 요청 화면 상태 남기다 줄다 운영 과정 변경 해당 안내 화면 통해 사용자 최신 표시 우선
normal_hjw_111.docx,0,사내 플로 모임 참여자 모집 동호회 모집 구성원 플로 모임 참여자 모집 처음 참여 구성원 부담 기본 활동 진행 모임 일정 참여자 가능하다 참여 계속 결정 개인 장비 필요하다 활동 준비 가능하다 범위 먼저 안내 처음 참여 체험 중심 진행 참여 희망 사내 동호회 게시판 모집 참여 표시 줄다 운영 과정 변경 해당 안내 화면 통해 사용자 최신 표시 우선 불편하다 공용 게시판 의견 항목 간단하다 남다 의견 이후 운영 항목 모임 플로 모임 참여 초보 참여 가능 운영 참여자 일정 맞추다 조정
normal_hjw_078.txt,0,hb mem lp gb 제품 소개 제품 소개 hb mem lp gb 멀티미디어 저장 사용 구성 제품 대표 구성은 tb 용량 sata 계열 연결 방식 사용 제품 형태 인치 폼팩터 일반 데스크톱 노트북 호환 특징 설치 사용 장치 지원 규격 슬롯 형태 좋다 제품 선택 필요하다 용량 연결 방식 장치 크기 호환성 쉬다 판단 세부 규격 제품 포장 카탈로그 표기 항목 운영 과정 변경 해당 안내 화면 통해 사용자 최신 표시 우선
normal_hjw_092.pdf,0,회의실 종료 안내 회의실 예약 회의실 종료 회의 공간 방법 프로젝터 화면 공유 장치 기본 설정 상태 사용 회의 종료 전원 끄다 초기 화면 되돌리다 화이트보드 사용 지우다 지우개 지정 위치 두다 줄다 음료 포장재 회의 종료 의자 테이블 배치 원래 상태 맞추다 줄다 장비 이상 비품 부족 다음 사용자 시설 관리 요청 화면 상태 남기다 줄다 운영 과정 변경 해당 안내 화면 통해 사용자 최신 표시 우선 항목 예약 필요하다 선택 장비 사용 기본 상태 복귀 좌석 비품 제자리
normal_hjw_077.txt,0,hb mem lp gb 제품 소개 제품 소개 hb mem lp gb pc 업무 시스템 사용 구성 제품 대표 구성은 tb 용량 ddr 계열 연결 방식 사용 제품 형태 표준 dimm 규격 낮다 높이 모듈 설다 특징 설치 사용 장치 지원 규격 슬롯 형태 좋다 제품 선택 필요하다 용량 연결 방식 장치 크기 호환성 쉬다 판단 세부 규격 제품 포장 카탈로그 표기 항목 운영 과정 변경 해당 안내 화면 통해 사용자 최신 표시 우선
normal_hjw_127.txt,0,사내 행사 사진 제출 업무 메일 안녕하다 구성원 여러분 사내 행사 사진 제출 부탁드리다 항목 변경 필요하다 부분 의견 남기다 줄다 결과 해당 운영 항목 사용 추가 자료 첨부 게시 선택 항목 공용 시설 행사 운영 개선 의견 짧다 남기다 줄다 다음 공지 운영 일정 반영 사내 게시판 통해 안내 협조 감사하다 운영 과정 변경 해당 안내 화면 통해 사용자 최신 표시 우선
normal_hjw_124.txt,0,사내 게시판 게시 점검 업무 메일 안녕하다 구성원 여러분 사내 게시판 게시 점검 부탁드리다 별도 회신 넘어가다 추가 요청 필요하다 항목 결과 해당 운영 항목 사용 추가 자료 첨부 게시 선택 항목 공용 시설 행사 운영 개선 의견 짧다 남기다 줄다 다음 공지 운영 일정 반영 사내 게시판 통해 안내 협조 감사하다 운영 과정 변경 해당 안내 화면 통해 사용자 최신 표시 우선
normal_hjw_130.txt,0,도서 공간 추천 도서 의견 수렴 업무 메일 안녕하다 구성원 여러분 도서 공간 추천 도서 의견 수렴 부탁드리다 정해진 항목 필요하다 짧다 의견 남다 다음 운영 안내 반영 예정 결과 해당 운영 항목 사용 추가 자료 첨부 게시 선택 항목 공용 시설 행사 운영 개선 의견 짧다 남기다 줄다 다음 공지 운영 일정 반영 사내 게시판 통해 안내 협조 감사하다 운영 과정 변경 해당 안내 화면 통해 사용자 최신 표시 우선
normal_hjw_118.txt,0,식당 만족도 설문 참여 업무 메일 안녕하다 구성원 여러분 식당 만족도 설문 참여 부탁드리다 정해진 항목 필요하다 짧다 의견 남다 다음 운영 안내 반영 예정 결과 해당 운영 항목 사용 추가 자료 첨부 게시 선택 항목 공용 시설 행사 운영 개선 의견 짧다 남기다 줄다 다음 공지 운영 일정 반영 사내 게시판 통해 안내 협조 감사하다 운영 과정 변경 해당 안내 화면 통해 사용자 최신 표시 우선
normal_hjw_119.txt,0,공용 공간 협조 업무 메일 안녕하다 구성원 여러분 공용 공간 협조 부탁드리다 항목 변경 필요하다 부분 의견 남기다 줄다 결과 해당 운영 항목 사용 추가 자료 첨부 게시 선택 항목 공용 시설 행사 운영 개선 의견 짧다 남기다 줄다 다음 공지 운영 일정 반영 사내 게시판 통해 안내 협조 감사하다 운영 과정 변경 해당 안내 화면 통해 사용자 최신 표시 우선
normal_hjw_116.txt,0,회의 자료 출력 최소 요청 업무 메일 안녕하다 구성원 여러분 회의 자료 출력 최소 요청 부탁드리다 별도 회신 넘어가다 추가 요청 필요하다 항목 결과 해당 운영 항목 사용 추가 자료 첨부 게시 선택 항목 공용 시설 행사 운영 개선 의견 짧다 남기다 줄다 다음 공지 운영 일정 반영 사내 게시판 통해 안내 협조 감사하다 운영 과정 변경 해당 안내 화면 통해 사용자 최신 표시 우선
normal_hjw_122.pdf,0,회의실 사용 업무 메일 안녕하다 구성원 여러분 회의실 사용 부탁드리다 정해진 항목 필요하다 짧다 의견 남다 다음 운영 안내 반영 예정 결과 해당 운영 항목 사용 추가 자료 첨부 게시 선택 항목 공용 시설 행사 운영 개선 의견 짧다 남기다 줄다 다음 공지 운영 일정 반영 사내 게시판 통해 안내 협조 감사하다 운영 과정 변경 해당 안내 화면 통해 사용자 최신 표시 우선 항목 주제 회의실 사용 회신 변경 필요하다 추가 자료 첨부 항목
normal_hjw_126.txt,0,공용 프린터 점검 일정 업무 메일 안녕하다 구성원 여러분 공용 프린터 점검 일정 부탁드리다 정해진 항목 필요하다 짧다 의견 남다 다음 운영 안내 반영 예정 결과 해당 운영 항목 사용 추가 자료 첨부 게시 선택 항목 공용 시설 행사 운영 개선 의견 짧다 남기다 줄다 다음 공지 운영 일정 반영 사내 게시판 통해 안내 협조 감사하다 운영 과정 변경 해당 안내 화면 통해 사용자 최신 표시 우선
normal_hjw_121.docx,0,브로 재고 업무 메일 안녕하다 구성원 여러분 브로 재고 부탁드리다 업무 편하다 공용 운영 필요하다 간단하다 표시 줄다 결과 해당 운영 항목 사용 추가 자료 첨부 게시 선택 항목 공용 시설 행사 운영 개선 의견 짧다 남기다 줄다 다음 공지 운영 일정 반영 사내 게시판 통해 안내 협조 감사하다 운영 과정 변경 해당 안내 화면 통해 사용자 최신 표시 우선 항목 주제 브로 재고 회신 변경 필요하다 추가 자료 첨부 항목
normal_hjw_115.txt,0,공용 구류 수요 업무 메일 안녕하다 구성원 여러분 공용 구류 수요 부탁드리다 항목 변경 필요하다 부분 의견 남기다 줄다 결과 해당 운영 항목 사용 추가 자료 첨부 게시 선택 항목 공용 시설 행사 운영 개선 의견 짧다 남기다 줄다 다음 공지 운영 일정 반영 사내 게시판 통해 안내 협조 감사하다 운영 과정 변경 해당 안내 화면 통해 사용자 최신 표시 우선
normal_hjw_120.txt,0,행사 물다 문구 업무 메일 안녕하다 구성원 여러분 행사 물다 문구 부탁드리다 별도 회신 넘어가다 추가 요청 필요하다 항목 결과 해당 운영 항목 사용 추가 자료 첨부 게시 선택 항목 공용 시설 행사 운영 개선 의견 짧다 남기다 줄다 다음 공지 운영 일정 반영 사내 게시판 통해 안내 협조 감사하다 운영 과정 변경 해당 안내 화면 통해 사용자 최신 표시 우선
normal_hjw_114.txt,0,사내 퍼즐 모임 참여자 모집 동호회 모집 구성원 퍼즐 모임 참여자 모집 업무 지장 없다 시간대 활용 활동 성격 맞다 안전 시설 지키다 모임 일정 참여자 가능하다 참여 계속 결정 개인 장비 필요하다 활동 준비 가능하다 범위 먼저 안내 처음 참여 체험 중심 진행 참여 희망 사내 동호회 게시판 모집 참여 표시 줄다 운영 과정 변경 해당 안내 화면 통해 사용자 최신 표시 우선 불편하다 공용 게시판 의견 항목 간단하다 남다 의견 이후 운영
normal_hjw_128.txt,0,교육 자료 배포 일정 업무 메일 안녕하다 구성원 여러분 교육 자료 배포 일정 부탁드리다 별도 회신 넘어가다 추가 요청 필요하다 항목 결과 해당 운영 항목 사용 추가 자료 첨부 게시 선택 항목 공용 시설 행사 운영 개선 의견 짧다 남기다 줄다 다음 공지 운영 일정 반영 사내 게시판 통해 안내 협조 감사하다 운영 과정 변경 해당 안내 화면 통해 사용자 최신 표시 우선
normal_hjw_117.txt,0,교육 참석 인원 업무 메일 안녕하다 구성원 여러분 교육 참석 인원 부탁드리다 업무 편하다 공용 운영 필요하다 간단하다 표시 줄다 결과 해당 운영 항목 사용 추가 자료 첨부 게시 선택 항목 공용 시설 행사 운영 개선 의견 짧다 남기다 줄다 다음 공지 운영 일정 반영 사내 게시판 통해 안내 협조 감사하다 운영 과정 변경 해당 안내 화면 통해 사용자 최신 표시 우선
normal_hjw_123.txt,0,분리 배출 일정 공유 업무 메일 안녕하다 구성원 여러분 분리 배출 일정 공유 부탁드리다 항목 변경 필요하다 부분 의견 남기다 줄다 결과 해당 운영 항목 사용 추가 자료 첨부 게시 선택 항목 공용 시설 행사 운영 개선 의견 짧다 남기다 줄다 다음 공지 운영 일정 반영 사내 게시판 통해 안내 협조 감사하다 운영 과정 변경 해당 안내 화면 통해 사용자 최신 표시 우선
normal_hjw_125.txt,0,회용 반납 협조 업무 메일 안녕하다 구성원 여러분 회용 반납 협조 부탁드리다 업무 편하다 공용 운영 필요하다 간단하다 표시 줄다 결과 해당 운영 항목 사용 추가 자료 첨부 게시 선택 항목 공용 시설 행사 운영 개선 의견 짧다 남기다 줄다 다음 공지 운영 일정 반영 사내 게시판 통해 안내 협조 감사하다 운영 과정 변경 해당 안내 화면 통해 사용자 최신 표시 우선
normal_hjw_129.txt,0,우산 대여 반납 업무 메일 안녕하다 구성원 여러분 우산 대여 반납 부탁드리다 업무 편하다 공용 운영 필요하다 간단하다 표시 줄다 결과 해당 운영 항목 사용 추가 자료 첨부 게시 선택 항목 공용 시설 행사 운영 개선 의견 짧다 남기다 줄다 다음 공지 운영 일정 반영 사내 게시판 통해 안내 협조 감사하다 운영 과정 변경 해당 안내 화면 통해 사용자 최신 표시 우선
edge_normal_hjw_013.txt,0,설비 가동 계산 연습 kpi 교육 업무 기초 교육 설비 가동 계산 연습 하루 계획 정지 실제 가동 예제 두다 사용 가능하다 실제 운영 비율 계산 설비 장비 a 표시 실제 생산 라인 운영 사용 계획 정지 줄어들다 실제 가동 라면 가동 어떻다 달라지다 비교 계산 결과 자체 분모 무엇 명확하다 정의 중요하다 설명 동일하다 데이터 서로 계산 달라지다 이유 자료 계산 방법 익히다 필요하다 범위 로만 구성 참가자 직접 바꾸다 결과 차이
edge_normal_hjw_008.txt,0,제품 출시 준비 체크 리스트 사용 안내 업무 양식 공통 활용 제품 출시 준비 체크 리스트 사용 방법 체크 항목 제품 설명 검토 포장 문구 홈페이지 이미지 준비 문의 대응 문구 기본 순서 구성 특정 제품 출시일 개발 적다 두다 아니다 담당자 필요하다 항목 빠뜨리다 사용 양식 가깝다 항목 완료 진행 필요 상태 표시 담당 협업 상태 간단하다 메모 남다 체크 리스트 업무 특성 맞추다 항목 추다 삭제 사용 항목 이해 쉽다 예시 중심 설명 업무 형식 자료 핵심 정보 어디 빠르다 찾다 연습 활용
edge_normal_hjw_016.txt,0,협력 평가 점수 계산 연습 구매 교육 구매 직무 교육 가중 평균 익히다 협력 평가 예제 사용 품질 납기 대응 배점 두다 항목 점수 가중 치르다 적용 계산 업체 급사 a 급사 b 표시 실제 협력 평가 결과 계약 여부 관계 없다 연습 참가자 특정 항목 비중 바꾸다 순위 달라지다 비교 평가 사전 명확하다 정해 이유 살펴보다 마지막 동일하다 점수 엑셀 함수 구현 자동 계산 만듭니 항목 이해 쉽다 예시 중심 설명 업무 형식 자료 핵심 정보 어디 빠르다 찾다 연습 활용
edge_normal_hjw_012.pdf,0,시장 세미나 핵심 워드 세미나 구성원 참석 산업 세미나 주요 워드 복습 메모 ai 서버 수요 대역폭 메모리 전력 효율 패키징 기술 행사 반복 언급 산업 주제 중심 구성 특정 기업 가격 전망 기록 용어 의미 시장 자주 언급 간단하다 설명 대역폭 메모리 데이터 빠르다 전달 적합하다 첨단 패키징 여러 효율 연결하다 기술 흐름 수준 추후 신규 구성원 교육 자료 만들다 예정 항목 이해 쉽다 예시 중심 설명 업무 형식 자료 핵심 정보 어디 빠르다 찾다 연습 활용 워드 메모 ai 서버 고성능 연산 수요 hbm 높다 데이터 전송 패키징 연결 방식
edge_normal_hjw_009.txt,0,저장장치 사양 비교 예시 제품 자료 제품 자료 교육 저장장치 사양 비교 구성 예시 제공 비교 항목 용량 인터페이스 폼팩터 보증 기간 카탈로그 쉬다 항목 사용 예시 제품 모델 a 모델 b 모델 c 표시 gb tb tb 일반 용량 넣다 목적 경쟁 전략 분석 아니다 여러 제품 공개 사양 한눈 비교 좋다 형태 배치 방법 익히다 항목 수가 많아지다 중요도 높다 항목 왼쪽 배치 단위 통일 자료 계산 방법 익히다 필요하다 범위 로만 구성 참가자 직접 바꾸다 결과 차이
edge_normal_hjw_015.txt,0,제품 기능 예시 평가 양식 반복 사용 기능 예시 항목 전원 기본 인식 반복 동작 외관 여러 전자제품 공통 적용 수준 구성 제품 명과 세부 시험 조건 빈칸 두다 결과 적합 해당 없다 선택 특정 제품 시험 결과 성능 치가 적히다 아니다 테스트 항목 빠뜨리다 서식 예시 필요하다 항목 추가 비고 방법 시험 여부 짧다 남다 자료 계산 방법 익히다 필요하다 범위 로만 구성 참가자 직접 바꾸다 결과 차이
edge_normal_hjw_001.docx,0,지표 읽다 실습 안내 교육 안내 사내 기초 교육 생산 지표 읽다 연습 진행 실습 임의 제시 참가자 차이 불량 추다 하량 계산 어떻다 영향 수치 특정 제품 생산 라인 실적 아니다 계산 방법 익히다 예제 웨이퍼 투입량 단순하다 숫자 구성 교육 평균 증감 목표 대비 차이 계산 막대그래프 표현 방법 다루다 실습 파일 교육 제공 별도 사전 준비 필요하다 자료 계산 방법 익히다 필요하다 범위 로만 구성 참가자 직접 바꾸다 결과 차이 실습 항목 예시 투입 목적 증감 계산 연습
edge_normal_hjw_011.docx,0,품질 문의 답변 실습 고객 응대 교육 고객 응대 교육 품질 문의 답변 문장 구성 연습 예제 상황 제품 일부 정상 인식 일반 문의 설정 참가자 증상 사용 환경 질문 교환 절차 안내 순서 답변 실제 고객 제품 시리얼 불량 분석 결과 사용 모델 명도 샘플 제품 a 표시 답변 원인 단정하다 필요하다 정보 먼저 요청 표현 사용 기술 설명 필요하다 이해 쉽다 문장 완성 답변 별로 비교 표현 차이 자료 계산 방법 익히다 필요하다 범위 로만 구성 참가자 직접 바꾸다 결과 차이 단계 증상 사용 환경 질문 조치 절차 안내
edge_normal_hjw_006.txt,0,생산 능력 계산 함수 실습 엑셀 실습 엑셀 실습 생산 능력 계산 예제 sum average if 함수 연습 연습 시트 설비 설비 설비 단순하다 이름 사용 일일 처리량 입력 여기 가동 일수 곱다 월간 처리량 특정 이상인 충족 표시 조건식 실제 공장 장비 가동 실적 사용 함수 입력 참조 방식 익히다 초점 두다 완성 조건 서식 간단하다 합계 추가 항목 이해 쉽다 예시 중심 설명 업무 형식 자료 핵심 정보 어디 빠르다 찾다 연습 활용
edge_normal_hjw_014.txt,0,프로젝트 위험 요소 예시 기획 교육 프로젝트 관리 교육 위험 요소 목록 방법 연습 예제 일정 지연 인력 부족 장비 납품 지연 요구사항 변경 여러 업무 공통 발생 항목 넣다 위험 요소 발생 가능성 낮다 보통 높다 음으로 표시 영향 도도 단계 평가 특정 프로젝트 실제 이슈 기록 아니다 위험 문장 표현 우선 순위 방법 익히다 예제 마지막 발생 가능성 영향 모두 높다 항목 먼저 간단하다 우선 순위 항목 이해 쉽다 예시 중심 설명 업무 형식 자료 핵심 정보 어디 빠르다 찾다 연습 활용
edge_normal_hjw_007.txt,0,계약 조건 비교 읽다 연습 법무 교육 읽다 교육 계약서 주요 항목 빠르다 찾다 연습 진행 예제 납기 검수 계약 기간 일반 조건 구성 실제 거래처 계약 금액 포함 참가자 납품 조건 검수 계약 기간 해지 조건 문단 표시 서로 예제 차이 비교 교육 목적 계약서 문장 해석 거나 법률 판단 아니다 업무 필요하다 항목 빠르다 찾다 습관 익히다 마지막 핵심 항목 페이지 옮기다 연습 자료 계산 방법 익히다 필요하다 범위 로만 구성 참가자 직접 바꾸다 결과 차이
edge_normal_hjw_004.txt,0,제품 정표 연습 기획 워크숍 기획 워크숍 간단하다 제품 정표 연습 진행 예제 프로젝트 기획 제품 검토 출시 준비 단계 나누다 단계 주의 기간 임의 배정 특정 제품 실제 개발 정이 아니다 일정 의존 관계 지연 영향 이해 연습 참가자 단계 늦어지다 전체 일정 어떻다 바뀌다 계산 또한 동시 진행 가능하다 작업 반드시 순차 진행 작업 구분 간단하다 간트 차트 형태 완성 결과 토론 자료 로만 사용 항목 이해 쉽다 예시 중심 설명 업무 형식 자료 핵심 정보 어디 빠르다 찾다 연습 활용
edge_normal_hjw_002.pdf,0,제품 원가 계산 기초 예제 교육 자료 직무 교육 제품 원가 기본 구성요소 이해 계산 예제 사용 예제 재료 가공비 포장 처럼 단순화 숫자 넣다 원가 목별 비중 계산 숫자 실제 가격 제품 원가 아니다 설명 참가자 직접 바꾸다 결과 어떻다 달라지다 구성 생산량 늘어나다 단위 비용 변하다 상황 가정 정비 변동 차이 살펴보다 교육 종료 형식 계산 배포 복습 활용 예정 항목 이해 쉽다 예시 중심 설명 업무 형식 자료 핵심 정보 어디 빠르다 찾다 연습 활용 항목 연습 재료 가공비 포장
edge_normal_hjw_005.txt,0,결함 그래프 해석 연습 품질 교육 품질 기초 교육 결함 그래프 읽다 연습 제공 그래프 처럼 단계 낮아지다 예제 표시 참가자 변화 개선 계산 표현 공정 공정 a 공정 b 임의 명칭 사용 실제 생산 설비 제품 정보 넣다 교육 특정 높다 낮다 판단 동일하다 추세 비교 방법 범위 그래프 인상 달라지다 설명 마지막 데이터 그래프 막대그래프 각각 만들다 비교 자료 계산 방법 익히다 필요하다 범위 로만 구성 참가자 직접 바꾸다 결과 차이
edge_normal_hjw_003.txt,0,가격 협상 역할 연습 진행 워크숍 영업 직무 워크숍 가격 협상 과정 익히다 역할 연습 진행 참가자 구매 공급 역할 나누다 가격 할인 적용 각각 제안 가르다 계산 고객 a 사오다 b 임의 표기 사용 실제 거래처 계약 조건 사용 연습 핵심 가격 자체 상대방 요구 조건 대안 제시 대화 순서 익히다 마지막 조가 사용 협상 문장 공유 표현 방식 차이 자료 계산 방법 익히다 필요하다 범위 로만 구성 참가자 직접 바꾸다 결과 차이
edge_normal_hjw_010.txt,0,분기 수요 예측 계산 연습 데이터 교육 데이터 활용 교육 단순 평균 수요 예측 푸다 예제 판매량 설정 평균 다음 분기 예상 계산 숫자 실제 판매 실적 특정 고객 아니다 계산법 설명 단순 예제 참가자 평균 최근 크다 가중 치르다 방식 결과 어떻다 달라지다 비교 예측 실제 결과 항상 일치 이유 실습 결과 작다 그래프 표현 항목 이해 쉽다 예시 중심 설명 업무 형식 자료 핵심 정보 어디 빠르다 찾다 연습 활용
edge_normal_hjw_020.txt,0,차세대 제품 아이디어 회의 브랜딩 워크숍 사내 브랜딩 워크숍 제품 아이디어 만들다 연습 진행 참가자 speed eco core nova 처럼 기술 제품 자주 쓰이다 단어 조합 이름 후보 만들다 발음 쉽다 기존 제품 명과 혼동 후보 hb nova hb core hb eco 연습 명칭 사용 실제 출시 예정 제품 이름 결정 회의 아니다 이름 보고 떠오르다 이미지 단어 적다 기다 의미 치다 후보 제외 마지막 제품 고려 짧다 체크 리스트 항목 이해 쉽다 예시 중심 설명 업무 형식 자료 핵심 정보 어디 빠르다 찾다 연습 활용
edge_normal_hjw_019.txt,0,패키징 기술 용어 회의 메모 기술 세미나 기술 세미나 참가자 자주 나오다 용어 메모 회의 tsv 인터 포저 적층 관리 표현 기본 의미 용어 어떻다 상황 사용 간단하다 특정 제품 구조 개발 방식 실험 결과 기록 아니다 세미나 복습 개념 가깝다 tsv 수직 연결하다 방식 용어 인터 포저 여러 사이 연결 돕다 개념 설명 다음 회의 공개 기술 자료 바탕 그림 추가 이해 쉽다 자료 자료 계산 방법 익히다 필요하다 범위 로만 구성 참가자 직접 바꾸다 결과 차이
edge_normal_hjw_018.txt,0,작업 순서 배치 시뮬레이션 생산 교육 생산 관리 교육 작업 순서 바꾸다 어떻다 달라지다 간단하다 시뮬레이션 진행 작업 a 작업 b 작업 c 설정 작업 여러 순서 배치 비교 실제 생산품 설비 정시 사용 순서 결정 원리 설명 구성 참가자 짧다 작업 먼저 배치 기다 작업 먼저 배치 평균 계산 차이 교육 계산 결과 아니다 작업 선후 관계 단순하다 보고 순서 없다 점도 설명 항목 이해 쉽다 예시 중심 설명 업무 형식 자료 핵심 정보 어디 빠르다 찾다 연습 활용
edge_normal_hjw_017.txt,0,가격 민감 그래프 해석 실습 영업 교육 영업 교육 가격 변화 수요 변화 간단하다 그래프 실습 진행 예제 가격 지수 수요 지수 가격 지수 수요 지수 가격 지수 수요 지수 임의 사용 실제 제품 가격 고객 나타내다 자료 아니다 가격 민감 도의 개념 설명 숫자 참가자 그래프 표시 가격 내려가다 수요 늘어나다 가정 항상 일정하다 비율 나타나다 아니다 마지막 예제 넣다 그래프 모양 변화 비교 자료 계산 방법 익히다 필요하다 범위 로만 구성 참가자 직접 바꾸다 결과 차이
edge_bhy_174.txt,0,특허 등록 특허 목록 안내 사내 참다 등록 특허 목록 공유 첨부 목록 회사 보유 등록 특허 번호 명칭 등록 일이 모든 항목 특허청 공보 통해 공개 외부 검색 서비스 동일하다 조회 기술 자료 대외 발표 자료 특허 인용 목록 등록 번호 그대로 사용 다만 출원 중이 공개 목록 포함 해당 대한 문의 개별 연락 시오 목록 분기 갱신
edge_bsr_160.txt,0,업무 메일 공정 데이터 분석 교육 수강 신청 요청 보내다 선임 공정 데이터 분석 교육 수강 별로 추천 시기 바라다 교육 내년 개선 목표 달성 사전 준비 성격 영진 제시 내년 목표 현재 대비 nn p 개선 이르다 공정 데이터 분석 인력 최소 확보 교육 기간 장소 청주 공장 교육 추천 명단 회신 시오 현재 라인 편차 자료 교육 당일 배포
edge_cmh_162.txt,0,업무 메일 만찬 장소 예약 요청 보내다 선임 만찬 장소 예약 요청 일시 인원 방문 요청 별도 주차 가능 j 구매 총괄 방문 맞추다 자리 당일 오후 본계약 체결 예정 체결 직후 이어지다 일정 계약 규모 이전 대비 n 수준 방문 채식 요청 메뉴 부탁드리다 예약 확정 회신 시오 감사하다
edge_gjr_165.txt,0,업무 메일 워크숍 사전 자료 안내 보내다 선임 워크숍 사전 자료 공유 워크숍 주요 안건 내년 제품 라인업 조정 첨부 자료 대로 hb dn 시리즈 hb mc 구형 모델 내년 단종 결정 해당 물량 후속 제품 전환 계획 고객 통보 내년 예정 단종 일정 사내 공유 시기 바라다 각자 담당 제품 전환 시나리오 검토 오시 워크숍 오후 진행
edge_hgb_169.txt,0,영진 보고 임원 참석 행사 진행 창립 기념 행사 진행 보고 일시 장소 본관 대강 진행 순서 개회 대표이사 기념 장기 근속 시상 사내 밴드 공연 부스 관람 임원진 시상 세션 배석 기념 원고 별도 검토 요청 행사 사내 포털 공지 사내 방송 중계 좌석 배치도 시상 명단 첨부 시오 진행 변경 회신 부탁드리다
edge_jsb_172.txt,0,대외 협의 사무 용품 공급 업체 입찰 공고 안내 사무 용품 공급 업체 선정 공개 입찰 공고 공고 기간 입찰 방식 공개 경쟁 입찰 품목 필기구 사무 용지 파일 토너 평가 항목 단가 납기 대응 사후 서비스 배점 고문 명시 참가 자격 제출 서류 고문 고문 회사 홈페이지 구매 조달 포털 게시 사내 협력 업체 공고 기간 안내 시기 바라다
edge_kjm_156.txt,0,사내 공지 둘째 방문객 주차 구획 운영 안내 둘째 외부 방문 일정 치다 방문객 주차 구획 확대 운영 k 구매 담당 임원 인수 방문 예정 상주 본관 회의실 전용 사용 해당 기간 본관 정문 직원 주차 구획 nn 방문객 전환 지동 지하 주차장 시기 바라다 방문객 동선 치다 통로 우회 시오 협조 부탁드리다
edge_ksn_166.txt,0,기밀 제품 사양 대응 자료 hb d 시리즈 취급 주의 인쇄물 배포 회수 요망 고객 문의 대응 hb d 시리즈 사양 자료 규격 ddr rdimm jedec 표준 준수 동작 전압 v 지원 용량 gb gb gb 인터페이스 지원 기능 on die ecc 모듈 pmic 탑재 동작 온도 상용 등급 항목 모두 홈페이지 제품 자료 게시 데이터시트 기재 고객 문의 그대로 안내 데이터시트 없다 항목 문의 답변 말다 관해 시오
edge_mju_168.txt,0,사내 교육 자료 관리 기본 개념 신입 교육 개념 자료 투입 대비 양품 산출 비율 의미 웨이퍼 단위 율과 단위 나누다 관리 결함 무작위 분포 가정 아래 결함 밀도 면적 추정 모형 널리 사용 저하 요인 크게 무작위 결함 계통 결함 구분 전자 이물 미세 입자 후자 설계 공정 조건 일치 주로 발생 자료 개념 이해 실제 사업 수치 라인 데이터 포함 교육 문의 시오
edge_ncj_175.txt,0,경영 자료 사업 현황 대외 설명 자료 투자자 기관 문의 대응 사업 현황 설명 자료 자료 포함 항목 사업 부문 구성 생산 사업 위치 주요 제품군 연구개발 조직 현황 모두 정기 공시 회사 홈페이지 게재 공시 실적 수치 진행 중인 계약 포함 질의 답변 말다 관해 시오 자료 분기 공시 이후 갱신 최신 사내 포털 자료
edge_ndr_170.txt,0,취급 주의 폐기물 처리 열람 파기 요망 문구 표기 처리 포함 무동 폐기물 처리 일반 층별 지정 파쇄 파기 요망 표기 파쇄 잠그다 투입 종이 스테이플러 비닐 코팅 제거 배출 플라스틱 내용물 비우다 헹군 라벨 제거 건전지 형광등 엘리베이터 전용 대량 폐기물 가구 개별 배출 말다 신청 시오 사내 포털 환경 안전 게시판 상시 게시
edge_ojn_163.txt,0,사내 공지 안전 보호 추가 신청 안내 안전 보호 추가 신청 청주 공장 nn 클린룸 증설 중순 준공 예정 신규 투입 인원 방진 보호 수요 발생 증설 규모 기존 대비 nn 확대 신규 장비 반입 부터 순차 진행 신청 기간 신청 방법 사내 포털 안전 보호 신청 장비 반입 기간 화물 동선 늘어나다 통행 주의 시기 바라다
edge_pdy_157.txt,0,동호회 모집 등산 동호회 산행 참가자 모집 등산 동호회 산행 참가자 모집 산행 신규 사업 부지 인근 회사 매입 진행 중인 xx xx 부지 코스 내년 착공 미리 의견 선정 버스 편도 거리 일시 출발 난이도 왕복 회비 별도 부지 경계 출입 제한 구간 인솔 안내 시오 신청 동호회 게시판
edge_pey_167.txt,0,내부 고객 클레 대응 지침 고객 클레 접수 대응 절차 접수 클레 접수 대장 기록 접수 번호 부여 초기 회신 접수 담당자 이내 회신 원인 조사 합동 조사 진행 상황 정기 공유 결과 통보 조사 결과 조치 계획 전달 재발 방지 시정 조치 결과 사내 이력 등록 조사 확정 원인 추정 고객 전달 말다 회신 원칙 지침 일반 절차 개별 사안 처리 사안 별로 관리
edge_wsn_173.txt,0,인사 자료 직무 교육 이수 미달 관리 인재 개발 직무 교육 이수 미달 처리 방식 연간 이수 사무직 기술 법정 의무교육 포함 사내 집합 교육 온라인 과정 위탁 교육 사내 강사 활동 인정 미달 보충 과정 배정 보충 과정 반복 부서장 협의 이수 계획 별도 수립 개인 이수 현황 본인 조회 가능하다 집계 공유 사내 포털 교육 게시판 공지 동일하다
edge_yjh_171.txt,0,보안 사고 처리 원증 분실 신고 조치 절차 원증 분실 처리 절차 분실 인지 즉시 사내 포털 분실 신고 시오 신고 즉시 해당 카드 출입 권한 정지 이후 습득 재사용 불가하다 임시 출입 안내 데스크 대여 재발 신청 영업일 소요 사업 외부 분실 동일하다 신고 주시 별도 경위서 제출 요구 분실 재발 사내 규정 실비 부과
edge_ynb_158.txt,0,사내 공지 통근 셔틀버스 노선 신설 사전 안내 내년 상반기 셔틀버스 노선 신설 앞두다 수요 사전 조사 신설 예정 노선 xx 신규 사업 기존 청주 사업 연결하다 구간 신규 사업 내년 부분 가동 목표 초기 배치 인원 nnn 규모 계획 조사 기간 조사 방법 사내 포털 설문 전환 배치 대상자 개별 안내 예정 조사 희망 여부 무관 직원 문의 시기 바라다
normal_bcm_139.docx,0,동호회 모집 낚시 동호회 조사 회원 모집 낚시 동호회 낚시 동호회 조사 회원 모집 활동 주말 추다 조이 계절 민물 바다 번갈아 회비 차량 공용 장비 관리 사용 장비 없다 동호회 보유 장비 대여 미끼 준비 채비 방법 현장 안전 구명조끼 착용 원칙 기상 악화 추다 조르다 취소 잡다 물고기 필요하다 가져가다 나머지 방류 신청 동호회 게시판
normal_bsw_119.txt,0,사내 공지 연차 사용 기한 안내 연차 사용 기한 다가오다 미사 연차 사용 시기 바라다 일수 사내 포털 연차 현황 업무 마감 치다 중순 사용 권장 사용 계획 부서장 사전 협의 시오 미사 연차 처리 취업규칙 문의 시기 바라다
normal_ysm_148.docx,0,업무 메일 사내 포털 소개 페이지 갱신 요청 보내다 유선 사원 사내 포털 소개 페이지 정보 갱신 시기 바라다 조직개편 이후 담당 업무 연락처 반영 담당자 직접 편집 권한 부여 갱신 항목 주요 업무 담당자 번호 자주 문의 처리 경로 문의 경로 정확하다 불필요하다 연락 줄다 완료 부탁드리다 편집 방법 첨부 안내서 시오 문의 헬프 데스크
normal_cye_043.txt,0,업무 메일 사내 업무 환경 만족도 조사 협조 요청 보내다 선임 직원 업무 환경 개선 정기 만족도 조사 실시 조사 기간 부터 끄다 사내 포털 배너 통해 참여 소요 조사 문항 업무 공간 협업 도구 교육 기회 복리 후생 구성 응답 익명 처리 단위 집계 결과 활용 집계 결과 개선 계획 사내 포털 공유 예정 참여 부탁드리다
normal_cnr_084.txt,0,동호회 모집 테니스 동호회 에이스 회원 모집 테니스 동호회 테니스 동호회 에이스 신규 회원 모집 정기 운동 토요일 사내 테니스장 회비 코트 관리 구입 라켓 미보 유자 대여 가능 회원 기초 레슨 매월 첫째 토요일 운영 이후 수준별 복식 경기 진행 동계 실내 코트 대관 활동 어가 가을 사내 친선 대회 개최 운동화 코트 손상 방지 테니스화 평평하다 밑창 신발 착용 시오 신청 동호회 게시판
normal_cjh_017.txt,0,보도자료 초안 국립대 학과 인재 양성 업무 협약 체결 배포 예정일 작성자 선임 판교 국내 국립대 학과 분야 인재 양성 업무 협약 체결 밝히다 협약 측은 계약 학과 형태 교육과정 공동 설계 현장 실습 인턴십 프로그램 운영 회사 현직 엔지니어 겸임 교원 파견 학부 실습 장비 교육 콘텐츠 지원 계획 또한 학생 실제 공정 데이터 다루다 교육 데이터 실습 환경 제공 방안 협의 중이 관계자 산업 현장 대학 교육 사이 간극 줄이다 목표 라며 협약 대학 단계 확대 교육과정 학년 학기 개설 목표 준비
normal_bcw_065.txt,0,사내 공지 본관 모델링 제한 안내 본관 모델링 공사 아래 기간 동안 제한 공사 기간 본관 인접 회의실 기간 대규모 회의 지동 목적 청주 공장 교육 강의실 시오 예약 기존 회의실 예약 시스템 동일하다 가능하다 등록 예약 대체 공간 일괄 변경 개별 모델링 화상회의 장비 무선 화면 공유 기능 추가 공사 소음 발생 양해 부탁드리다
normal_cse_004.txt,0,제품 소개 서버 ddr 모듈 hb d 시리즈 공개 자료 작성자 선임 문의 제품 문의 pr hb d 시리즈 엔터프라이즈 서버 환경 ddr 메모리 모듈 제품군 제품 개요 jedec ddr 표준 준수 rdimm 소형 폼팩터 규격 지원 ecc 모듈 단위 전력 관리 ic pmic 적용 밀도 구성 환경 안정 확보 공개 사양 규격 ddr rdimm 동작 전압 v 지원 용량 gb gb gb 인터페이스 지원 기능 on die ecc 모듈 pmic 탑재 동작 온도 범위 상용 등급 세부 속도 등급 타이밍 사양 제품 데이터시트 참조 바라다 적용 분야 가상화 서버 데이터베이스 서버 분석 크다 로드 용량 메모리 요구 환경 적합하다 자료 안내 데이터시트 호환성 목록 회사 홈페이지 제품 자료 샘플 요청 기술 지원 영업 담당 상단 의처 연락 시오 대외 공개 사양 포함 고객 요구 사양 공정 정보 포함
normal_gjh_055.txt,0,사내 자료 상반기 업무 환경 만족도 조사 결과 요약 작성자 책임 문의 상반기 실시 업무 환경 만족도 조사 결과 요약 공유 상세 자료 사내 포털 자료 게시 조사 개요 기간 방식 사내 포털 익명 응답 영역 업무 공간 협업 도구 교육 기회 복리 후생 소통 문화 주요 경향 협업 도구 교육 기회 영역 대비 개선 돼다 응답 반면 회의 문화 업무 공간 소음 대한 개선 요구 반복 제기 돼다 자유 응답 회의실 부족 집중 업무 공간 필요성 정보 공유 지연 자주 언급 돼다 후속 조치 회의실 증설 집중 업무 좌석 시범 운영 회의 운영 가이드 개정 배포 정보 공유 채널 정비 연내 조치 진행 상황 분기 별로 사내 포털 공유 의견 주신 직원 여러분 감사
normal_cyh_115.txt,0,보도자료 초안 직원 봉사 연간 활동 마무리 배포 예정일 작성자 사원 직원 봉사 올해 활동 마무리 밝히다 봉사 사업 인근 복지 시설 중심 활동 시설 환경 개선 학습 지원 계절 물품 전달 주요 활동 직원 가족 참여 프로그램 운영 돼다 올해 엔지니어 직접 진행 청소년 진로 멘토링 새롭다 추가 돼다 산업 이공 진로 소개 학생 질문 방식 진행 돼다 봉사 관계자 크다 도움 주기 꾸준하다 찾다 방식 유지 회사 내년 지역 시설 정기 활동 갈다 계획
normal_bjy_129.pdf,0,사내 공지 구내식당 만족도 조사 실시 구내식당 운영 개선 만족도 조사 실시 조사 기간 부터 끄다 사내 포털 배너 식당 입구 qr 코드 통해 참여 소요 문항 메뉴 구성 위생 상태 대기 운영 구성 자유 의견 구체 제안 남기다 주시 업체 협의 반영 응답 익명 처리 결과 개선 계획 공유
normal_yje_010.txt,0,사내 공지 사내 도서관 북스 안내 인재 개발 작성자 사원 문의 지동 사내 도서관 방법 운영 평일 점심시간 무인 운영 토요일 일요일 공휴일 대출 안내 대출 연장 가능 원증 태그 무인 대출 반납 연체 연체 일수 대출 정지 도서 신청 사내 포털 희망 도서 신청 신청 가능하다 직무 도서 우선 구매 신청 도서 입다 신청 우선 대출 공간 개인 열람 스터디 운영 스터디 회의실 예약 시스템 예약 시오 전자책 플랫폼 사내 계정 가능하다 바라다
normal_cby_149.docx,0,사내 공지 어학 시험 응시 지원 안내 인재 개발 직원 어학 역량 향상 어학 시험 응시 지원 지원 회사 인정 공인 어학 시험 연간 응시 전액 지원 시험 목록 사내 포털 교육 게시판 신청 응시 성적표 영수증 첨부 사내 포털 접수 응시 일로 이내 신청 시오 결시 거나 취소 지원 취득 성적 사내 인사 시스템 등록 두시 이후 교육 배정 직무 배치 자료 활용
normal_yjr_118.txt,0,사내 자료 사업 안전 점검 결과 요약 작성자 책임 문의 정기 안전 점검 결과 요약 공유 점검 개요 기간 범위 본관 지동 청주 공장 구역 방식 점검 자체 점검 병행 주요 지적 일부 구역 소화기 점검 표기 갱신 통로 재물 인하다 비상 동선 확보 보호 보관 상태 미흡 배선 불량 전기 안전 우려 조치 계획 지적 별로 통보 조치 결과 회신 시기 바라다 즉시 조치 어렵다 항목 계획 완료 예정일 재해 시오 당부 통로 적재 반복 지적 항목 임시 보관 지정 구역 시기 바라다 점검 상세 결과 사내 포털 안전 보건 게시판
normal_bsa_034.txt,0,사내 공지 사내 카페 라운지 리뉴얼 공사 안내 좌석 확충 설비 교체 부터 사내 카페 운영 중단 공사 기간 본관 자판기 코너 커피 머신 대다 임시 배치 지동 휴게실 임시 라운지 개방 리뉴얼 작업 좌석 미팅 테이블 구분 배치 콘센트 조명 보강 회용 반납 대가 신설 철거 작업 소음 발생 재개 일정 별도 공지
normal_ehr_038.txt,0,교육 안내 연구개발 인력 특허 기초 직무 발명 과정 개설 인재 개발 작성자 선임 문의 연구개발 설계 인력 특허 기초 교육 실시 일정 장소 판교 회의실 온라인 병행 연구개발 설계 공정 기술 희망 교육 특허 제도 개요 권리 범위 이해 선행 기술 조사 방법 검색 도구 활용 직무 발명 신고 절차 사내 보상 제도 발명 아이디어 명세서 방법 타다 특허 검토 유의 신청 사내 포털 신청 시오 실습 포함 노트북 지다 차다 권장 교육 개별 상담 희망 신청 담당자 연결하다
normal_cdr_130.pdf,0,교육 안내 실무 협상 스킬 과정 개설 인재 개발 협력 고객 업무 협의 담당 실무 협상 스킬 과정 개설 일정 장소 본관 강의실 교육 협상 준비 항목 상대 이해관계 파악 조건 제시 방식 교착 상황 대응 합의 사례 기반 역할 실습 절반 이상 차지 구매 영업 기술 협력 부문 실무 부서장 승인 신청 시오 정원 신청 마감
normal_yjs_019.txt,0,교육 안내 실무 데이터 분석 기초 과정 수강생 모집 인재 개발 작성자 선임 문의 업무 데이터 직접 다루다 실무 데이터 분석 기초 과정 개설 과정 개요 기간 야간 장소 본관 전산 실습 정원 선착순 마감 커리큘럼 주차 데이터 기초 엑셀 함수 피벗 활용 주차 파이썬 입문 pandas 데이터 불다 오기 가공 주차 기초 시각 업무 데이터 실습 결과 공유 수강 프로그래밍 경험 없다 수강 가능하다 노트북 실습 제공 신청 사내 포털 교육 과정 신청 신청 시오 수료 직무 교육 이수 인정
normal_amr_041.txt,0,동호회 모집 러닝 동호회 가을 시즌 회원 모집 러닝 동호회 작성자 운영 문의 가을 시즌 맞다 러닝 동호회 한빛런 달리다 회원 모집 정기 활동 사업 인근 하천 산책로 km 코스 토요일 장거리 연습 km 자유 참여 집결 장소 지동 정문 그룹 구성 페이스 그룹 나누다 달리다 걷기 달리기 섞다 입문 그룹 처음 시작 분도 부담 참여 회비 지원 분기 단체 티셔츠 대회 참가 일부 사용 하반기 계획 지역 마라톤 km 부문 단체 참가 준비 참가 희망 신청 시오 신청 동호회 게시판
normal_bhw_013.txt,0,제품 소개 모바일 이미지 센서 hb is 시리즈 공개 자료 작성자 선임 문의 hb is 시리즈 모바일 소형 기용 개발 cmos 이미지 센서 제품군 제품 특징 조사 bsi 구조 적용 저조 환경 감다 개선 인접 화소 묶다 처리 비닝 모드 지원 위상 추다 기반 자동초점 기능 내장 공개 사양 구조 bsi cmos 인터페이스 mipi csi 지원 기능 위상 af hdr 비닝 모드 패키지 csp 화소 화소 크기 프레임레이트 세부 사양 모델 데이터시트 참조 적용 분야 스마트폰 보조 카메라 웨어 러블 기기 소형 iot 카메라 모듈 적용 가능하다 평가 보드 샘플 요청 영업 담당자 문의 시오 자료 대외 공개 사양 포함
normal_ysj_094.txt,0,보도자료 초안 대학생 인턴십 프로그램 참가자 모집 배포 예정일 작성자 선임 동계 대학생 인턴십 프로그램 참가자 모집 밝히다 프로그램 주간 진행 참가자 공정 기술 회로 설계 품질 보증 소프트웨어 실제 배치 돼다 현직 과제 수행 단순 참관 아니다 과제 중심 운영 특징 회사 설명 프로그램 종료 과제 결과 발표회 열리다 우수 참가자 이후 신입 채용 지원 서류 전형 면제 혜택 부여 회사 관계자 학생 산업 현장 실제 업무 흐름 경험 진로 구체화 계기 바라다 지원 자격 접수 일정 회사 채용 홈페이지
normal_yjb_077.txt,0,동호회 모집 사내 밴드 사운드 단원 모집 밴드 동호회 사내 밴드 사운드 연주 단원 모집 모집 파트 베이스 보드 보컬 기타 드럼 대기 연습 목요일 지동 지하 연습실 회비 장비 유지비 소모품 앰프 드럼 키보 연습실 비치 개인 악기 준비 합주 경험 없다 파트 선배 단원 사내 공연 창립 기념일 송년회 목표 연습 선정 단원 투표 정합 오디션 없다 목요일 연습 방문 편하다 둘러보다
normal_bjh_046.txt,0,사내 공지 무동 폐기물 분리 배출 변경 부터 무동 분리 배출 일부 변경 종이 스테이플러 비닐 코팅 제거 배출 플라스틱 내용물 비우다 헹군 라벨 제거 일회용 층별 비실 전용 수거 일반 쓰레기 배출 금지 건전지 형광등 엘리베이터 전용 발생 대량 폐기물 가구 사무기기 개별 배출 말다 신청 시오 폐기 지정 파쇄 시기 바라다
normal_bgh_095.txt,0,제품 소개 웨이퍼 테스트 프로 인터페이스 hb pi 시리즈 공개 자료 작성자 희다 선임 문의 hb pi 시리즈 웨이퍼 테스트 공정 사용 프로 인터페이스 보드 제품군 제품 개요 테스 프로 카드 사이 신호 연결하다 보드 주파 신호 손실 줄이다 임피던스 설계 전원 안정화 커플링 구조 온도 모니터링 회로 포함 공개 사양 구성 인쇄회로기판 기반 인터페이스 보드 지원 방식 병렬 측정 구성 대응 내장 기능 전원 안정화 회로 온도 모니터링 커넥터 표준 규격 커넥터 적용 채널 대응 테스 기종은 고객 장비 사양 맞추다 협의 적용 분야 메모리 시스템 웨이퍼 테스트 공정 사용 문의 설계 협의 납기 영업 담당자 통해 진행 시오 자료 공개 가능하다 항목 포함 고객 사별 설계 조건 측정 조건 포함
normal_cjs_096.txt,0,사내 공지 하반기 사내 봉사활동 참가자 모집 지역 하반기 봉사활동 참가자 모집 일시 장소 인근 지역 활동 시설 학습 공간 도색 도서 모집 인원 가족 동반 참여 가능하다 활동 사내 봉사 인정 중식 활동 제공 신청 사내 포털
normal_ghj_079.txt,0,사내 공지 정수기 빙기 위생 점검 실시 무동 산동 설치 정수기 빙기 정기 위생 점검 실시 점검 기간 점검 필터 교체 내부 세척 수질 검사 점검 중인 기기 일시 사용 제한 물다 부착 층별 점검 순서 사내 포털 게시 점검 초기 배출 흘리다 보내다 사용 시기 바라다 이상 소음 누수 물맛 변화 시오 비실 공용 정수기 주변 신경 써다 주시 감사하다
normal_bhs_081.txt,0,교육 안내 품질 데이터 분석 통계 기초 spc 과정 인재 개발 작성자 선임 문의 품질 데이터 다루다 실무 통계 공정 관리 spc 기초 과정 개설 일정 장소 청주 공장 교육 강의실 품질 생산 기술 설비 부문 실무 교육 산포 분포 개념 데이터 수집 유의 관리 도의 종류 방법 관리 이탈 신호 해석 대응 절차 공정 능력 지수 의미 한계 사내 품질 데이터 활용 실습 수식 유도 현장 해석 중점 두다 실습 엑셀 진행 별도 프로그램 필요하다 신청 사내 포털
normal_bsj_074.txt,0,교육 안내 ojt 멘토 양성 과정 참가자 모집 인재 개발 작성자 선임 문의 신규 입사 ojt 담당 멘토 지도 역량 향상 과정 운영 일정 장소 본관 ojt 담당자 지정 인원 지정 예정자 교육 ojt 계획 단계 목표 설정 업무 설명 효과 시연 피드백 방법 신입사원 이해도 방법 멘토 겪다 어려움 사례 공유 대응 지원 체계 활용 방법 멘토 활동 인사 평가 육성 항목 반영 ojt 운영 가이드북 교육 당일 배포 사내 포털 자료 신청
normal_ysa_054.txt,0,동호회 모집 쿠킹 동호회 키친 회원 모집 쿠킹 동호회 퇴근 요리 쿠킹 동호회 키친 신규 회원 모집 모임 격주 금요일 지동 조리 회비 재료 정원 차다 선착순 신청 회차 주제 정해 조로 조리 식사 하반기 주제 제철 밑반찬 간단하다 브런치 홈파티 요리 연말 베이 조리 도구 모두 준비 앞치마 챙기다 오시 신청 동호회 게시판
normal_ajw_083.txt,0,업무 메일 예산 집행 현황 요청 보내다 안지원 사원 예산 집행 현황 공유 첨부 파일 항목 시오 미집 항목 집행 예정 시기 금액 회신 주시 집행 계획 없다 항목 사유 재해 시기 바라다 회신 기한 항목 조정 필요하다 사전 협의 시오 승인 항목 집행 없다 회신 예산 운용 계획 반영 문의
normal_bhr_104.txt,0,업무 메일 내부감사 자료 제출 요청 보내다 선임 정기 내부감사 자료 제출 요청 제출 계약 관리 대장 예산 집행 자산 관리 대장 규정 준수 점검 기간 첨부 목록 해당 항목 표시 두다 제출 기한 사내 포털 감사 자료 제출 메뉴 업로드 시오 자료 과정 추가 질의 담당자 지정 회신 바라다 문의
normal_jgs_145.docx,0,동호회 모집 탁구 동호회 핑퐁 회원 모집 탁구 동호회 탁구 동호회 핑퐁 신규 회원 모집 활동 월요일 목요일 점심시간 지동 지하 탁구 진행 회비 공과 네트 교체 사용 라켓 동호회 비치 사용 개인 라켓 가져오다 실력 상대 정해 초보자 편하다 참여 분기 리그전 열다 참가 여부 자유 점심시간 가볍다 움직 싶다 권해 신청 동호회 게시판
normal_jhy_120.txt,0,업무 메일 연말 업무 마감 일정 안내 보내다 선임 연말 업무 마감 일정 일정 반영 시기 바라다 신규 구매 요청 접수 마감 경비 출장 정산 마감 자산 실사 자료 제출 마감 결재 상신 마감 마감 이후 접수 예산 처리 연내 집행 필요하다 기한 진행 부탁드리다 자산 실사 담당자 대장 대조 결과 회신 주시 문의
normal_gyj_135.pdf,0,보도자료 초안 지역 일자리 박람회 참가 배포 예정일 작성자 선임 사업 소재 지역 열리다 일자리 박람회 참가 밝히다 회사 박람회 채용 상담 부스 운영 생산 기술 설비 유지 보수 현장 직무 중심 안내 직무 필요 역량 입사 교육 과정 설명 상담 진행 관계자 지역 인재 산업 낯설다 느끼다 진입 경로 설명 중점 두다 박람회 일정 부스 위치 주최 기관 안내 통해
normal_jsu_042.txt,0,업무 메일 하반기 워크숍 장소 선호 조사 보내다 사원 하반기 워크숍 장소 선호 도르다 조사 후보 다음 근교 수원 회의실 완비 시내 세미나 저녁 식사 당일 지역 체험 프로그램 첨부 투표 링크 응답 시오 복수 선택 불가하다 기타 의견 자유 기재 남기다 주시 집계 결과 다음 회의 공유 최종 일정 확정
normal_jha_026.txt,0,사내 공지 직원 정기 건강검진 안내 작성자 책임 문의 정기 건강검진 일정 검진 기간 직원 사무직 주기 현장 근무 주기 검진 기관 회사 지정 검진 기관 개다 목록 사내 포털 게시 예약 방법 사내 포털 건강검진 메뉴 기관 일자 선택 예약 시오 배우자 검진 본인 검진 예약 별도 신청 가능하다 유의 검진 전날 이후 금식 필요하다 검진 당일 공가 처리 별도 연차 사용 필요하다 예약 몰리다 예약 권장 검진 결과 개인 직접 통보 회사 결과 열람 소견 상담 지원
normal_hgy_089.txt,0,사내 공지 연간 직무 교육 이수 안내 인재 개발 작성자 선임 문의 직무 교육 이수 현황 시기 바라다 방법 사내 포털 교육 학습 이력 연간 이수 조회 연간 사무직 이상 기술 이상 법정 의무교육 포함 인정 범위 사내 집합 교육 온라인 과정 위탁 교육 사내 강사 활동 인정 교육 수료증 등록 반영 미등록 시오 유의 미달 보충 과정 배정 하반기 인기 과정 신청 몰리다 미리 계획 세우다 권장 과정 목록 사내 포털 교육 캘린더
normal_jyb_132.docx,0,동호회 모집 캘리그라피 동호회 회원 모집 캘리그라피 동호회 손글씨 배우다 캘리그라피 동호회 회원 모집 모임 격주 화요일 지동 진행 회비 먹고다 종이 소모품 구입 사용 붓펜 기초 시작 하므다 경험 없다 괜찮다 필요하다 도구 참여 동호회 제공 이후 개인 취향 맞추다 구입 연말 직접 쓸다 엽서 만들다 나누다 활동 신청 동호회 게시판
normal_khr_140.docx,0,사내 공지 흡연 구역 조정 안내 사업 흡연 구역 아래 조정 변경 시행일 본관 후문 흡연 구역 보행 동선 치다 폐쇄하 주차장 흡연 구역 설치 지동 흡연 구역 그대로 유지 지정 구역 흡연 금지 자재 보관 구역 옥상 화재 위험 출입 자체 제한 흡연 구역 차양 재떨이 설치 담배 꽁초 반드시 재떨이 버리다 시기 바라다 금연 희망 직원 금연 지원 프로그램 운영
normal_jsh_078.txt,0,업무 메일 사내 강사 모집 안내 보내다 인재 개발 선임 사내 교육과정 운영 사내 강사 모집 모집 분야 공정 기초 품질 관리 데이터 분석 협업 도구 활용 해당 분야 실무 경험 이상 이면 지원 가능하다 지원 첨부 양식 강의 주제 성안 회신 시오 선정 강사 강의 설계 워크숍 제공 강의 사내 규정 의하다 수당 지급 강의 근무 배정 부서장 협의 거치다 문의
normal_hsm_030.txt,0,사내 공지 하반기 정기 소방 훈련 실시 안내 작성자 대리 문의 사업 정기 소방 훈련 아래 실시 일시 본관 지동 근무 인원 전원 훈련 화재 경보 발령 상황 전파 층별 지정 피로 통한 옥외 대피 집결 인원 보고 소화기 사용 실습 희망 협조 경보 울리다 엘리베이터 말다 계단 피해 시오 층별 안전 담당자 안내 이동 집결 지다 별로 모이다 시오 대피 개인 소지품 회수 되돌아가다 말다 생산 라인 안전 규정 별도 일정 훈련 진행 실제 상황 대비 훈련 진지하다 참여 시기 바라다
normal_kdb_082.txt,0,사내 공지 사내 메신저 업데이트 기능 변경 사내 메신저 서버 업데이트 진행 작업 해당 접속 불가 적용 pc 모바일 클라이언트 전체 주요 변경 대화방 파일 보관 기간 확대 조직 검색 개선 알림 설정 세분 외부 링크 클릭 안내 화면 표시 기능 추가 업데이트 접속 클라이언트 자동 갱신 모바일 스토어 수동 업데이트 필요하다 기존 대화 파일 그대로 유지 이상 발생 헬프 데스크 접수 시오
normal_gnr_059.txt,0,제품 소개 모바일 lpddr 메모리 hb lp 시리즈 공개 자료 작성자 선임 문의 hb lp 시리즈 스마트폰 전력 기기 lpddr 메모리 제품군 제품 개요 jedec lpddr 표준 준수 부분 자기 갱신 전력 대기 모드 지원 배터리 기반 기기 소비 전력 낮추다 시스템 적층 패키지 형태 공급 공개 사양 규격 lpddr jedec 표준 준수 지원 기능 부분 자기 갱신 전력 모드 온도 보상 리프 레시 패키지 fbga pop 대응 동작 온도 용량 데이터 전송 속도 구성은 모델 데이터시트 참조 적용 분야 스마트폰 태블릿 웨어 러블 기기 차량 인포테인먼트 적용 샘플 요청 설계 검토 영업 담당자 통해 진행 시오
normal_hdk_051.txt,0,제품 소개 ssd 컨트롤러 hb sc 시리즈 공개 자료 작성자 허다 선임 문의 hb sc 시리즈 소비자 산업 ssd 컨트롤러 제품군 제품 개요 nvme 규격 지원 낸드 플래시 관리 오류 정정 웨어 레벨 가비지 컬렉션 기능 내장 전력 상태 전환 세분 화해 구간 소비 전력 낮추다 공개 사양 호스트 인터페이스 pcie nvme 규격 지원 낸드 인터페이스 채널 구성 모델 상이 지원 기능 ldpc 기반 오류 정정 웨어 레벨 전력 손실 보호 보안 aes 기반 저장 데이터 암호 지원 패키지 bga 채널 지원 용량 범위 성능 수치 모델 데이터시트 참조 적용 분야 노트북 데스크톱 ssd 산업 임베디드 스토리 엣지 서버 저장장치 적용 지원 평가 보드 펌웨어 개발 가이드 제공 상세 문의 영업 담당자 연락 시오
normal_kdw_147.docx,0,사내 공지 회용 사용 캠페인 시행 일회용품 사용 줄이다 회용 캠페인 시행 시행일 사내 카페 비실이 개인 지다 차다 사내 카페 음료 할인 가격 카페 회용 설치 사용 반납 반납 시오 비실 일회용 점진 축소 외부 방문객 비치 예정 세척 공간 부족하다 의견 비실 세척 추가 설치 협조 부탁드리다
normal_hkm_128.docx,0,업무 메일 미사 계정 활성화 예정 안내 보내다 대리 장기간 사용 사내 시스템 계정 예정 이상 접속 기록 없다 계정 일괄 활성화 계정 목록 첨부 파일 시오 계속 사용 필요하다 계정은 회신 주시 제외 처리 퇴사 이동 자의 계정은 회신 그대로 두시 활성화 계정은 보관 삭제 요청 복구 가능하다 문의 헬프 데스크
normal_hjs_009.txt,0,보도자료 초안 이공 대학생 채용 설명 개최 배포 예정일 작성자 책임 둘째 주간 전국 주요 대학 순회 이공 학생 채용 설명 진행 밝히다 설명 회사 소개 직무 안내 현직 질의 응답 구성 공정 기술 회로 설계 품질 보증 소프트웨어 주요 직무 실제 업무 사례 현직 엔지니어 직접 설명 세션 마련 전공자 저학년 학생 산업 입문 트랙 별도 운영 진로 탐색 단계 학생 참여 온라인 생중계 진행 관계자 채용 여부 무관 산업 이해 기회 넓히다 초점 맞추다 일정 신청 방법 회사 채용 홈페이지
normal_hjm_099.txt,0,업무 메일 조직개편 좌석 이동 안내 보내다 한지민 사원 조직개편 일부 좌석 이동 이동 배치도 첨부 파일 시오 이동 일괄 진행 대상자 퇴근 개인 물품 시기 바라다 pc 전화기 이설 번호 그대로 유지 캐비닛 열쇠 이동 담당자 반납 좌석 재수 령해 시오 문의
normal_kdr_093.txt,0,사내 공지 연구 지원동 이전 안내 구지원 이전 아래 진행 이전 일정 이전 이전 위치 판교 해당 개인 물품 지급 이사 박스 라벨 부착 시오 pc 모니터 이사 업체 일괄 이송 이전 기간 해당 유선 전화 사용 제한 사내 메신저 연락 시기 바라다 변경 번호 이전 완료 사내 포털 게시
normal_jmk_011.txt,0,사내 공지 하반기 연차 사용 촉진 장기 휴가 신청 안내 작성자 책임 문의 직원 균형 휴식 하반기 연차 사용 계획 등록 연차 사용 계획 등록 등록 기간 등록 방법 사내 포털 연차 계획 등록 연차 이상인 직원 필수 등록 장기 휴가 리프 레시 제도 근속 단위 도래 연차 별도 리프 레시 휴가 사용 대상자 개별 부서장 협의 연내 사용 권장 유의 연말 집중 사용 업무 공백 발생 별로 사전 조율 시기 바라다 사용 연차 처리 취업규칙 문의 연락 시오
normal_gsh_020.txt,0,제품 소개 전력 관리 ic hb pm 시리즈 공개 자료 작성자 책임 문의 hb pm 시리즈 모바일 기기 산업 보드 전력 관리 ic pmic 제품군 제품 개요 다중 출력 레귤레이터 단일 패키지 적다 보드 면적 부하 상황 동작 모드 전환 대기 소비 전력 낮추다 과전압 전류 과열 보호 기능 내장 공개 사양 입력 전압 범위 v v 출력 채널 컨버터 ldo 채널 구성 모델 상이 제어 인터페이스 i c 보호 기능 ovp ocp otp 패키지 wlcsp qfn 적용 분야 스마트폰 주변 회로 웨어 러블 산업 제어 보드 iot 모듈 적용 모델 채널 구성 출력 전류 데이터시트 참조 주시 레퍼런스 회로도 자료 제공
normal_gse_123.pdf,0,교육 안내 비즈니스 과정 개설 인재 개발 업무 명확 높이다 과정 개설 일정 이틀 진행 장소 본관 강의실 교육 보고서 구조 설계 핵심 앞세우다 요약 회의 업무 메일 형식 데이터 그림 방법 다루다 참가자 직접 가져오다 다듬다 실습 포함 실습 자료 본인 업무 지다 차다 시오 사내 공개 어렵다 가리다 형태 준비 신청 사내 포털
normal_kbn_121.docx,0,사내 공지 사내 자전거 보관 운영 안내 자전거 통근 보관 운영 방식 보관 본관 지동 후문 원증 태그 출입 등록 사내 포털 총무 자전거 보관 신청 등록 거치 번호 배정 장기 방치 자전거 인하다 자리 부족하다 의견 이상 이동 없다 자전거 물다 부착 별도 보관 보관 개인 잠금장치 사용 권장 분실 대해 회사 책임지다 양해 바라다
normal_jhw_033.txt,0,교육 안내 사내 영어 회화 과정 하반기 수강생 모집 인재 개발 작성자 선임 문의 해외 고객 협력 업무 소통 지원 영어 회화 과정 개설 과정 구성 비즈니스 초반 이메일 표현 전화 응대 자기 소개 회의 실무 회의 진행 발표 질의 응답 대응 기술 커뮤니케이션 기술 설명 사양 논의 표현 운영 방식 기간 출근 퇴근 선택 인원 내외 소규모 진행 수강 지원 출석 이상 수료 수강 지원 중도 포기 지원 신청 사내 포털 신청 배정 온라인 레벨 테스트 응시 시오
normal_jsg_050.txt,0,보도자료 초안 판교 개다 배포 예정일 작성자 책임 판교 열다 본격 운영 들어가다 밝히다 센터 시스템 설계 소프트웨어 개발 인력 수용 기존 센터 인접 연구 조직 협업 용이하다 배치 돼다 건물 설계 검증 제품 평가 공간 마련 돼다 회사 센터 개소 연구자 공동 연구 개방 협력 공간 운영 대학 스타트업 진행 과제 협의 제품 평가 공간 수행 예정 관계자 설계 소프트웨어 인력 모이다 개발 주기 단축 회사 향후 연구 인력 단계 확충 계획 채용 정보 회사 채용 홈페이지
normal_hsw_070.txt,0,동호회 모집 볼링 동호회 스트라이크 회원 모집 볼링 동호회 볼링 동호회 스트라이크 신규 회원 모집 정기 모임 매월 첫째 금요일 인근 볼링장 회비 게임 일부 지원 경력 무관 초보자 환영 에버 리지 조르다 나누다 진행 초보 회원 기초 자세 지도 제공 개인 장비 대여 장비 참여 가능하다 분기 사내 리그전 운영 연말 시상식 송년 모임 갖다 볼링 간단하다 저녁 식사 자리 이어지다 자유 참석 신청 동호회 게시판 사내 메신저
normal_jew_071.txt,0,사내 공지 사내 방송 비상 경보 시스템 점검 사내 방송 비상 경보 시스템 정기 점검 실시 일시 본관 지동 산동 구역 점검 시험 방송 경보 헐다 송출됩니 실제 상황 아니다 대피 필요 없다 다만 점검 이후 경보 울리다 실제 상황 층별 안내 시기 바라다 방송 음량 스피커 작동 이상 시오 점검 결과 반영 노후 스피커 교체 예정
normal_hjy_062.txt,0,보도자료 초안 협력 상생 지원 프로그램 확대 배포 예정일 작성자 선임 협력 경쟁력 강화 상생 지원 프로그램 확대 운영 밝히다 확대 교육 지원 기술 자문 안전 보건 컨설팅 회사 사내 교육 과정 일부 협력 직원 개방 품질 공정 분야 사내 전문가 협력 현장 방문 자문 프로그램 늘리다 계획 안전 보건 분야 협력 사가 자체 위험성 평가 수행 절차 수립 담당자 교육 지원 회사 관계자 협력 사의 역량 공급망 전체 안정 라며 지원 스스로 관리 체계 갖추다 돕다 중점 두다 프로그램 참여 신청 협력 포털 통해
normal_jyk_005.txt,0,동호회 모집 사내 배드민턴 동호회 셔틀 하반기 신규 회원 모집 배드민턴 동호회 작성자 동호회 총무 문의 안녕하다 사내 배드민턴 동호회 셔틀 하반기 신규 회원 모집 활동 안내 정기 활동 장소 지동 지하 체육관 코트 회비 셔틀콕 코트 정비 비용 사내 동호회 원금 별도 모집 경력 무관 초보자 환영 라켓 없다 동호회 보유 라켓 대여 체험 회원 회비 참여 화요일 초보자 초반 운영 하반기 일정 신규 회원 오리엔테이션 실력 편성 사내 체육대회 배드민턴 부문 참가 송년 친선 경기 정기 총회 신청 방법 사내 포털 동호회 셔틀 게시판 신청 남다 사내 메신저 총무 연락 시오 모집 기간 끄다 운동화 편하다 복장 준비 부담 문의 줄다 감사하다
normal_kdy_068.txt,0,업무 메일 전시회 부스 운영 인력 모집 보내다 사원 국제 전시회 부스 운영 인력 모집 기간 단위 참여 가능 역할 방문객 응대 제품 안내 상담 접수 지원 지원 출장 지급 단체 유니폼 제공 제품 대한 기본 설명 가능하다 우선하다 사전 교육 진행 외국어 응대 가능하다 신청 재해 시오 부서장 협의 회신 부탁드리다 문의
normal_jsl_102.txt,0,제품 소개 디지털 온도 센서 ic hb ts 시리즈 공개 자료 작성자 선임 문의 hb ts 시리즈 시스템 온도 모니터링 디지털 온도 센서 ic 제품군 제품 개요 센서 소자 변환 회로 디지털 인터페이스 단일 적다 외부 보정 사용 설정 온도 초과 경보 신호 출력 기능 내장 공개 사양 출력 방식 디지털 i c spi 내장 기능 과열 경보 출력 프로그래머 임계 설정 동작 전압 v v 동작 온도 패키지 sot dfn 측정 정확도 분해능 모델 데이터시트 참조 적용 분야 서버 통신 장비 온도 감시 배터리 관리 회로 가전 제어 보드 적용
normal_gjy_103.txt,0,동호회 모집 배구 동호회 스파이크 회원 모집 배구 동호회 배구 동호회 스파이크 회원 모집 정기 운동 월요일 지동 체육관 회비 남녀 무관 초보자 환영 본기 연습 나누다 경기 진행 규칙 모르다 운영 부담 편하다 복장 운동화 준비 시오 신청 동호회 게시판
normal_jsy_091.txt,0,사내 공지 사내 기숙사 상반기 신청 작성자 대리 문의 사내 기숙사 상반기 신청 신청 기간 시기 호실 배정 개별 안내 사업 소재지 거주 직원 신청 방법 사내 포털 복지 기숙사 신청 접수 시오 현재 주자 계속 거주 원하다 신청 필요하다 선정 통근 거리 입사 이전 이력 반영 사내 선정 결과 실과 운영 실별 관리 비다 사내 규정 급여 공제 시설 안내 사내 포털 자료 시오
normal_gmh_037.txt,0,사내 공지 추석 명절 선물 배부 안내 추석 맞다 직원 명절 선물 배부 배부 기간 수령 장소 지동 목적 수령 방법 원증 수령 교대 근무 출장 총무 담당자 대리 수령 기간 수령 보관 처리 수량 현장 이동 어렵다 대형 상품 택배 배송 선택 배송 신청 사내 포털
normal_hsb_117.txt,0,제품 소개 이더넷 물리 계층 hb ep 시리즈 공개 자료 작성자 허다 선임 문의 hb ep 시리즈 유선 네트워크 장비 이더넷 물리 계층 phy 제품군 제품 개요 표준 이더넷 규격 지원 케이블 진단 기능 자동 속도 협상 기능 내장 전력 모드 전환 통해 트래픽 없다 구간 소비 전력 줄이다 공개 사양 지원 규격 base t 호스트 인터페이스 rgmii sgmii 내장 기능 자동 협상 케이블 진단 전력 모드 동작 온도 산업 등급 모델 패키지 qfn 소비 전력 지연 특성 모델 데이터시트 참조 적용 분야 산업 스위치 공장 자동화 네트워크 장비 ip 카메라 셋톱박스 적용 레퍼런스 설계 드라이버 예제 제공
normal_hjk_106.txt,0,보도자료 초안 품질 경영 시스템 인증 갱신 심사 통과 배포 예정일 작성자 선임 사업 실시 품질 경영 시스템 인증 갱신 심사 통과 밝히다 심사 설계 단계 품질 검토 절차 공정 변경 관리 고객 불만 처리 체계 점검 돼다 회사 최근 도입 변경 관리 전산 부적합 이력 추적 체계 긍정 평가 돼다 설명 회사 부심 사원 지속 양성 자체 점검 역량 강화하다 협력 품질 관리 절차 수립 지원 관계자 인증 결과 아니다 관리 체계 작동 과정 인증 유효 기간 매년 사후 심사 진행
normal_hsr_146.pdf,0,보도자료 초안 여성 엔지니어 성장 지원 프로그램 운영 배포 예정일 여성 엔지니어 경력 성장 지원 프로그램 운영 밝히다 프로그램 선배 엔지니어 멘토링 직무 전문성 강화 교육 내외 네트워크 모임 구성 회사 참여자 원하다 경력 방향 멘토 연결하다 방식 운영 계획 또한 육아휴직 복귀 인력 직무 적응 과정 마련 관계자 채용 단계 아니다 이후 성장 경로 지원이 필요하다 의견 반영 회사 운영 결과 바탕 범위 조정 예정
normal_kdh_006.txt,0,사내 공지 직원 주차장 a 구역 임시 폐쇄 안내 설비 반입 차량 진입 확보 본관 지상 주차장 a 구역 임시 폐쇄합니 폐쇄 기간 대체 주차 지동 지하 b 정문 임시 주차 구획 기간 a 구역 주차 차량 이동 조치 사전 옮기다 시기 바라다 대형 차량 진입 잦다 보행 안전 유의 유도원 안내 시오 출퇴근 혼잡 예상 셔틀버스 대중교통 권장
normal_hje_022.txt,0,업무 메일 품질 개선 정례 회의 회의 공유 보내다 사원 진행 품질 개선 정례 회의 회의 공유 주요 결정 다음 고객 문의 유형 분류 초안 검사 체크 리스트 개정안 검토 정례 회의 상정 입다 검사 절차 개선 의견 수렴 논의 다음 회의 본관 회의실 첨부 회의 수정 의견 회신 부탁드리다
normal_jhs_067.txt,0,제품 소개 정밀 아날로그 디지털 컨버터 hb ad 시리즈 공개 자료 작성자 지다 선임 문의 hb ad 시리즈 장비 산업 제어 시스템 아날로그 디지털 컨버터 제품군 제품 개요 축차 비교 sar 구조 기반 내부 전압 온도 보상 회로 장해 외부 부품 줄이다 채널 입력 모델 내장 멀티 통해 채널 전환 지원 공개 사양 구조 sar 방식 인터페이스 spi i c 입력 구성 단일 종단 입력 지원 내장 기능 전압 온도 센서 입력 멀티 동작 온도 분해능 샘플링 속도 채널 모델 데이터시트 참조 적용 분야 산업 계측기 모터 제어 보드 센서 인터페이스 회로 전력 모니터링 장비 사용 평가 보드 레퍼런스 회로도 홈페이지 자료 제공
normal_lmh_003.txt,0,보도자료 초안 청주 공장 녹색 사업 인증 획득 배포 예정일 작성자 책임 문의 대표이사 청주 공장 국내 환경 인증 기관 녹색 사업 인증 획득 밝히다 인증 사업 에너지 관리 체계 폐수 폐기물 처리 절차 환경 사고 대응 훈련 전반 심사 부여 청주 공장 폐수 설비 단계 도입 공정 가스 처리 장치 효율 모델 교체 개선 작업 진행 회사 인증 계기 국내 사업 동일하다 환경 관리 적용 계획 또한 협력 사르다 환경 관리 컨설팅 프로그램 운영 공급망 전반 관리 수준 높이다 방침 대표이사 환경 관리 규제 대응 넘다 제조 경쟁력 기본 요건 라며 지역 협력 사가 개선 성과 나누다 프로그램 확대 메모리 시스템 개발 생산 기업 청주 평택 생산 사업 판교 연구개발 센터 운영 초안 대외 배포 검토 필요하다
normal_ndj_144.pdf,0,제품 소개 led 드라이버 ic hb ld 시리즈 공개 자료 hb ld 시리즈 조명 디스플레이 백라이트 led 드라이버 ic 제품군 정전 구동 방식 사용 채널 밝기 편차 줄이다 디밍 제어 통해 밝기 세밀 조정 개방 단락 추다 과열 보호 기능 내장 공개 사양 다음 구동 방식 정전 구동 디밍 제어 pwm 아날로그 디밍 지원 제어 인터페이스 i c 보호 기능 개방 단락 추다 과열 보호 패키지 qfn sop 채널 채널 출력 전류 모델 데이터시트 참조 실내 조명 디스플레이 백라이트 차량 램프 제어 적용
normal_lmj_052.txt,0,업무 메일 명함 정기 신청 안내 보내다 이민주 사원 명함 정기 신청 사내 포털 총무 명함 신청 메뉴 등록 시오 직책 변경 이동 수량 부족 재발 필요하다 모두 해당 기본 수량 대외 활동 추가 필요하다 부서장 승인 신청 시기 바라다 표기 정보 영문 이름 직책 연락처 신청 화면 직접 시오 인하다 제작 다음 차수 이월 제작 완료 별로 배부
normal_lcy_080.txt,0,보도자료 초안 장애인 고용 우수 업주 선정 배포 예정일 작성자 선임 관계 기관 장애인 고용 우수 사업 주로 선정 돼다 밝히다 회사 직무 분석 통해 장애 유형 맞다 업무 발굴 작업 환경 보조 기기 조정 방식 채용 확대 관리 품질 검사 보조 사내 카페 운영 다양하다 직무 근무 이뤄지다 또한 입사 적응 돕기 직무 지도 담당자 배치 동료 인식 개선 교육 정기 실시 관계자 채용 인원 늘리다 환경 만들다 어렵다 중요하다 부분 회사 내년 직무 개발 범위 연구 지원 업무 확대 계획
normal_ksy_100.txt,0,사내 공지 원증 재발 절차 안내 원증 분실 훼손 재발 절차 분실 즉시 사내 포털 총무 원증 재발 분실 신고 시오 신고 즉시 기존 카드 출입 권한 정지 재발 신청 영업일 소요 그동안 안내 데스크 임시 출입 대여 분실 재발 사내 규정 실비 부과 훼손 인식 불량 무상 교체
normal_kjs_056.txt,0,사내 공지 사내 우편 택배 수령 방식 변경 부터 개인 택배 수령 방식 변경 기존 안내 데스크 직접 수령 본관 지하 무인 택배 시오 물품 도착 사내 메신저 보관 번호 인증 번호 발송 보관 기간 도착 일로 기간 경과 반송 처리 냉장 냉동 식품 대형 화물 무인 불가하다 개인 주소 배송 시기 바라다 업무 우편물 등기 기존 동일하다 우편함 배부
normal_myj_045.txt,0,사내 공지 재택근무 신청 운영 절차 안내 작성자 선임 문의 재택근무 제도 신청 절차 운영 신청 방법 사내 포털 재택근무 신청 희망 영업일 신청 부서장 승인 운영 최대 이내 상황 운영 근무 근무 동일하다 적용 사내 메신저 접속 유지 시오 회의 예정 참석 방식 원격 대면 사전 협의 시기 바라다 보안 준수 사내 시스템 접속 지정 vpn 가능하다 공용 네트워크 공용 pc 사용 금지 업무 화면 타인 노출 장소 근무 시오 라인 운영 설비 유지 보수 현장 상주 필요하다 직무 제도 적용 제외
normal_ksh_001.txt,0,사내 공지 구내식당 메뉴 운영 변경 안내 작성자 책임 문의 직원 여러분 안녕하십니까 총무 구내식당 운영 메뉴 아래 운영 조식 중식 교대 운영 석식 배관 정기 점검 석식 운영 주간 중식 메뉴 제육 볶음 콩나물국 계란찜 치킨 가라아게 우동 장국 단무지 무치다 부대찌개 감자 조림 도시락 고등어 조림 미역국 오이 무치다 비빔밥 유부 장국 튀김 만두 채식 코너 매일 별도 운영 알레르기 유발 재료 메뉴판 표기 협조 공장 신규 라인 가동 중식 인원 증가 지정 시간대 준수 시기 바라다 잔반 줄이다 캠페인 진행 배식 필요하다 요청 시오 식단 건의 사내 포털 식당 게시판 시기 바라다 감사하다
normal_ldw_097.txt,0,사내 공지 절기 결빙 대비 안전 안내 기온 낮아지다 사업 결빙 인하다 미끄럼 사고 발생 주차장 건물 출입구 계단 주의 시오 설제 미끄럼 방지 매트 주요 동선 비치 결빙 구역 발견 시기 바라다 차량 감속 운행 보행 주머니 넣다 마시기 바라다 폭설 예보 출근 조정 여부 사내 메신저
normal_kjh_108.txt,0,사내 공지 지동 안내 작성자 대리 문의 지동 지하 방법 운영 평일 토요일 일요일 공휴일 방법 원증 태그 입장 별도 등록 절차 없다 락커 당일 사용 비우다 프로그램 요가 클래스 사전 신청 차다 체성 측정 운동 상담 수칙 운동화 착용 주시 기구 사용 소독 티슈 닦다 시오 혼잡 시간대 산소 기구 이내 시기 바라다 기구 고장 현장 관리자 시오
normal_mjw_021.txt,0,사내 공지 에너지 절감 캠페인 오프 타임 시행 하절 전력 용량 관리 부터 무동 에너지 절감 캠페인 시행 실천 다음 점심시간 사무 공간 소등 냉방 설정 온도 유지 블라인드 활용 퇴근 모니터 개인 냉방 기기 전원 차단 미사 회의실 조명 프로젝터 소등 층별 담당자 점검 결과 개선 중심 공유 생산 라인 서버 설비 운영 우선하다 제외
normal_ldk_018.txt,0,동호회 모집 사내 등산 동호회 우회 회원 모집 등산 동호회 작성자 동호회 문의 가을 산행 시즌 맞다 우회 신규 회원 모집 활동 안내 정기 산행 매월 토요일 집결 본관 정문 전세버스 이동 회비 차량 간식 포함 하반기 산행 일정 근교 코스 초보자 환영 왕복 단풍 산행 왕복 종주 코스 경험 시산 송년 모임 참여 안내 초보자 완주 부담 없다 코스 회차 운영 등산 개인 준비 스틱 아이젠 동호회 대여 가족 동반 산행 진행 신청 동호회 게시판
normal_ndk_114.txt,0,사내 공지 절기 난방 운영 안내 작성자 대리 문의 절기 난방 운영 운영 기간 운영 평일 토요일 실내 온도 협조 개인 난방 기기 화재 위험 전력 부하 인하다 사용 제한 창가 자리다 블라인드 손실 줄이다 시오 출입문 비상구 반드시 닫다 시기 바라다 예외 운영 항습 필요하다 공간 야간 근무 구역 별도 운영 특정 구역 온도 편차 심하다 주시 개별 조정
normal_ndw_087.txt,0,사내 공지 사내 카풀 매칭 서비스 안내 출퇴근 편의 카풀 매칭 서비스 운영 사내 포털 카풀 매칭 출발 지역 시간대 등록 조건 맞다 직원 자동 연결 매칭 세부 당사자 협의 카풀 등록 차량 본관 지상 주차장 우선 구획 배정 불편 시오
normal_msj_110.txt,0,제품 소개 전력 mosfet hb ft 시리즈 공개 자료 작성자 선임 문의 hb ft 시리즈 전원 회로 모터 구동 회로 사용 전력 mosfet 제품군 제품 개요 저항 구조 적용 도통 손실 줄이다 스위칭 특성 개선 발열 낮추다 표면 실장 삽입 패키지 모두 제공 공개 사양 유형 n 채널 전력 mosfet 패키지 to to pqfn 지원 특성 온저항 설계 내장 바디 다이오드 동작 접합 온도 정격 전압 정격 전류 온저항 모델 데이터시트 참조 적용 분야 스위칭 전원 공급 장치 모터 드라이버 배터리 보호 회로 조명 제어 회로 사용 설계 가이드 애플리케이션 노트 홈페이지 자료 제공
normal_mth_076.txt,0,사내 공지 통합 출력 시스템 도입 안내 부터 무동 프린터 통합 출력 시스템 전환 전환 원증 복합기 태그 출력 물이 나오다 출력 요청 태그 자동 삭제 가깝다 복합기 수령 기존 설치 개별 프린터 드라이버 제거 전환 당일 통합 드라이버 자동 배포 배포 재부팅 필요하다 방치 출력 인하다 유출 막다 조치 협조 부탁드리다 대형 출력 제본 기존 총무 신청 시오
normal_ksd_116.txt,0,교육 안내 승진 직무 전환 교육 인재 개발 작성자 선임 문의 승진 예정자 직무 전환 교육 실시 일정 장소 본관 강의실 승진 전원 교육 직급 역할 책임 범위 변화 업무 위임 진행 상황 점검 방법 후배 지도 피드백 실습 사내 규정 결재 권한 이해 협업 조율 방법 진행 방식 사례 토의 중심 진행 마지막 세션 승진 월간 실행 계획 승진 발령 필수 이수 과정 지정 일정 조정 부탁드리다
normal_kmr_027.txt,0,교육 안내 신규 erp 전환 사용자 교육 실시 작성자 책임 문의 시행 예정 erp 시스템 전환 앞서 사용자 교육 실시 교육 일정 구매 자재 담당자 회계 경영 관리 담당자 일반 사용자 전표 입력 결재 조회 중심 장소 본관 전산 실습 온라인 동시 진행 교육 신규 화면 구성 메뉴 위치 변경 결재 흐름 데이터 조회 방법 자주 발생 오류 대응 다루다 전환 기간 기존 시스템 조회 전용 유지 전환 일정 데이터 마감 기한 별도 공지 참석자 지정 회신 부탁드리다
normal_lsu_088.txt,0,사내 공지 자기계발 도서 구입 지원 안내 인재 개발 직원 자기계발 도서 구입 지원 제도 연간 한도 직무 도서 구입 지원 구입 사내 포털 교육 도서 신청 영수증 첨부 신청 시오 수험 어학 교재 지원 포함 잡지 전자기기 제외 신청 구입 일로 이내 시기 바라다 당하다 연도 한도 이월
normal_myh_060.txt,0,동호회 모집 축구 동호회 fc 하반기 회원 모집 축구 동호회 축구 동호회 fc 뛰다 회원 모집 정기 운동 토요일 인근 인조잔디 구장 회비 구장 관료 물품 포지션 경력 무관 초보자 환영 인원 나누다 진행 실력 차이 고려 구성 유니폼 신규 회원 지급 사내 체육대회 축구 부문 인근 기업 선전 참가 준비 부상 예방 운동 스트레칭 진행 맞추다 시기 바라다 신청 동호회 게시판
normal_ksr_131.pdf,0,제품 소개 오디오 코덱 ic hb ac 시리즈 공개 자료 hb ac 시리즈 모바일 기기 음향 장비 오디오 코덱 ic 제품군 아날로그 디지털 변환 디지털 아날로그 변환 헤드폰 증폭기 단일 전력 상시 대기 모드 지원 음성 인식 대기 상태 소비 전력 낮추다 공개 사양 다음 구성 adc dac 헤드폰 앰프 디지털 인터페이스 i s tdm 제어 인터페이스 i c 지원 기능 전력 대기 모드 마이크 입력 채널 패키지 wlcsp qfn 샘플링 주파수 신호대잡음비 모델 데이터시트 참조 스마트 스피커 무선 이어폰 차량 음향 장치 적용
normal_ncr_136.pdf,0,사내 공지 직원 심리상담 지원 프로그램 안내 직원 심리 어려움 지원 상담 프로그램 운영 외부 전문 상담 기관 계해 진행 연간 무료 대면 상담 화상 상담 선택 가능하다 신청 상담 기관 전용 창구 직접 회사 여부 상담 신청 방법 연락처 사내 포털 복지 게시판 가족 업무 개인 어려움 대해 서도 상담 가능하다 필요하다 부담 시기 바라다
normal_lys_122.docx,0,업무 메일 사내 뉴스레터 기고 요청 보내다 사원 분기 사내 뉴스레터 제작 기고 요청 기고 주제 소식 업무 개선 사례 신규 도입 제도 소개 자유롭다 선택 분량 내외 사진 보내다 회신 기한 원고 편집 과정 문장 다듬어지다 정본 게재 요청 대외 공개 매체 아니다 사업 전체 배포 공개 가능하다 시기 바라다 문의
normal_ksb_031.txt,0,동호회 모집 보드게임 동호회 회원 모집 보드게임 동호회 작성자 운영 문의 점심시간 퇴근 가볍다 모이다 보드게임 즐기다 회원 모집 활동 안내 정기 모임 수요일 지동 동호회 번개 모임 점심시간 짧다 게임 사내 메신저 공지 회비 신규 게임 구입 간식 보유 게임 전략 협력 파티 게임 보유 규칙 설명 운영 처음 부담 없다 하반기 일정 사내 미니 토너먼트 송년 게임 나이트 게임 교환 신청 동호회 게시판 댓글 남다 수요일 모임 그냥 번은 회비 체험 가능하다
normal_mhg_150.pdf,0,사내 자료 교육 운영 결과 요약 인재 개발 사내 교육 운영 결과 요약 공유 올해 직무 교육 법정 의무교육 합치다 다수 과정 운영 온라인 과정 비중 이동 부담 줄다 참여 수월하다 의견 한편 실습 과정 정원 빠르다 마감 대기 발생 데이터 분석 엑셀 활용 과정 수요 높다 이르다 반영 내년 실습 과정 개설 횟수 늘리다 참여 가능하다 시간대 다양 화하다 계획 과정 상세 결과 사내 포털 교육 게시판 게시
normal_ksj_044.txt,0,보도자료 초안 상반기 우수 직원 포상 시상식 개최 배포 예정일 작성자 선임 본사 대강 상반기 우수 직원 포상 시상식 열다 밝히다 시상 기술 개선 품질 향상 안전 관리 협업 문화 부문 진행 돼다 회사 성과 규모 아니다 개선 과정 협업 방식 재현 가능성 평가 설명 현장 근무 제안 작업 절차 개선 사례 다수 수상하다 제안 제도 실제 현장 개선 이어지다 평가 나오다 수상 사례 사내 사례 돼다 사업 공유 관계자 자다 띄다 개선 쌓이다 제조 경쟁력 만들어지다 현장 제안 제도 활성화 회사 하반기 포상 내년 진행 예정
normal_kjw_086.txt,0,사내 공지 창립 기념 행사 개최 안내 창립 기념 행사 아래 개최 일시 장소 본관 대강 지동 목적 직원 전원 해당 업무 조정 행사 창립 기념 장기 근속 시상 사내 밴드 공연 부스 체험 구성 부스 지동 운영 자유롭다 교대 근무 기념 사내 방송 중계 보기 사내 포털 게시 부스 운영 희망 신청 시오
normal_ndh_063.txt,0,업무 메일 용역 계약서 검토 요청 보내다 선임 접수 용역 계약서 검토 결과 회신 수정 필요하다 조항 다음 납품 지연 지연 배상 산정 명확하다 문구 보완 필요 지식 재산권 산출 권리 귀속 주체 명시 요망 계약 해지 해지 사유 통지 기간 추가 필요 수정 제안 문구 첨부 파일 표시 두다 상대방 협의 조정 안이 검토 요청 시오 날인 최종 반드시 거치다 시기 바라다 문의
normal_ksm_072.txt,0,보도자료 초안 온실가스 감축 이행 계획 공개 배포 예정일 작성자 책임 사업 온실가스 감축 장기 이행 계획 공개 밝히다 계획 공정 가스 처리 효율 개선 재생에너지 사용 확대 에너지 효율 설비 전환 회사 사업 배출 특성 고려 청주 평택 사업 각각 우선 순위 적용 방침 또한 협력 사가 자체 배출량 산정 산정 도구 교육 제공 공급망 지원 방안 추진 회사 관계자 감축 목표 선언 그치다 연도 이행 상황 공개 검증 이행 실적 매년 발간 가능 보고서 통해 공개
normal_msh_133.docx,0,사내 공지 노후 무용 의자 교체 신청 사용 기간 오래되다 무용 의자 교체 신청 신청 기간 부터 끄다 사내 포털 총무 비품 교체 신청 접수 교체 도입 경과 파손 사용 어렵다 의자 신청 상태 간단하다 재해 주시 파손 사진 첨부 시오 예산 범위 상태 심하다 교체 반영 신청 다음 분기 이월 회수 의자 수리 공용 공간 재배 치다 폐기
normal_ljh_141.docx,0,업무 메일 성과 유회 발표 모집 보내다 임재현 선임 연말 성과 유회 발표 모집 올해 진행 업무 공유 좋다 자유롭다 선정 주시 성과 크다 시도 과정 배우다 발표 환영 발표 내외 자료 간단하다 슬라이드 충분하다 희망 발표 주제 회신 시오 지원 주제가 겹치 조정 행사 일정 중순 예정
normal_lje_029.txt,0,업무 메일 사업 안내 리플릿 작용 자료 요청 보내다 선임 방문객 리플릿 개정 자료 요청 요청 자료 소개 문구 내외 공개 가능하다 활동 사진 위치 안내 담당자 번호 회신 부탁드리다 대외 배포 물다 원증 모니터 화면 설비 명판 식별 주시 인물 사진 촬영 동의 보내다 취합 초안 회람 거치다 인쇄 예정
normal_lsy_007.txt,0,사내 공지 회의실 예약 시스템 개편 신규 운영 규정 안내 작성자 선임 문의 부터 회의실 예약 시스템 버전 전환 주요 변경 사내 포털 로그인 통합 예약 별도 접속 주소 폐지 모바일 예약 지원 예약 시작 알림 발송 회의실 태블릿 체크 필요 신규 운영 규정 시작 체크 예약 자동 취소 예약 최대 이내 일정 예약 가능 이하 회의 회의실 우선 데이터 기존 예약 이후 일정 자동 반복 예약 등록 필요하다 시스템 사용 안내서 사내 포털 자료 게시 오류 발견 헬프 데스크 접수 부탁드리다
normal_lhj_057.txt,0,업무 메일 신규 입사 온보딩 일정 공유 보내다 사원 신규 입사 온보딩 일정 공유 배치 예정 준비 시오 입사 오리엔테이션 원증 장비 지급 공통 교육 정보보호 안전 배치 부서장 면담 부터 ojt 시작 좌석 업무 계정 신청 완료 주시 ojt 담당자 지정 회신 부탁드리다 ojt 계획 양식 첨부 시오 문의 주시
normal_ncw_049.txt,0,교육 안내 관리 감독 정기 안전 보건 교육 실시 작성자 선임 문의 법령 관리 감독 정기 안전 보건 교육 실시 생산 설비 시설 부문 관리 감독 지정 인원 일정 택일 장소 청주 공장 교육 강의실 교육 사업 위험성 평가 절차 관리 감독 역할 화학물질 취급 안전 수칙 보호 착용 밀폐 공간 고소 작업 위험 작업 관리 방법 아차 사고 보고 체계 재발 방지 조치 최근 개정 안전 보건 법령 주요 유의 법정 의무교육 이수 관리 반드시 참석 시오 부득이 사유 차수 모두 참석 어렵다 사전 협의 부탁드리다
normal_kty_015.txt,0,업무 메일 사무 용품 구매 수요 취합 보내다 강태윤 사원 안녕하다 사무 용품 일괄 구매 소요 수량 취합합니 첨부 양식 품목 수량 기재 회신 시오 표준 목표 없다 품목 비고 사양 적다 시기 바라다 개별 구매 요청 일괄 구매 종료 처리 취합 반영 주시 좋다 발주 첫째 진행 입다 배부 일정 별도 문의
normal_ndy_032.txt,0,보도자료 초안 지역 청소년 이공 장학금 전달 배포 예정일 작성자 사원 청주 사업 지역 고등학생 이공 장학금 전달 열다 밝히다 장학 사업 지역 교육청 협력 대상자 선발 학업 성적 아니다 가정 형편 진로 계획 고려 선정 장학금 학기 단위 지급 희망 학생 현직 엔지니어 진로 상담 프로그램 제공 회사 장학 사업 지역 학교 진로 특강 사업 견학 프로그램 운영 관계자 지역 성장하다 학생 이공 진로 갈다 꾸준하다 지원 회사 내년 장학 대학 신입생 확대 방안 검토
normal_kyj_035.txt,0,업무 메일 출장 결과 보고서 제출 안내 보내다 권유진 사원 출장 결과 보고서 정산 서류 제출 제출 서류 출장 결과 보고서 교통비 숙박 영수증 접대 지출 유서 첨부 시오 사내 포털 경비 출장 정산 메뉴 등록 부탁드리다 영수증 스캔 업로드 갈다 원본 월간 보관 시오 기한 제출 다음 정산 이월 문의
normal_pjw_002.txt,0,교육 안내 하반기 신입사원 공정 기초 과정 개설 인재 개발 작성자 선임 문의 인재 개발 하반기 신입사원 공정 기초 과정 개설 교육 목적 전공 입사 포함 신입사원 제조 흐름 이해 협업 공통 용어 사용 목적 교육 개요 기간 평일 장소 본관 인재 개발 강의실 온라인 병행 하반기 입사 전원 희망 한정 신청 가능 주요 커리큘럼 주차 산업 개요 웨이퍼 제조 포토 식각 증착 공정 기초 주차 패키징 테스트 개요 율과 품질 관리 기본 개념 클린룸 안전 수칙 사례 발표 신청 방법 사내 포털 교육 과정 신청 신청 시오 부서장 승인 확정 결과 개별 수료 출석 이상 수료 사내 직무 교육 이수 인정 참여 바라다
normal_ohn_143.pdf,0,교육 안내 실무 엑셀 활용 과정 개설 인재 개발 반복 자료 업무 효율 높이다 엑셀 활용 과정 개설 일정 부터 회당 장소 본관 전산 실습 교육 자주 쓰다 함수 조건 서식 데이터 유효 피벗 테이블 집계 여러 파일 데이터 병합 반복 작업 자동화 기초 초반 나누다 운영 신청 자가 진단 문항 통해 배정 정원 신청
normal_pmj_008.txt,0,업무 메일 협력 정기 점검 방문 일정 조율 보내다 선임 안녕하다 정기 설비 점검 협력 방문 일정 조율 협력 제안 일정 라인 가동 일정 겹치 회신 부탁드리다 방문 인원 사전 출입 신청 안전교육 이수 필요하다 확정 영업일 명단 접수 점검 설비 목록 첨부 시오 감사하다
normal_smk_142.pdf,0,사내 공지 직원 휴양 시설 예약 안내 회사 제휴 휴양 시설 예약 방법 예약 사내 포털 복지 휴양 시설 예약 희망 개월 가능하다 수기 주말 신청 추첨 배정 결과 신청 마감 개별 제휴 시설 강원 남해안 콘도 목록 예약 페이지 일부 회사 지원 연간 횟수 회로 제한 배정 취소 반복 다음 신청 순위 조정
normal_shj_014.txt,0,사내 공지 사랑 나눔 헌혈 캠페인 참여 안내 혈액 수급 안정 동참 사내 헌혈 캠페인 진행 일시 장소 본관 로비 헌혈 버스 대다 운영 사내 포털 헌혈 캠페인 페이지 희망 시간대 신청 시오 현장 접수 가능하다 대기 발생 신분증 지다 차다 헌혈 충분하다 수분 섭취 식사 권장 참여자 기념품 헌혈 증서 제공 헌혈 회복 인정 모이다 헌혈증 서다 지역 의료 기관 기부
normal_pdh_090.txt,0,사내 공지 사내 나눔 벼룩시장 개최 가정 사용 물품 나누다 사내 벼룩시장 엽니 일시 장소 지동 로비 판매 신청 사내 포털 판매 수익금 전액 지역 아동 센터 기부 의류 도서 생활용품 가져오다 식품 제외 판매 물품 행사 종료 회수 시기 바라다
normal_ptk_112.txt,0,사내 공지 우수 협력 시상식 개최 안내 우수 협력 시상식 개최 일시 장소 본관 대강 연간 협력 평가 상위 업체 담당자 시상 부문 품질 납기 기술 협력 안전 관리 분야 시상 내년 협력 방향 공유 간담 이어지다 담당자 참석 시기 바라다 참석자 명단 회신 부탁드리다
normal_ojh_028.txt,0,제품 소개 산업 마이크로컨트롤러 hb mc 시리즈 공개 자료 작성자 선임 문의 hb mc 시리즈 산업 제어 소형 기기 제어 마이크로컨트롤러 제품군 제품 개요 arm cortex m 계열 코어 기반 전력 모드 다양하다 주변장치 인터페이스 제공 산업 환경 고려 확장 온도 등급 모델 제공 공개 사양 코어 arm cortex m 계열 모델 상이 동작 전압 v v 인터페이스 uart spi i c can usb 내장 주변장치 adc 타이머 dma 워치 동작 온도 산업 등급 모델 개발 환경 표준 개발 도구 체인 호환 평가 보드 예제 코드 hal 라이브러리 제공 적용 분야 공장 자동화 제어기 모터 드라이버 가전 제어 보드 센서 노드 적용
normal_ryh_073.txt,0,업무 메일 협력 정기 평가 자료 제출 요청 보내다 선임 하반기 협력 정기 평가 평가 자료 제출 요청 제출 항목 납기 준수 현황 품질 이슈 발생 조치 기술 지원 대응 수준 개선 요청 첨부 평가 목별 의견 재해 회신 시오 평가 의견 시스템 데이터 종합 산정 결과 차기 발주 자료 활용 특정 사안 대한 상세 설명 필요하다 별도 메모 첨부 시기 바라다 문의
normal_shu_047.txt,0,사내 공지 it 헬프 데스크 접수 방법 처리 안내 작성자 대리 문의 it 요청 처리 속도 높이다 접수 방법 접수 경로 온라인 사내 포털 it 서비스 요청 등록 권장 전화 장애 시스템 접속 불가하다 요청 기재 증상 발생 시각 사용 프로그램 오류 메시지 전문 자산 번호 적다 주시 문의 처리 가능하다 화면 캡처 첨부 주시 더욱 좋다 처리 긴급 업무 중단 접수 즉시 대응 일반 불편 업무 가능 영업일 요청 설치 권한 계정 영업일 유의 소프트웨어 설치다 사내 승인 목록 제품 지원 목록 제품 사유 별도 신청 시오
normal_nsj_098.txt,0,업무 메일 연말 회의실 예약 협조 요청 보내다 사원 연말 회의 집중 시기 앞두다 협조 요청 회의실 예약 크게 늘어나다 워크숍 결산 회의 예정 미리 예약 시기 바라다 취소 회의 예약 해제 사례 반복 일정 변경 즉시 해제 부탁드리다 이상 회의 지동 목적 권장 문의
normal_sjy_113.txt,0,업무 메일 연말 캠페인 협조 요청 보내다 신지유 사원 연말 맞다 캠페인 진행 부터 보존 기간 지난 시기 바라다 파쇄 필요하다 층별 지정 파쇄 대량 신청 수거 보존 연한 남다 문서고 목록 갱신 시오 캐비닛 발생 폐기 가구 개별 배출 말다 신청 부탁드리다 문의
normal_ssb_036.txt,0,업무 메일 노후 업무 pc 교체 신청 안내 보내다 신상 사원 사용 연한 도래 업무 pc 교체 신청 교체 도입 경과 장비 자산 번호 첨부 목록 신청 사내 포털 it 서비스 자산 교체 메뉴 접수 시오 교체 기존 pc 데이터 자동 개인 업무 파일 공유 폴더 사전 백업 시기 바라다 회수 장비 저장매체 초기 폐기 문의 헬프 데스크
normal_pjy_053.txt,0,사내 공지 사내 체육대회 개최 안내 작성자 대리 문의 직원 화합 사내 체육대회 개최 일시 장소 청주 종합 운동장 직원 가족 자유 참여 경기 종목 단체 줄다리기 계주 피구 개인 제기차기 다트 스피드 퀴즈 가족 이인삼각 보물찾기 초등학생 이하 참가 신청 대표 종목 명단 취합해 회신 시오 개인 종목 현장 접수 가능하다 안내 편하다 복장 운동화 착용 주시 중식 음료 제공 셔틀버스 본관 정문 출발 우천 순연 순연 여부 전일 사내 포털 공지
normal_pgm_125.docx,0,동호회 모집 크다 동호회 홀드 회원 모집 크다 동호회 실내 크다 동호회 홀드 신규 회원 모집 모임 수요일 사업 인근 크다 진행 회비 시설 일부 지원 경력 상관없다 신규 회원 기초 동작 안전 수칙 먼저 안내 난이도 낮다 코스 시작 벽화 초크 대여 가능하다 근력 부족하다 시작 부담 참여 시오 신청 동호회 게시판
normal_pnr_025.txt,0,동호회 모집 사진 동호회 프레임 신규 회원 모집 사진 동호회 작성자 동호회 총무 문의 사진 동호회 프레임 활동 회원 모집 활동 출사 근교 도심 계절 명소 격월 온라인 합평회 사진 공유 사내 로비 전시회 개최 모집 장비 경력 무관 스마트폰 촬영 회원 기초 촬영 보정 스터디 분기 운영 회비 지원 출사 이동 비용 전시 인쇄 비용 사용 사내 동호회 원금 일부 지원 다음 활동 출사 도심 야경 촬영 신규 회원 환영 모임 저녁 신청 동호회 게시판 사내 메신저 편하다 문의 줄다
normal_smr_105.txt,0,사내 공지 연말정산 일정 안내 작성자 서다 책임 문의 귀속 연말정산 일정 주요 일정 연말정산 시스템 개통 공제 자료 등록 증빙 제출 수정 요청 급여 정산 결과 반영 준비 국세청 간소화 서비스 자료 시스템 등록 시오 간소화 서비스 조회 항목 개별 증빙 첨부 유의 부양가족 자료 사전 동의 절차 필요하다 미리 시오 기한 제출 종합소득세 신고 통해 개별 정산 상세 안내서 자주 묻다 질문 사내 포털 게시
normal_ohs_092.txt,0,사내 공지 산업 안전 보건 위원회 논의 결과 공유 작성자 서다 선임 문의 산업 안전 보건 위원회 논의 결과 공유 개최 노사 위원 참석 주요 논의 하절 질환 예방 조치 시행 결과 점검 야간 작업 구역 조도 개선 요구 보호 지급 주기 교체 검토 아차 사고 보고 활성화 방안 결정 야간 작업 구역 조명 추가 설치 시행 보호 교체 개정안 마련 다음 회의 상정 아차 사고 보고 익명 처리 원칙 재다 다음 회의 개최 예정 안건 안전 담당자 통해 접수 회의 전문 사내 포털 안전 보건 게시판 게시
normal_pjh_069.txt,0,사내 공지 추석 연휴 근무 사업 운영 안내 추석 연휴 기간 사업 운영 연휴 기간 무동 전면 휴무 출입 가능하다 공조 급식 운영 산동 교대 근무 정상 근무 연휴 근무 무표 근무 휴일 근무 신청 등록 시오 대체 휴무 사용 가능하다 연휴 기간 구내식당 운영 근무 도시락 제공 통근 셔틀버스 운행 비상 상황 발생 비상 연락 체계 보고 시기 바라다 안전하다 연휴 보내다 바라다
normal_ojy_066.txt,0,교육 안내 신임 리더십 과정 개설 인재 개발 작성자 책임 문의 올해 신규 보임 리더십 과정 개설 일정 합숙 장소 수원 신임 필수 교육 목표 설정 업무 배분 구성원 면담 피드백 대화 실습 갈등 상황 조정 의사결정 노무 관리자 유의 사내 인사 제도 이해 평가 육성 관리 진행 방식 사례 토의 역할 실습 중심 진행 마지막 본인 적용 실행 계획 개월 후속 워크숍 실행 결과 공유 참석 회신 부탁드리다
normal_sdh_023.txt,0,사내 공지 회의실 수칙 재다 회의실 문의 수칙 회의 취소 즉시 예약 해제 시오 노쇼 잦다 시간대 대기 인원 정기 회의 반복 예약 분기 필요 여부 점검 시기 바라다 종료 시작 다음 이용자 겹치 주시 화이트보드 판서 음료 쓰레기 반드시 시오 화상회의 장비 초기 화면 돌리다 시기 바라다 장비 고장 헬프 데스크 접수 시오
normal_osy_012.txt,0,교육 안내 전사 정보보호 의무교육 이수 안내 작성자 선임 문의 연간 정보보호 의무교육 아래 시행 직원 필수 이수 과정 교육 기간 이수 방법 사내 학습 포털 온라인 수강 직원 상주 협력 인원 전원 교육 사내 자료 분류 반출 절차 업무 계정 비밀번호 관리 수칙 피싱 메일 식별 신고 절차 외부 저장매체 개인 기기 사용 규정 재택근무 보안 준수 이수 평가 문항 이상 이수 처리 별도 집합 교육 월간 점검 회의 공유 의심 메일 수신 열람 말다 신고 버튼 누르다 시오 감사하다
normal_pjs_138.pdf,0,제품 소개 정전용량 지문 인식 센서 hb fp 시리즈 공개 자료 hb fp 시리즈 모바일 기기 출입 장치 지문 인식 센서 제품군 정전용량 방식 지문 융선 패턴 감지 센서 내부 이미지 처리 수행 젖다 손가락 건조하다 손가락 인식 개선 신호 처리 회로 적용 공개 사양 다음 방식 정전용량 인터페이스 spi 내장 기능 이미지 처리 전력 대기 감지 동작 전압 v v 패키지 모듈 베다 공급 가능 센서 면적 해상도 모델 데이터시트 참조 스마트폰 어록 관리 단말기 적용
normal_pdj_040.txt,0,제품 소개 패키지 hb sb 시리즈 공개 자료 작성자 책임 문의 pr hb sb 시리즈 고집 패키지 사용 패키지 제품군 제품 개요 빌드업 구조 적용 미세 배선 구현 열팽창 특성 고려 소재 조합 패키지 신뢰 확보 플립 와이어 방식 모두 대응 라인업 갖추다 공개 사양 구조 빌드업 대응 방식 플립 fc bga 와이어 bga 표면 처리 enig osp 신뢰 평가 jedec 표준 시험 항목 평가 수행 층수 배선 간격 크기 세부 사양 고객 설계 조건 협의 적용 분야 네트워크 프로세서 메모리 모듈 패키지 고성능 연산 장치 패키지 적용 문의 설계 검토 시험 생산 일정 영업 담당자 통해 협의 시오 자료 대외 공개 가능하다 항목 포함 고객 요구 사양 공정 조건 포함
normal_ohj_085.txt,0,사내 자료 상반기 제안 제도 운영 결과 요약 작성자 선임 문의 상반기 사내 제안 제도 운영 결과 요약 공유 운영 개요 사내 포털 제안 게시판 통해 상시 접수 매월 검토 거치다 심사 위원회 채택 여부 결정 접수 경향 작업 절차 개선 안전 제안 가장 사무 환경 시스템 개선 제안 현장 참여 비중 대비 채택 사례 설비 점검 체크 리스트 항목 통합 중복 점검 축소 자재 보관 구역 표시 개선 출고 예방 회의 자료 사전 배포 원칙 도입 개선 계획 검토 기간 기다 의견 검토 기한 단축 반려 사유 상세 회신 절차 보완 채택 사례 분기 사례 공유 예정 작다 제안 환영 참여 부탁드리다
normal_ojw_127.docx,0,사내 공지 업무 개선 아이디어 공모전 개최 업무 방식 개선 사내 아이디어 공모전 개최 접수 기간 부터 끄다 사내 포털 공모전 페이지 제출 공모 분야 업무 절차 간소화 협업 방식 개선 안전 환경 개선 비용 절감 개인 모두 참여 가능하다 제출 건수 제한 없다 심사 실현 가능성 기대 효과 중심 진행 결과 발표 채택 아이디어 담당 협의 실제 적용 검토 사소하다 보이다 제안 환영 참여 부탁드리다
normal_smj_064.txt,0,사내 공지 사내 어린이집 입소 대기 신청 안내 사내 어린이집 어린이집 입소 대기 신청 신청 기간 신청 방법 사내 포털 복지 어린이집 입소 신청 자녀 두다 직원 선정 사내 어린이집 운영 규정 배점 적용 결과 개별 대기 순번 정원 변동 조정 시설 견학 진행 일정 별도 공지 문의 복지 담당자 연락 시오
normal_ojs_107.txt,0,업무 메일 신년 인사 참석 여부 회신 요청 보내다 사원 신년 인사 참석 여부 회신 시기 바라다 일시 장소 본관 대강 신년사 조직 운영 방향 공유 인사 교대 근무 사내 방송 중계 현장 참석 어렵다 별로 시청 주시 참석 인원 회신 부탁드리다 문의
normal_nsw_016.txt,0,사내 공지 통근 셔틀버스 노선 개편 안내 시행 작성자 대리 문의 수요 조사 결과 반영 부터 통근 셔틀버스 노선 개편 신설 노선 호선 오송역 청주 공장 평일 운행 변경 노선 호선 정차 추가 아파트 단지 시외버스 터미널 호선 저조 아침 감편 폐지 노선 호선 인근 노선 중복 폐지 이용자 호선 시오 방법 사내 포털 셔틀 예약 전월 정기 신청 시오 좌석 여유 당일 예약 가능하다 무단 탑승 누적 다음 정기 신청 제한 개편 노선도 시간표 사내 포털 정류장 파다 게시
normal_ryj_039.txt,0,사내 공지 외부 방문객 사업 견학 프로그램 운영 안내 작성자 대리 문의 하반기 사업 견학 프로그램 운영 방식 외부 방문객 초청 아래 절차 시기 바라다 운영 일정 매월 둘째 넷째 수요일 신청 견학 희망 영업일 사내 포털 신청 제출 정보 방문 기관 인원 방문 목적 인솔 담당자 진행 순서 홍보 회사 소개 영상 시청 전시 공간 관람 견학 통로 라인 외부 관람 질의 응답 유의 견학 통로 구역 출입 제한 사업 촬영 지정 포토 가능하다 방문객 입구 안전 안내 이동 학교 단체 견학 별도 프로그램 운영 문의 시오
normal_nhj_124.pdf,0,제품 소개 rf 프론트엔드 모듈 hb rf 시리즈 공개 자료 hb rf 시리즈 무선 통신 기기 rf 프론트엔드 모듈 제품군 전력 증폭기 스위치 필터 모듈 적다 면적 줄이다 송수 경로 전환 손실 낮추다 설계 온도 변화 특성 변동 보상 회로 포함 공개 사양 다음 구성 전력 증폭기 송수 스위치 필터 모듈 지원 대역 표준 무선 통신 대역 모델 상이 제어 인터페이스 mipi rffe 패키지 lga 출력 전력 이득 대역 특성 모델 데이터시트 참조 스마트폰 무선 공유기 산업 무선 모듈 적용
normal_ssm_126.pdf,0,보도자료 초안 사내 베다 육성 프로그램 시행 배포 예정일 직원 사업 아이디어 발굴 사내 베다 육성 프로그램 시행 밝히다 프로그램 아이디어 접수 심사 육성 과정 운영 선발 일정 기간 기존 업무 벗어나다 과제 집중 제품 제작 시장 조사 필요하다 지원 사업 화가 어렵다 판단 참여자 소속 복귀 회사 관계자 현장 나오다 아이디어 실제 시도 경로 만들다 목적 접수 사내 포털 통해 상시 진행
normal_wsr_024.txt,0,보도자료 초안 국제 전시회 참가 배포 예정일 작성자 선임 중순 개최 국제 전시회 참가 메모리 시스템 제품군 전시 밝히다 전시 부스 구역 구성 메모리 구역 서버 ddr 모듈 제품군 시스템 구역 이미지 센서 전력 관리 ic 소개 별도 마련 기술 상담 공간 고객 상담 진행 전시 기간 회사 엔지니어 참여 기술 세션 린다 세션 공개 표준 규격 중심 제품 적용 사례 설계 고려 다루다 예정 회사 관계자 고객 직접 만나다 요구 듣다 자리 활용 부스 위치 세션 일정 회사 홈페이지 전시회 공식 안내 통해
normal_yhb_109.txt,0,교육 안내 개인정보 취급 정기 교육 실시 작성자 선임 문의 개인정보 취급 업무 담당자 정기 교육 실시 일정 장소 본관 온라인 병행 인사 총무 채용 복지 고객 응대 업무 담당자 교육 개인정보 범위 수집 동의 요건 업무 목적 보유 기간 파기 절차 위탁 제공 접근 권한 관리 접속 기록 점검 유출 사고 발생 대응 절차 유의 법정 의무교육 해당 하므다 대상자 반드시 이수 담당자 변경 정보보호 통보 시오 신청 사내 포털
normal_wgh_111.txt,0,동호회 모집 바둑 동호회 기원 회원 모집 바둑 동호회 바둑 동호회 기원 회원 모집 모임 화요일 점심시간 지동 동호회 회비 없다 급수 무관 입문 환영 기력 치수 두다 대국 입문 초반 매월 운영 온라인 대국 방도 운영 중이 점심시간 대국 가능하다 사내 기전 개최 신청 동호회 게시판
normal_wjy_061.txt,0,사내 공지 전기 설비 정기 점검 정전 안내 전기 설비 법정 정기 점검 아래 정전 예정 일시 본관 지동 생산 비상 전원 정상 운영 정전 무동 조명 공조 엘리베이터 사내 네트워크 중단 사내 시스템 원격 접속 불가하다 업무 일정 시오 퇴근 pc 실험 장비 전원 완전하다 차단 진행 중인 작업 데이터 저장 시기 바라다 냉장 보관 시료 사전 시오 작업 종료 복전 상황 사내 메신저 공지
normal_wjh_137.pdf,0,교육 안내 입사 개월 팔로우 교육 실시 인재 개발 올해 상반기 입사 팔로우 교육 실시 일정 하루 장소 본관 강의실 교육 입사 겪다 어려움 공유 담당 업무 조직 전체 흐름 살펴보다 사내 제도 용도 낮다 항목 안내 세션 포함 동기 넘다 이야기 나누다 마련 편하다 마음 참여 시오 별도 준비물 없다 부서장 해당 인원 일정 조정 협조 시기 바라다
normal_ydb_048.txt,0,동호회 모집 독서 동호회 서재 회원 모집 독서 동호회 읽다 독서 동호회 서재 회원 모집 모임 매월 마지막 목요일 지동 스터디 진행 지정 도서 자유 토론 발제 부담 없다 회비 없다 도서 사내 도서관 희망 도서 신청 선정 회원 추천 투표 소설 문학 번갈아 읽다 완독 참여 가능하다 도서 회원 투표 선정 중이 신청 동호회 게시판
normal_ydj_134.docx,0,업무 메일 워크숍 사전 과제 안내 보내다 선임 워크숍 진행 사전 과제 각자 올해 담당 업무 개선 필요하다 느끼다 지점 이유 간단하다 오시 분량 페이지 이내 충분하다 워크숍 세션 별로 공유 공통 언급 항목 중심 내년 개선 과제 예정 형식 완성 보지 부담 준비 시오 제출 당일 지다 차다 워크숍 일정 장소 확정 공유
normal_ssh_075.txt,0,제품 소개 클럭 성기 ic hb ck 시리즈 공개 자료 작성자 선임 문의 hb ck 시리즈 통신 장비 산업 보드 사용 클럭 분배 ic 제품군 제품 개요 위상 고정 루프 pll 기반 구조 다중 출력 클럭 성하다 출력 주파수 위상 개별 설정 입력 클럭 이상 예비 입력 전환 기능 지원 공개 사양 구조 pll 기반 클럭 분배 출력 규격 lvds lvpecl hcsl cmos 지원 제어 인터페이스 spi i c 지원 기능 입력 이중화 전환 출력 분주 설정 동작 온도 출력 채널 지터 특성 모델 데이터시트 참조 적용 분야 네트워크 스위치 기지국 장비 데이터 변환 보드 산업 시스템 적용 설정 파일 도구 평가 보드 제공
normal_ssy_058.txt,0,교육 안내 iso 부심 사원 양성 과정 개설 인재 개발 작성자 선임 문의 품질 경영 시스템 내부 심사 수행 인력 양성 과정 개설 일정 장소 본관 강의실 품질 생산 구매 부문 실무 내부 심사 참여 예정자 정원 교육 품질 경영 시스템 요구사항 이해 내부 심사 계획 수립 체크 리스트 심사 인터뷰 기법 객관 증거 확보 부적합 판정 시정 조치 요구 모의 심사 실습 결과 발표 수료 과정 출석 종합 평가 통과 사내 부심 사원 등록 등록 연간 내부 심사 심사 참여 신청 사내 포털
normal_ycb_101.txt,0,교육 안내 클린룸 출입 필수 교육 실시 작성자 선임 문의 클린룸 출입 예정자 필수 교육 실시 이수 출입 권한 부여 일정 매월 첫째 화요일 장소 청주 공장 교육 교육 클린룸 등급 오염 관리 기본 개념 방진 착용 탈의 절차 실습 반입 금지 물품 반출 절차 정전기 관리 접지 수칙 비상 상황 대피 절차 신규 배치 이동 협력 상주 인원 견학 인솔 담당자 포함 출입 권한 교육 이수 익일 부여 신청 사내 포털
normal_cyj_032.txt,0,제목 직원 도서 대여 서비스 안내 수신 직원 여러분 발신 아래 일정 방법 시기 바라다 사내 라운지 도서 대여 서비스 새롭다 운영 업무 서적 아니다 소설 에세이 자기계발 과학 교양 도서 비치 도서 최대 주간 대여 예약 없다 차례 연장 반납 라운지 무인 반납 희망 도서 신청 매월 마지막 접수 선정 결과 다음 게시판 공지 분실 훼손 발생 운영 담당자 줄다 담당 ha 변경 발생 동일하다 채널 통해 안내 양식 필요하다 공용 자료 최신 서식 사용
normal_cyj_041.txt,0,업무 메모 번호 hb 경영 작성자 사내 식당 주간 메뉴 안내 직원 식당 주간 메뉴 운영 월요일 현미 닭갈비 화요일 소고기 무국 두부 조림 수요일 비빔밥 제공 알레르기 유발 재료 배식 표지판 채식 선택 식도 매일 종류 운영 점심시간 혼잡 완화 자율 줄다 식권 사용 방식 변경 없다 메뉴 자재 수급 상황 일부 조정 자료 사내 게시판 회사 공식 홈페이지 게시 최신 버전 사용 줄다 문의 yo 참석 여부 각자 업무 일정 맞다 줄다
normal_cyj_035.txt,0,from mi to date subject 공개 제품 브로 배포 안내 안녕하다 고객 행사 사용 공개 제품 브로 어의 개정판 배포 브로 현재 공식 홈페이지 게시 제품군 표준 인터페이스 동작 온도 범위 패키지 형태 공개 사양 포함 영업 미팅 반드시 최신 버전 사용 줄다 이전 버전 폐기 고객 전달 개정 파일 사내 공식 홈페이지 자료 동일하다 필요하다 메일 회신 줄다 감사하다 경기도 화성시 사다 대표 안내 특정 개인 사적 연락처 식별 번호 요구
normal_cyj_057.txt,0,업무 메모 번호 hb 경영 작성자 사내 카페 운영 변경 안내 사내 카페 여름 시즌 운영 메뉴 기존 커피 메뉴 카페인 음료 과일 이드 추가 텀블러 사용 기존 동일하다 소정 할인 혜택 적용 주문 몰리다 점심시간 모바일 사전 주문 권장 카페 직원 방문 등록 마치다 외부 방문객 재료 알레르기 정보 메뉴판 하단 기타 문의 카페 운영 데스크 전달 줄다 자료 사내 게시판 회사 공식 홈페이지 게시 최신 버전 사용 줄다 문의 ta 양식 필요하다 공용 자료 최신 서식 사용
normal_bsh_128.pdf,0,hanbit semiconductor 사내 업무 자료 hanbit semiconductor corporate document 지역 환경 정화 봉사 안내 번호 hb es 일자 작성자 사업 경기도 화성시 사다 회사 전화 업무 이메일 yu 개요 지역 환경 정화 봉사활동 참가자 모집 활동 장소 사업 인근 공원 하천 산책로 쓰레기 수거 안내 표지 정비 진행 회사 장갑 집게 봉투 제공 참가자 편하다 복장 개인 준비 우천 일정 다음 주로 연기 봉사 필요하다 직원 활동 종료 운영 담당자 신청 줄다 가족 동반 여부 집결 참가 신청 페이지 세부 안내 구분 봉사 안내 일정 예정 장소 캠퍼스 운동장 직원 사전 등록 방문자 문의 yu 업무 일정 장소 운영 상황 일부 변경 표시 담당자 연락처 회사 업무 문의 채널 최신 공지 배포 자료 사내 게시판 공식 자료 실의 버전 줄다
normal_bsh_072.txt,0,제목 직원 도서 대여 서비스 안내 수신 직원 여러분 발신 안녕하다 아래 사내 라운지 도서 대여 서비스 새롭다 운영 업무 서적 아니다 소설 에세이 자기계발 과학 교양 도서 비치 도서 최대 주간 대여 예약 없다 차례 연장 반납 라운지 무인 반납 희망 도서 신청 매월 마지막 접수 선정 결과 다음 게시판 공지 분실 훼손 발생 운영 담당자 줄다 담당 ha 질문 아래 담당자 이메일 보내다 답변 양식 필요하다 공용 자료 최신 서식 사용
normal_cyj_022.txt,0,사내 안내 본사 주차장 안내 일자 담당자 안내 방문 차량 증가 본사 주차장 직원 차량 기존 등록 스티커 그대로 사용 외부 방문 차량 안내 데스크 방문 발급 지정 구역 줄다 전기차 충전 구역 충전 완료 이내 이동 권장 소방 통로 장애인 전용 구역 일반 차량 주차 없다 야간 공사 기간 일부 동선 변경 현장 안내 표지 이동해 시기 바라다 의처 업무 이메일 se 회사 전화 양식 필요하다 공용 자료 최신 서식 사용
normal_cjw_119.docx,0,hanbit semiconductor corporate document 본사 로비 공사 동선 안내 개요 본사 로비 바닥 보수 공사 인하다 출입 동선 한시 변경 공사 기간 중앙 출입문 대신 동측 출입문 줄다 안내 데스크 방문 발급 업무 정상 운영 휠체어 이용자 동측 마련 작업 구역 주변 안전 펜스 설치 임의 출입 주의 줄다 공사 소음 오전 시간대 집중 일정 현장 상황 하루 변동 세부 안내 업무 일정 장소 운영 상황 일부 변경 표시 담당자 연락처 회사 업무 문의 채널 최신 공지 배포 자료 사내 게시판 공식 자료 실의 버전 줄다 번호 hb 시설 일자 작성자 사업 경기도 화성시 사다 회사 전화 업무 이메일 wo 구분 시설 안내 일정 예정 장소 본사 지하 식당 직원 사전 등록 방문자 문의 wo
normal_cyj_084.txt,0,제목 사내 동호회 신규 회원 모집 수신 직원 여러분 발신 아래 일정 방법 시기 바라다 하반기 사내 동호회 신규 회원 모집 모집 분야 러닝 사진 독서 보드게임 배드민턴 초보자 자유롭다 참여 정기 활동 퇴근 주말 진행 참가 모임 장소 동호회 공지 활동 사진 참여자 동의 사내 게시판 게시 가입 원하다 직원 사내 문화 게시판 신청 양식 줄다 담당 ha 변경 발생 동일하다 채널 통해 안내 일정 변경 공지 게시판 수정 먼저 게시
normal_csw_007.txt,0,from si to date subject 공개 기술 세미나 개최 안내 안녕하다 산업 기본 구조 메모리 기술 동향 소개 공개 세미나 개최 발표 학회 표준 회사 홈페이지 공개 자료 중심 구성 세미나 대학생 일반인 신청 질의 응답 포함 좌석 수가 제한 사전 등록 권장 발표 자료 행사 종료 홈페이지 자료 게시 예정 내부 연구개발 과제 공개 제품 일정 포함 필요하다 메일 회신 줄다 감사하다 경기도 화성시 사다 대표 양식 필요하다 공용 자료 최신 서식 사용
normal_bsh_054.txt,0,사내 안내 분리 배출 변경 안내 일자 담당자 안내 사업 분리 배출 일부 변경 종이컵 내용물 비운 전용 수거 넣다 플라스틱 용기 라벨 물질 제거 배출 줄다 건전지 소형 전자기기 복도 설치 별도 수거 일반 쓰레기통 전자부품 배터리 버리다 주의 줄다 환경부 공개 분리 배출 지침 세부 예시 사내 게시판 안내 이미지 줄다 의처 업무 이메일 ye 회사 전화 일정 변경 공지 게시판 수정 먼저 게시
normal_cyj_008.txt,0,제목 지역 환경 정화 봉사 안내 수신 직원 여러분 발신 업무 주요 지역 환경 정화 봉사활동 참가자 모집 활동 장소 사업 인근 공원 하천 산책로 쓰레기 수거 안내 표지 정비 진행 회사 장갑 집게 봉투 제공 참가자 편하다 복장 개인 준비 우천 일정 다음 주로 연기 봉사 필요하다 직원 활동 종료 운영 담당자 신청 줄다 가족 동반 여부 집결 참가 신청 페이지 담당 yu 원활하다 운영 직원 여러분 협조 부탁드리다 본문 기재 연락처 회사 업무 문의 채널
normal_cjw_026.txt,0,사내 안내 사내 건강검진 일정 안내 일자 담당자 안내 정기 건강검진 예약 기간 검진 회사 계약 외부 검진 기관 일반 프로그램 직원 기간 희망 일자 선택 개인 검진 결과 회사 수집 검진 기관 본인 직접 제공 일정 변경 필요하다 검진 이틀 기관 연락 줄다 휴가 처리 사내 복리 후생 진행 자세하다 절차 인트라넷 공지 의처 업무 이메일 eu 회사 전화 참석 여부 각자 업무 일정 맞다 줄다
normal_cjw_069.txt,0,업무 메모 번호 hb 총무 작성자 방문객 출입 절차 안내 외부 방문객 원활하다 출입 기본 절차 방문객 정문 안내 데스크 예약 정보 방문 수령 담당자 이동해 촬영 가능하다 구역 홍보 지정 포토 제한 생산 시설 출입 별도 승인 필요하다 방문 종료 출입 반드시 반납 줄다 단체 방문 인원 방문 하루 명단 제출 제출 정보 출입 관리 목적 한해 사용 자료 사내 게시판 회사 공식 홈페이지 게시 최신 버전 사용 줄다 문의 da 일정 변경 공지 게시판 수정 먼저 게시
normal_bsh_116.docx,0,hanbit semiconductor corporate document 안전 보호 착용 교육 안내 개요 사업 안전 정기 교육 실시 교육 보호 안경 안전 방진 기본 보호 구의 착용 방법 비상 상황 대피 절차 설명 교육 산업 안전 공개 사내 공통 안전 지침 바탕 구성 현장 작업 지정 교육 차수 선택 참석 교육장 입실 출석 진행 실습 보호 현장 제공 하므다 별도 준비물 없다 세부 안내 업무 일정 장소 운영 상황 일부 변경 표시 담당자 연락처 회사 업무 문의 채널 최신 공지 배포 자료 사내 게시판 공식 자료 실의 버전 줄다 번호 hb 안전 일자 작성자 사업 경기도 화성시 사다 회사 전화 업무 이메일 se 구분 안전 안내 일정 예정 장소 본사 로비 안내 데스크 직원 사전 등록 방문자 문의 se
normal_bsh_079.txt,0,from wo to date subject 본사 로비 공사 동선 안내 안녕하다 본사 로비 바닥 보수 공사 인하다 출입 동선 한시 변경 공사 기간 중앙 출입문 대신 동측 출입문 줄다 안내 데스크 방문 발급 업무 정상 운영 휠체어 이용자 동측 마련 작업 구역 주변 안전 펜스 설치 임의 출입 주의 줄다 공사 소음 오전 시간대 집중 일정 현장 상황 하루 변동 필요하다 메일 회신 줄다 감사하다 경기도 화성시 사다 대표 일정 변경 공지 게시판 수정 먼저 게시
normal_cyj_031.txt,0,from do to date subject 제품 체험 운영 변경 안녕하다 제품 체험 운영 일부 변경 평일 운영 오전 오후 점심시간 관람 가능하다 전시 회사 홈페이지 공식 브로 공개 제품 소개 제조 원리 지속 가능 경영 활동 구성 이상 단체 사전 예약 필요하다 체험 내부 안내 직원 설명 이동해 주시 일부 안전 지지 협조 줄다 필요하다 메일 회신 줄다 감사하다 경기도 화성시 사다 대표 참석 여부 각자 업무 일정 맞다 줄다
normal_bsh_050.txt,0,사내 안내 전력 절감 캠페인 안내 일자 담당자 안내 여름철 전력 사용 증가 사내 에너지 절감 캠페인 진행 회의실 비우다 조명 모니터 전원 끄다 냉방 창문 닫다 줄다 공용 공간 냉방 설정 시설 관리 운영 장시간 사용 장비 대기전력 차단 권장 캠페인 비용 절감 아니다 탄소 배출 일상 실천 목표 건물 온도 이상 설비 고장 신고 줄다 의처 업무 이메일 se 회사 전화 안내 특정 개인 사적 연락처 식별 번호 요구
normal_cyj_078.txt,0,사내 안내 온라인 협업 도구 기본 사용 교육 일자 담당자 안내 온라인 협업 도구 기본 기능 익히다 짧다 교육 진행 주요 회의 예약 화면 공유 공동 편집 알림 설정 공개 채널 비공개 채널 구분 교육 실습 계정 예제 사용 실제 프로젝트 파일 활용 참가자 개인 노트북 지다 차다 줄다 교육 자료 종료 사내 학습 포털 게시 추가 질문 교육 담당자 업무 이메일 예정 의처 업무 이메일 ga 회사 전화 본문 기재 연락처 회사 업무 문의 채널
normal_khr_044.txt,0,제목 사내 동호회 신규 회원 모집 수신 직원 여러분 발신 안내 사내 운영 편의 하반기 사내 동호회 신규 회원 모집 모집 분야 러닝 사진 독서 보드게임 배드민턴 초보자 자유롭다 참여 정기 활동 퇴근 주말 진행 참가 모임 장소 동호회 공지 활동 사진 참여자 동의 사내 게시판 게시 가입 원하다 직원 사내 문화 게시판 신청 양식 줄다 담당 ha 변경 발생 동일하다 채널 통해 안내 일정 변경 공지 게시판 수정 먼저 게시
normal_hjm_118.docx,0,hanbit semiconductor corporate document 온라인 협업 도구 기본 사용 교육 개요 온라인 협업 도구 기본 기능 익히다 짧다 교육 진행 주요 회의 예약 화면 공유 공동 편집 알림 설정 공개 채널 비공개 채널 구분 교육 실습 계정 예제 사용 실제 프로젝트 파일 활용 참가자 개인 노트북 지다 차다 줄다 교육 자료 종료 사내 학습 포털 게시 추가 질문 교육 담당자 업무 이메일 예정 세부 안내 업무 일정 장소 운영 상황 일부 변경 표시 담당자 연락처 회사 업무 문의 채널 최신 공지 배포 자료 사내 게시판 공식 자료 실의 버전 줄다 번호 hb 인재 일자 작성자 사업 경기도 화성시 사다 회사 전화 업무 이메일 ga 구분 교육 안내 일정 예정 장소 캠퍼스 운동장 직원 사전 등록 방문자 문의 신가 ga
normal_khr_020.txt,0,제목 사내 뉴스레터 원고 모집 수신 직원 여러분 발신 안내 사내 운영 편의 다음 사내 뉴스레터 실리다 원고 모집 주제 협업 사례 취미 소개 지역 맛집 추천 봉사활동 후기 자유롭다 선택 업무 비공개 정보 고객 정보 포함 접수 사진 첨부 촬영 대상자 게시 동의 줄다 선정 원고 편집 과정 맞춤법 분량 일부 조정 원고 제출 공용 메일 보내다 담당 ha 원활하다 운영 직원 여러분 협조 부탁드리다 안내 특정 개인 사적 연락처 식별 번호 요구
normal_djy_085.txt,0,업무 메모 번호 hb 총무 작성자 회의실 예약 이용수 안내 회의실 집중 기간 앞두다 예약 사용 수칙 회의실 사내 예약 시스템 최대 신청 사용 예약 취소 줄다 회의 종료 화이트보드 지우다 비품 원래 위치 시기 바라다 음식물 반입 뚜껑 음료 한해 허용 화상회의 장비 용법 회의실 책상 안내 카드 자료 사내 게시판 회사 공식 홈페이지 게시 최신 버전 사용 줄다 문의 안내 특정 개인 사적 연락처 식별 번호 요구
normal_djy_028.txt,0,제목 지역 환경 정화 봉사 안내 수신 직원 여러분 발신 업무 주요 지역 환경 정화 봉사활동 참가자 모집 활동 장소 사업 인근 공원 하천 산책로 쓰레기 수거 안내 표지 정비 진행 회사 장갑 집게 봉투 제공 참가자 편하다 복장 개인 준비 우천 일정 다음 주로 연기 봉사 필요하다 직원 활동 종료 운영 담당자 신청 줄다 가족 동반 여부 집결 참가 신청 페이지 담당 yu 변경 발생 동일하다 채널 통해 안내 본문 기재 연락처 회사 업무 문의 채널
normal_jsh_060.txt,0,제목 사내 뉴스레터 원고 모집 수신 직원 여러분 발신 아래 일정 방법 시기 바라다 다음 사내 뉴스레터 실리다 원고 모집 주제 협업 사례 취미 소개 지역 맛집 추천 봉사활동 후기 자유롭다 선택 업무 비공개 정보 고객 정보 포함 접수 사진 첨부 촬영 대상자 게시 동의 줄다 선정 원고 편집 과정 맞춤법 분량 일부 조정 원고 제출 공용 메일 보내다 담당 ha 문의 담당자 업무 연락 줄다 안내 특정 개인 사적 연락처 식별 번호 요구
normal_ksy_033.txt,0,업무 메모 번호 hb 브랜 작성자 사내 사진 공모전 안내 사내 사진 공모전 개최 주제 일상 협업 계절 풍경 지역 활동 직원 누구 참여 출품 작다 본인 직접 촬영 사진 얼굴 식별 게시 동의 수상작 사내 로비 전시 뉴스레터 소개 예정 접수 마감 이미지 파일 간단하다 설명 제출 줄다 심사 구성 주제 적합 표현 진행 자료 사내 게시판 회사 공식 홈페이지 게시 최신 버전 사용 줄다 문의 ji 본문 기재 연락처 회사 업무 문의 채널
normal_jsh_012.txt,0,제목 직원 도서 대여 서비스 안내 수신 직원 여러분 발신 안녕하다 아래 사내 라운지 도서 대여 서비스 새롭다 운영 업무 서적 아니다 소설 에세이 자기계발 과학 교양 도서 비치 도서 최대 주간 대여 예약 없다 차례 연장 반납 라운지 무인 반납 희망 도서 신청 매월 마지막 접수 선정 결과 다음 게시판 공지 분실 훼손 발생 운영 담당자 줄다 담당 ha 변경 발생 동일하다 채널 통해 안내 양식 필요하다 공용 자료 최신 서식 사용
normal_hjm_063.txt,0,from 서다 ji to date subject 신입사원 공통 교육 안내 안녕하다 서다 신입사원 공통 교육 일정 교육 회사 소개 윤리경영 기본 보안 협업 도구 용법 안전교육 진행 모든 강의 일반 사내 생활 업무 적응 구성 특정 프로젝트 비공개 정보 다루다 참가자 교육 시작 지정 좌석 착석 줄다 교육 종료 만족도 설문 진행 문의 교육 운영 담당자 전달 시기 바라다 필요하다 메일 회신 줄다 감사하다 서다 경기도 화성시 사다 대표 본문 기재 연락처 회사 업무 문의 채널
normal_cyj_130.pdf,0,hanbit semiconductor 사내 업무 자료 hanbit semiconductor corporate document 전력 절감 캠페인 안내 번호 hb 시설 일자 작성자 사업 경기도 화성시 사다 회사 전화 업무 이메일 se 개요 여름철 전력 사용 증가 사내 에너지 절감 캠페인 진행 회의실 비우다 조명 모니터 전원 끄다 냉방 창문 닫다 줄다 공용 공간 냉방 설정 시설 관리 운영 장시간 사용 장비 대기전력 차단 권장 캠페인 비용 절감 아니다 탄소 배출 일상 실천 목표 건물 온도 이상 설비 고장 신고 줄다 세부 안내 구분 시설 안내 일정 예정 장소 본사 직원 사전 등록 방문자 문의 se 업무 일정 장소 운영 상황 일부 변경 표시 담당자 연락처 회사 업무 문의 채널 최신 공지 배포 자료 사내 게시판 공식 자료 실의 버전 줄다
normal_djy_123.pdf,0,hanbit semiconductor 사내 업무 자료 hanbit semiconductor corporate document 신입사원 공통 교육 안내 번호 hb 인재 일자 작성자 서다 사업 경기도 화성시 사다 회사 전화 업무 이메일 ji 개요 신입사원 공통 교육 일정 교육 회사 소개 윤리경영 기본 보안 협업 도구 용법 안전교육 진행 모든 강의 일반 사내 생활 업무 적응 구성 특정 프로젝트 비공개 정보 다루다 참가자 교육 시작 지정 좌석 착석 줄다 교육 종료 만족도 설문 진행 문의 교육 운영 담당자 전달 시기 바라다 세부 안내 구분 교육 안내 일정 예정 장소 사업 안전교육 직원 사전 등록 방문자 문의 서다 ji 업무 일정 장소 운영 상황 일부 변경 표시 담당자 연락처 회사 업무 문의 채널 최신 공지 배포 자료 사내 게시판 공식 자료 실의 버전 줄다
normal_jsh_126.pdf,0,hanbit semiconductor 사내 업무 자료 hanbit semiconductor corporate document 사내 건강검진 일정 안내 번호 hb 경영 일자 작성자 사업 경기도 화성시 사다 회사 전화 업무 이메일 eu 개요 정기 건강검진 예약 기간 검진 회사 계약 외부 검진 기관 일반 프로그램 직원 기간 희망 일자 선택 개인 검진 결과 회사 수집 검진 기관 본인 직접 제공 일정 변경 필요하다 검진 이틀 기관 연락 줄다 휴가 처리 사내 복리 후생 진행 자세하다 절차 인트라넷 공지 세부 안내 구분 복지 안내 일정 예정 장소 본사 로비 안내 데스크 직원 사전 등록 방문자 문의 eu 업무 일정 장소 운영 상황 일부 변경 표시 담당자 연락처 회사 업무 문의 채널 최신 공지 배포 자료 사내 게시판 공식 자료 실의 버전 줄다
normal_cyj_124.pdf,0,hanbit semiconductor 사내 업무 자료 hanbit semiconductor corporate document 사내 동호회 신규 회원 모집 번호 hb 사내 일자 작성자 사업 경기도 화성시 사다 회사 전화 업무 이메일 ha 개요 하반기 사내 동호회 신규 회원 모집 모집 분야 러닝 사진 독서 보드게임 배드민턴 초보자 자유롭다 참여 정기 활동 퇴근 주말 진행 참가 모임 장소 동호회 공지 활동 사진 참여자 동의 사내 게시판 게시 가입 원하다 직원 사내 문화 게시판 신청 양식 줄다 세부 안내 구분 동호회 안내 일정 예정 장소 r d 센터 공개 직원 사전 등록 방문자 문의 ha 업무 일정 장소 운영 상황 일부 변경 표시 담당자 연락처 회사 업무 문의 채널 최신 공지 배포 자료 사내 게시판 공식 자료 실의 버전 줄다
normal_djy_111.docx,0,hanbit semiconductor corporate document 제품 체험 운영 변경 개요 제품 체험 운영 일부 변경 평일 운영 오전 오후 점심시간 관람 가능하다 전시 회사 홈페이지 공식 브로 공개 제품 소개 제조 원리 지속 가능 경영 활동 구성 이상 단체 사전 예약 필요하다 체험 내부 안내 직원 설명 이동해 주시 일부 안전 지지 협조 줄다 세부 안내 업무 일정 장소 운영 상황 일부 변경 표시 담당자 연락처 회사 업무 문의 채널 최신 공지 배포 자료 사내 게시판 공식 자료 실의 버전 줄다 번호 hb 브랜 일자 작성자 사업 경기도 화성시 사다 회사 전화 업무 이메일 do 구분 홍보 안내 일정 예정 장소 캠퍼스 교육 직원 사전 등록 방문자 문의 do
normal_mto_117.docx,0,hanbit semiconductor corporate document 사내 카페 운영 변경 안내 개요 사내 카페 여름 시즌 운영 메뉴 기존 커피 메뉴 카페인 음료 과일 이드 추가 텀블러 사용 기존 동일하다 소정 할인 혜택 적용 주문 몰리다 점심시간 모바일 사전 주문 권장 카페 직원 방문 등록 마치다 외부 방문객 재료 알레르기 정보 메뉴판 하단 기타 문의 카페 운영 데스크 전달 줄다 세부 안내 업무 일정 장소 운영 상황 일부 변경 표시 담당자 연락처 회사 업무 문의 채널 최신 공지 배포 자료 사내 게시판 공식 자료 실의 버전 줄다 번호 hb 경영 일자 작성자 사업 경기도 화성시 사다 회사 전화 업무 이메일 ta 구분 복지 안내 일정 예정 장소 온라인 teams 회의실 직원 사전 등록 방문자 문의 ta
normal_pjm_092.txt,0,제목 직원 도서 대여 서비스 안내 수신 직원 여러분 발신 안내 사내 운영 편의 사내 라운지 도서 대여 서비스 새롭다 운영 업무 서적 아니다 소설 에세이 자기계발 과학 교양 도서 비치 도서 최대 주간 대여 예약 없다 차례 연장 반납 라운지 무인 반납 희망 도서 신청 매월 마지막 접수 선정 결과 다음 게시판 공지 분실 훼손 발생 운영 담당자 줄다 담당 ha 질문 아래 담당자 이메일 보내다 답변 양식 필요하다 공용 자료 최신 서식 사용
normal_pjm_056.txt,0,제목 안전 보호 착용 교육 안내 수신 직원 여러분 발신 협의 공지 사업 안전 정기 교육 실시 교육 보호 안경 안전 방진 기본 보호 구의 착용 방법 비상 상황 대피 절차 설명 교육 산업 안전 공개 사내 공통 안전 지침 바탕 구성 현장 작업 지정 교육 차수 선택 참석 교육장 입실 출석 진행 실습 보호 현장 제공 하므다 별도 준비물 없다 담당 se 변경 발생 동일하다 채널 통해 안내 참석 여부 각자 업무 일정 맞다 줄다
normal_lhs_064.txt,0,제목 사내 동호회 신규 회원 모집 수신 직원 여러분 발신 협의 공지 하반기 사내 동호회 신규 회원 모집 모집 분야 러닝 사진 독서 보드게임 배드민턴 초보자 자유롭다 참여 정기 활동 퇴근 주말 진행 참가 모임 장소 동호회 공지 활동 사진 참여자 동의 사내 게시판 게시 가입 원하다 직원 사내 문화 게시판 신청 양식 줄다 담당 ha 문의 담당자 업무 연락 줄다 일정 변경 공지 게시판 수정 먼저 게시
normal_pjm_096.txt,0,제목 안전 보호 착용 교육 안내 수신 직원 여러분 발신 안내 사내 운영 편의 사업 안전 정기 교육 실시 교육 보호 안경 안전 방진 기본 보호 구의 착용 방법 비상 상황 대피 절차 설명 교육 산업 안전 공개 사내 공통 안전 지침 바탕 구성 현장 작업 지정 교육 차수 선택 참석 교육장 입실 출석 진행 실습 보호 현장 제공 하므다 별도 준비물 없다 담당 se 변경 발생 동일하다 채널 통해 안내 참석 여부 각자 업무 일정 맞다 줄다
normal_ksy_121.pdf,0,hanbit semiconductor 사내 업무 자료 hanbit semiconductor corporate document 사내 식당 주간 메뉴 안내 번호 hb 경영 일자 작성자 사업 경기도 화성시 사다 회사 전화 업무 이메일 yo 개요 직원 식당 주간 메뉴 운영 월요일 현미 닭갈비 화요일 소고기 무국 두부 조림 수요일 비빔밥 제공 알레르기 유발 재료 배식 표지판 채식 선택 식도 매일 종류 운영 점심시간 혼잡 완화 자율 줄다 식권 사용 방식 변경 없다 메뉴 자재 수급 상황 일부 조정 세부 안내 구분 식당 안내 일정 예정 장소 캠퍼스 교육 직원 사전 등록 방문자 문의 yo 업무 일정 장소 운영 상황 일부 변경 표시 담당자 연락처 회사 업무 문의 채널 최신 공지 배포 자료 사내 게시판 공식 자료 실의 버전 줄다
normal_psw_115.docx,0,hanbit semiconductor corporate document 공개 제품 브로 배포 안내 개요 고객 행사 사용 공개 제품 브로 어의 개정판 배포 브로 현재 공식 홈페이지 게시 제품군 표준 인터페이스 동작 온도 범위 패키지 형태 공개 사양 포함 영업 미팅 반드시 최신 버전 사용 줄다 이전 버전 폐기 고객 전달 개정 파일 사내 공식 홈페이지 자료 동일하다 세부 안내 업무 일정 장소 운영 상황 일부 변경 표시 담당자 연락처 회사 업무 문의 채널 최신 공지 배포 자료 사내 게시판 공식 자료 실의 버전 줄다 번호 hb 제품 일자 작성자 사업 경기도 화성시 사다 회사 전화 업무 이메일 mi 구분 제품 안내 일정 예정 장소 사내 카페테리아 직원 사전 등록 방문자 문의 mi
normal_mky_004.txt,0,제목 사내 동호회 신규 회원 모집 수신 직원 여러분 발신 협의 공지 하반기 사내 동호회 신규 회원 모집 모집 분야 러닝 사진 독서 보드게임 배드민턴 초보자 자유롭다 참여 정기 활동 퇴근 주말 진행 참가 모임 장소 동호회 공지 활동 사진 참여자 동의 사내 게시판 게시 가입 원하다 직원 사내 문화 게시판 신청 양식 줄다 담당 ha 원활하다 운영 직원 여러분 협조 부탁드리다 일정 변경 공지 게시판 수정 먼저 게시
normal_pjm_052.txt,0,제목 직원 도서 대여 서비스 안내 수신 직원 여러분 발신 협의 공지 사내 라운지 도서 대여 서비스 새롭다 운영 업무 서적 아니다 소설 에세이 자기계발 과학 교양 도서 비치 도서 최대 주간 대여 예약 없다 차례 연장 반납 라운지 무인 반납 희망 도서 신청 매월 마지막 접수 선정 결과 다음 게시판 공지 분실 훼손 발생 운영 담당자 줄다 담당 ha 변경 발생 동일하다 채널 통해 안내 양식 필요하다 공용 자료 최신 서식 사용
normal_pjm_125.pdf,0,hanbit semiconductor 사내 업무 자료 hanbit semiconductor corporate document 회의실 예약 이용수 안내 번호 hb 총무 일자 작성자 사업 경기도 화성시 사다 회사 전화 업무 이메일 개요 회의실 집중 기간 앞두다 예약 사용 수칙 회의실 사내 예약 시스템 최대 신청 사용 예약 취소 줄다 회의 종료 화이트보드 지우다 비품 원래 위치 시기 바라다 음식물 반입 뚜껑 음료 한해 허용 화상회의 장비 용법 회의실 책상 안내 카드 세부 안내 구분 회의실 안내 일정 예정 장소 사내 카페테리아 직원 사전 등록 방문자 문의 업무 일정 장소 운영 상황 일부 변경 표시 담당자 연락처 회사 업무 문의 채널 최신 공지 배포 자료 사내 게시판 공식 자료 실의 버전 줄다
normal_ksy_122.pdf,0,hanbit semiconductor 사내 업무 자료 hanbit semiconductor corporate document 본사 주차장 안내 번호 hb 총무 일자 작성자 사업 경기도 화성시 사다 회사 전화 업무 이메일 se 개요 방문 차량 증가 본사 주차장 직원 차량 기존 등록 스티커 그대로 사용 외부 방문 차량 안내 데스크 방문 발급 지정 구역 줄다 전기차 충전 구역 충전 완료 이내 이동 권장 소방 통로 장애인 전용 구역 일반 차량 주차 없다 야간 공사 기간 일부 동선 변경 현장 안내 표지 이동해 시기 바라다 세부 안내 구분 주차 안내 일정 예정 장소 본사 a 직원 사전 등록 방문자 문의 se 업무 일정 장소 운영 상황 일부 변경 표시 담당자 연락처 회사 업무 문의 채널 최신 공지 배포 자료 사내 게시판 공식 자료 실의 버전 줄다
normal_psw_076.txt,0,제목 안전 보호 착용 교육 안내 수신 직원 여러분 발신 안녕하다 아래 사업 안전 정기 교육 실시 교육 보호 안경 안전 방진 기본 보호 구의 착용 방법 비상 상황 대피 절차 설명 교육 산업 안전 공개 사내 공통 안전 지침 바탕 구성 현장 작업 지정 교육 차수 선택 참석 교육장 입실 출석 진행 실습 보호 현장 제공 하므다 별도 준비물 없다 담당 se 질문 아래 담당자 이메일 보내다 답변 참석 여부 각자 업무 일정 맞다 줄다
normal_lhy_127.pdf,0,hanbit semiconductor 사내 업무 자료 hanbit semiconductor corporate document 공개 기술 세미나 개최 안내 번호 hb 기술 일자 작성자 사업 경기도 화성시 사다 회사 전화 업무 이메일 si 개요 산업 기본 구조 메모리 기술 동향 소개 공개 세미나 개최 발표 학회 표준 회사 홈페이지 공개 자료 중심 구성 세미나 대학생 일반인 신청 질의 응답 포함 좌석 수가 제한 사전 등록 권장 발표 자료 행사 종료 홈페이지 자료 게시 예정 내부 연구개발 과제 공개 제품 일정 포함 세부 안내 구분 세미나 안내 일정 예정 장소 온라인 teams 회의실 직원 사전 등록 방문자 문의 si 업무 일정 장소 운영 상황 일부 변경 표시 담당자 연락처 회사 업무 문의 채널 최신 공지 배포 자료 사내 게시판 공식 자료 실의 버전 줄다
normal_lhs_112.docx,0,hanbit semiconductor corporate document 직원 도서 대여 서비스 안내 개요 사내 라운지 도서 대여 서비스 새롭다 운영 업무 서적 아니다 소설 에세이 자기계발 과학 교양 도서 비치 도서 최대 주간 대여 예약 없다 차례 연장 반납 라운지 무인 반납 희망 도서 신청 매월 마지막 접수 선정 결과 다음 게시판 공지 분실 훼손 발생 운영 담당자 줄다 세부 안내 업무 일정 장소 운영 상황 일부 변경 표시 담당자 연락처 회사 업무 문의 채널 최신 공지 배포 자료 사내 게시판 공식 자료 실의 버전 줄다 번호 hb 사내 일자 작성자 사업 경기도 화성시 사다 회사 전화 업무 이메일 ha 구분 복지 안내 일정 예정 장소 본사 회의실 a 직원 사전 등록 방문자 문의 ha
normal_lhs_024.txt,0,제목 사내 동호회 신규 회원 모집 수신 직원 여러분 발신 업무 주요 하반기 사내 동호회 신규 회원 모집 모집 분야 러닝 사진 독서 보드게임 배드민턴 초보자 자유롭다 참여 정기 활동 퇴근 주말 진행 참가 모임 장소 동호회 공지 활동 사진 참여자 동의 사내 게시판 게시 가입 원하다 직원 사내 문화 게시판 신청 양식 줄다 담당 ha 변경 발생 동일하다 채널 통해 안내 일정 변경 공지 게시판 수정 먼저 게시
normal_psw_040.txt,0,제목 사내 뉴스레터 원고 모집 수신 직원 여러분 발신 안녕하다 아래 다음 사내 뉴스레터 실리다 원고 모집 주제 협업 사례 취미 소개 지역 맛집 추천 봉사활동 후기 자유롭다 선택 업무 비공개 정보 고객 정보 포함 접수 사진 첨부 촬영 대상자 게시 동의 줄다 선정 원고 편집 과정 맞춤법 분량 일부 조정 원고 제출 공용 메일 보내다 담당 ha 원활하다 운영 직원 여러분 협조 부탁드리다 안내 특정 개인 사적 연락처 식별 번호 요구
normal_mky_113.docx,0,hanbit semiconductor corporate document 사내 사진 공모전 안내 개요 사내 사진 공모전 개최 주제 일상 협업 계절 풍경 지역 활동 직원 누구 참여 출품 작다 본인 직접 촬영 사진 얼굴 식별 게시 동의 수상작 사내 로비 전시 뉴스레터 소개 예정 접수 마감 이미지 파일 간단하다 설명 제출 줄다 심사 구성 주제 적합 표현 진행 세부 안내 업무 일정 장소 운영 상황 일부 변경 표시 담당자 연락처 회사 업무 문의 채널 최신 공지 배포 자료 사내 게시판 공식 자료 실의 버전 줄다 번호 hb 브랜 일자 작성자 사업 경기도 화성시 사다 회사 전화 업무 이메일 ji 구분 행사 안내 일정 예정 장소 사업 안전교육 직원 사전 등록 방문자 문의 ji
normal_mky_080.txt,0,제목 사내 뉴스레터 원고 모집 수신 직원 여러분 발신 아래 일정 방법 시기 바라다 다음 사내 뉴스레터 실리다 원고 모집 주제 협업 사례 취미 소개 지역 맛집 추천 봉사활동 후기 자유롭다 선택 업무 비공개 정보 고객 정보 포함 접수 사진 첨부 촬영 대상자 게시 동의 줄다 선정 원고 편집 과정 맞춤법 분량 일부 조정 원고 제출 공용 메일 보내다 담당 ha 질문 아래 담당자 이메일 보내다 답변 안내 특정 개인 사적 연락처 식별 번호 요구
normal_yke_088.txt,0,제목 지역 환경 정화 봉사 안내 수신 직원 여러분 발신 협의 공지 지역 환경 정화 봉사활동 참가자 모집 활동 장소 사업 인근 공원 하천 산책로 쓰레기 수거 안내 표지 정비 진행 회사 장갑 집게 봉투 제공 참가자 편하다 복장 개인 준비 우천 일정 다음 주로 연기 봉사 필요하다 직원 활동 종료 운영 담당자 신청 줄다 가족 동반 여부 집결 참가 신청 페이지 담당 yu 문의 담당자 업무 연락 줄다 본문 기재 연락처 회사 업무 문의 채널
normal_sjh_129.pdf,0,hanbit semiconductor 사내 업무 자료 hanbit semiconductor corporate document 방문객 출입 절차 안내 번호 hb 총무 일자 작성자 사업 경기도 화성시 사다 회사 전화 업무 이메일 da 개요 외부 방문객 원활하다 출입 기본 절차 방문객 정문 안내 데스크 예약 정보 방문 수령 담당자 이동해 촬영 가능하다 구역 홍보 지정 포토 제한 생산 시설 출입 별도 승인 필요하다 방문 종료 출입 반드시 반납 줄다 단체 방문 인원 방문 하루 명단 제출 제출 정보 출입 관리 목적 한해 사용 세부 안내 구분 방문 안내 일정 예정 장소 본사 지하 식당 직원 사전 등록 방문자 문의 da 업무 일정 장소 운영 상황 일부 변경 표시 담당자 연락처 회사 업무 문의 채널 최신 공지 배포 자료 사내 게시판 공식 자료 실의 버전 줄다
normal_sjh_120.docx,0,hanbit semiconductor corporate document 사내 뉴스레터 원고 모집 개요 다음 사내 뉴스레터 실리다 원고 모집 주제 협업 사례 취미 소개 지역 맛집 추천 봉사활동 후기 자유롭다 선택 업무 비공개 정보 고객 정보 포함 접수 사진 첨부 촬영 대상자 게시 동의 줄다 선정 원고 편집 과정 맞춤법 분량 일부 조정 원고 제출 공용 메일 보내다 세부 안내 업무 일정 장소 운영 상황 일부 변경 표시 담당자 연락처 회사 업무 문의 채널 최신 공지 배포 자료 사내 게시판 공식 자료 실의 버전 줄다 번호 hb 홍보 일자 작성자 사업 경기도 화성시 사다 회사 전화 업무 이메일 ha 구분 홍보 안내 일정 예정 장소 본사 세미나 직원 사전 등록 방문자 문의 강하 ha
normal_yhj_104.txt,0,제목 사내 동호회 신규 회원 모집 수신 직원 여러분 발신 아래 일정 방법 시기 바라다 하반기 사내 동호회 신규 회원 모집 모집 분야 러닝 사진 독서 보드게임 배드민턴 초보자 자유롭다 참여 정기 활동 퇴근 주말 진행 참가 모임 장소 동호회 공지 활동 사진 참여자 동의 사내 게시판 게시 가입 원하다 직원 사내 문화 게시판 신청 양식 줄다 담당 ha 세부 일정 사내 게시판 최신 공지 줄다 일정 변경 공지 게시판 수정 먼저 게시
normal_yke_068.txt,0,제목 지역 환경 정화 봉사 안내 수신 직원 여러분 발신 협의 공지 지역 환경 정화 봉사활동 참가자 모집 활동 장소 사업 인근 공원 하천 산책로 쓰레기 수거 안내 표지 정비 진행 회사 장갑 집게 봉투 제공 참가자 편하다 복장 개인 준비 우천 일정 다음 주로 연기 봉사 필요하다 직원 활동 종료 운영 담당자 신청 줄다 가족 동반 여부 집결 참가 신청 페이지 담당 yu 원활하다 운영 직원 여러분 협조 부탁드리다 본문 기재 연락처 회사 업무 문의 채널
normal_sjh_100.txt,0,제목 사내 뉴스레터 원고 모집 수신 직원 여러분 발신 안내 사내 운영 편의 다음 사내 뉴스레터 실리다 원고 모집 주제 협업 사례 취미 소개 지역 맛집 추천 봉사활동 후기 자유롭다 선택 업무 비공개 정보 고객 정보 포함 접수 사진 첨부 촬영 대상자 게시 동의 줄다 선정 원고 편집 과정 맞춤법 분량 일부 조정 원고 제출 공용 메일 보내다 담당 ha 질문 아래 담당자 이메일 보내다 답변 안내 특정 개인 사적 연락처 식별 번호 요구
normal_yke_036.txt,0,제목 안전 보호 착용 교육 안내 수신 직원 여러분 발신 안내 사내 운영 편의 사업 안전 정기 교육 실시 교육 보호 안경 안전 방진 기본 보호 구의 착용 방법 비상 상황 대피 절차 설명 교육 산업 안전 공개 사내 공통 안전 지침 바탕 구성 현장 작업 지정 교육 차수 선택 참석 교육장 입실 출석 진행 실습 보호 현장 제공 하므다 별도 준비물 없다 담당 se 원활하다 운영 직원 여러분 협조 부탁드리다 참석 여부 각자 업무 일정 맞다 줄다
normal_syr_016.txt,0,제목 안전 보호 착용 교육 안내 수신 직원 여러분 발신 업무 주요 사업 안전 정기 교육 실시 교육 보호 안경 안전 방진 기본 보호 구의 착용 방법 비상 상황 대피 절차 설명 교육 산업 안전 공개 사내 공통 안전 지침 바탕 구성 현장 작업 지정 교육 차수 선택 참석 교육장 입실 출석 진행 실습 보호 현장 제공 하므다 별도 준비물 없다 담당 se 원활하다 운영 직원 여러분 협조 부탁드리다 참석 여부 각자 업무 일정 맞다 줄다
normal_syr_114.docx,0,hanbit semiconductor corporate document 분리 배출 변경 안내 개요 사업 분리 배출 일부 변경 종이컵 내용물 비운 전용 수거 넣다 플라스틱 용기 라벨 물질 제거 배출 줄다 건전지 소형 전자기기 복도 설치 별도 수거 일반 쓰레기통 전자부품 배터리 버리다 주의 줄다 환경부 공개 분리 배출 지침 세부 예시 사내 게시판 안내 이미지 줄다 세부 안내 업무 일정 장소 운영 상황 일부 변경 표시 담당자 연락처 회사 업무 문의 채널 최신 공지 배포 자료 사내 게시판 공식 자료 실의 버전 줄다 번호 hb es 일자 작성자 사업 경기도 화성시 사다 회사 전화 업무 이메일 ye 구분 환경 안내 일정 예정 장소 r d 센터 공개 직원 사전 등록 방문자 문의 ye
edge_normal_mso_142.docx,0,hanbit semiconductor corporate document 설비 점검 체크 리스트 예시 개요 안전교육 사용 설비 점검 체크 리스트 예시 장비 점검 항목 이상 유무 형식 포함 실제 생산 장비 교육 장비 a b 표기 공정 조건 유지 보수 이력 사용 점검 항목 비상 정지 버튼 작동 여부 주변 통로 확보 경고표지 부착 여부 일반 안전 실습 참가자 예시 체크 리스트 방법 익히다 실제 생산 설비 정보 별도 열람 세부 안내 업무 일정 장소 운영 상황 일부 변경 표시 담당자 연락처 회사 업무 문의 채널 최신 공지 배포 자료 사내 게시판 공식 자료 실의 버전 줄다 자료 출처 사용 범위 본문 예시 설명 교육 가상 공개 자료 바탕 실제 생산 조건 개인 인사 기록 고객 계약 정보 담다 번호 hb 안전 일자 작성자 사업 경기도 화성시 사다 회사 전화 업무 이메일 se 구분 안전 안내 일정 예정 장소 본사 회의실 a 직원 사전 등록 방문자 문의 se
edge_normal_mto_137.txt,0,업무 메모 번호 hb ir 작성자 공개 재무 실적 설명 자료 투자자 문의 대응 공식 발표 완료 연간 실적 설명 참고자료 매출 영업 이익 재무 용어 수치 포함 모두 회사 공식 보도자료 홈페이지 통해 대외 공개 숫자 사용 다음 분기 전망 미확정 계약 내부 목표 치다 포함 발표 일과 공개 자료 제목 적다 수치 공개 여부 외부 설명 홈페이지 faq 동일하다 범위 사용 예정 자료 사내 게시판 회사 공식 홈페이지 게시 최신 버전 사용 줄다 문의 ta 양식 필요하다 공용 자료 최신 서식 사용
edge_normal_osr_150.pdf,0,hanbit semiconductor 사내 업무 자료 hanbit semiconductor corporate document 공정 레시피 용어 설명 자료 번호 hb 기술 일자 작성자 사업 경기도 화성시 사다 회사 전화 업무 이메일 se 개요 제조 공정 소개 체험 해설 교육 자료 레시피 recipe 장비 처리 순서 조건 설정 일반 정의 등장 실제 장비 온도 압력 가스 유량 기재 예시 모두 교과서 수준 개념 설명 구성 특정 생산 라인 식별 정보 포함 방문객 질문 공개 설명 자료 사용 회사 홍보 세부 안내 구분 기술 안내 일정 예정 장소 본사 직원 사전 등록 방문자 문의 se 업무 일정 장소 운영 상황 일부 변경 표시 담당자 연락처 회사 업무 문의 채널 최신 공지 배포 자료 사내 게시판 공식 자료 실의 버전 줄다 자료 출처 사용 범위 본문 예시 설명 교육 가상 공개 자료 바탕 실제 생산 조건 개인 인사 기록 고객 계약 정보 담다
edge_normal_dyj_141.docx,0,hanbit semiconductor corporate document 인사 평가 제도 공개 설명 자료 개요 사내 구성원 인사 평가 제도 크다 안내 설명 자료 성과 평가 역량 평가 피드백 용어 나오다 특정 직원 등급 점수 승진 후보 연봉 정액 포함 평가 일정 일반 절차 직원 공지 설명 개인 결과 본인 권한 관리자 원칙 제도 이해 돕기 공통 교육 자료 사용 개별 인사 기록 포함 세부 안내 업무 일정 장소 운영 상황 일부 변경 표시 담당자 연락처 회사 업무 문의 채널 최신 공지 배포 자료 사내 게시판 공식 자료 실의 버전 줄다 자료 출처 사용 범위 본문 예시 설명 교육 가상 공개 자료 바탕 실제 생산 조건 개인 인사 기록 고객 계약 정보 담다 번호 hb 인재 일자 작성자 사업 경기도 화성시 사다 회사 전화 업무 이메일 yo 구분 인사 안내 일정 예정 장소 캠퍼스 교육 직원 사전 등록 방문자 문의 yo
edge_normal_bsy_136.txt,0,제목 회의 공개 행사 준비 수신 직원 여러분 발신 협의 공지 체험 행사 준비 회의 결과 회의 참석자 행사 배너 위치 공개 브로 수량 안내 인력 배치 방문객 동선 질의 응답 순서 논의 형식 일반 사내 회의 연구개발 일정 생산 수치 고객 계약 직원 평가 민감하다 다루다 발표 자료 회사 홈페이지 공개 소개 자료 재사용 사진 촬영 가능 구역 현장 명확하다 표시 결정 담당 se 문의 담당자 업무 연락 줄다 참석 여부 각자 업무 일정 맞다 줄다
edge_normal_jde_149.pdf,0,hanbit semiconductor 사내 업무 자료 hanbit semiconductor corporate document 평균 연봉 통계 인용 세미나 메모 번호 hb 인재 일자 작성자 사업 경기도 화성시 사다 회사 전화 업무 이메일 da 개요 채용 시장 이해 세미나 공개 통계 설명 진행 메모 발표 정부 고용 통계 공개 채용 보고서 제시 산업 평균 임금 범위 예시 소개 특정 직원 연봉 성과급 인사 평가 결과 다루다 회사 내부 급여 사용 참석자 숫자 출처 발표 화면 공개 보고서 명과 연도 표시 자료 취업 준비 외부 행사 사용 일반 정보 세부 안내 구분 교육 안내 일정 예정 장소 본사 지하 식당 직원 사전 등록 방문자 문의 da 업무 일정 장소 운영 상황 일부 변경 표시 담당자 연락처 회사 업무 문의 채널 최신 공지 배포 자료 사내 게시판 공식 자료 실의 버전 줄다 자료 출처 사용 범위 본문 예시 설명 교육 가상 공개 자료 바탕 실제 생산 조건 개인 인사 기록 고객 계약 정보 담다
edge_normal_jsh_147.pdf,0,hanbit semiconductor 사내 업무 자료 hanbit semiconductor corporate document api 형식 예시 개발자 교육 번호 hb 정보 일자 작성자 사업 경기도 화성시 사다 회사 전화 업무 이메일 si 개요 개발자 보안 교육 비밀 정보 코드 직접 넣다 방법 설명 자료 api key token password 단어 등장 예시 demo key do not use 처럼 실제 인증 사용 없다 문자열 사용 환경변수 비밀 관리 도구 활용 일반 원칙 설명 실제 시스템 주소 계정은 포함 실습 장소 외부 공개 샘플 코드 구성 교육 참가자 안전하다 세부 안내 구분 개발 교육 안내 일정 예정 장소 온라인 teams 회의실 직원 사전 등록 방문자 문의 si 업무 일정 장소 운영 상황 일부 변경 표시 담당자 연락처 회사 업무 문의 채널 최신 공지 배포 자료 사내 게시판 공식 자료 실의 버전 줄다 자료 출처 사용 범위 본문 예시 설명 교육 가상 공개 자료 바탕 실제 생산 조건 개인 인사 기록 고객 계약 정보 담다
edge_normal_gmj_135.txt,0,from mi to date subject 가격 할인 사례 고객 응대 교육 안녕하다 고객 상담 교육 할인 문의 방법 연습 예제 교육 상황 정가 사은 행사 기간 할인 가상 사례 등장 실제 제품 공급 가격 고객 사별 asp 협상 가능하다 할인 한도 포함 상담 공개 프로모션 조건 안내 별도 계약 조건 대한 문의 담당 전달 교육 예제 회사 명과 상품 모두 훈련 필요하다 메일 회신 줄다 감사하다 경기도 화성시 사다 대표 안내 특정 개인 사적 연락처 식별 번호 요구
edge_normal_rjh_133.txt,0,업무 메모 번호 hb 기술 작성자 공개 특허 소개 자료 공개 특허 일반인 설명 소개 자료 특허 번호 발명 명칭 공개 공보 실리다 바탕 기술 배경 쉬다 풀다 설명 출원 발명 아이디어 연구 일정 실험 데이터 포함 특허 원문 누구 특허 정보 검색 서비스 공개 범위 넘다 기술 세부 제공 기술 전시회 홍보 부스 배포 자료 자료 사내 게시판 회사 공식 홈페이지 게시 최신 버전 사용 줄다 문의 ji 본문 기재 연락처 회사 업무 문의 채널
edge_normal_bhe_132.txt,0,제목 보안사 대응 모의 훈련 안내 수신 직원 여러분 발신 협의 공지 직원 피싱 메일 악성 첨부파일 구분 보안 모의 훈련 진행 물다 공격 자주 사용 표현 신고 절차 예시 등장 실제 계정 비밀번호 api 내부 ip 주소 포함 훈련 링크 실제 서비스 연결 예제 주소 사용 의심 메일 링크 열다 신고 버튼 절차 익히다 목적 결과 개인 처벌 아니다 교육 개선 활용 담당 ha 질문 아래 담당자 이메일 보내다 답변 양식 필요하다 공용 자료 최신 서식 사용
edge_normal_sgy_138.txt,0,사내 안내 불량 계산 실습 일자 담당자 안내 품질 관리 기초 교육 실습 가상 생산 라인 검사 불량 발견 예시 사용 불량 계산 구성 불량 검사 수량 공정 표현 포함 실제 제품 설비 번호 검사 결과 관계 없다 학습 정답 풀이 기본 백분율 계산 다루다 사내 제조 경쟁력 품질 수준 추정 실제 데이터 포함 의처 업무 이메일 ga 회사 전화 본문 기재 연락처 회사 업무 문의 채널
edge_normal_hyj_148.pdf,0,hanbit semiconductor 사내 업무 자료 hanbit semiconductor corporate document 개념 교육 자료 번호 hb 품질 일자 작성자 사업 경기도 화성시 사다 회사 전화 업무 이메일 yu 개요 신입 엔지니어 공개 기초 교육 제조 yield 개념 설명 자료 투입 제품 가운데 정상 제품 차지 비율 일반 의미 소개 예제 계산 정상 학습 가상 사용 실제 라인 결함 설비 조건 포함 자료 설명 대학 교재 공개 기술 자료 수준 구성 외부 공개 세미나 동일하다 사용 세부 안내 구분 교육 안내 일정 예정 장소 캠퍼스 운동장 직원 사전 등록 방문자 문의 yu 업무 일정 장소 운영 상황 일부 변경 표시 담당자 연락처 회사 업무 문의 채널 최신 공지 배포 자료 사내 게시판 공식 자료 실의 버전 줄다 자료 출처 사용 범위 본문 예시 설명 교육 가상 공개 자료 바탕 실제 생산 조건 개인 인사 기록 고객 계약 정보 담다
edge_normal_sja_143.docx,0,hanbit semiconductor corporate document 공개 단어 포함 보안 교육 퀴즈 개요 보안 인식 교육 퀴즈 문항 검토 자료 예시 문장 공개 실적 외부 메신저 보내다 고객 계약서 승인 반출 표현 금지 사례 설명 교육 구일 실제 공개 실적 고객 계약 조건 포함 정답 정보 공개 여부 업무 필요성 승인 채널 사용 일반 원칙 구성 교육 포털 공개 공통 콘텐츠 세부 안내 업무 일정 장소 운영 상황 일부 변경 표시 담당자 연락처 회사 업무 문의 채널 최신 공지 배포 자료 사내 게시판 공식 자료 실의 버전 줄다 자료 출처 사용 범위 본문 예시 설명 교육 가상 공개 자료 바탕 실제 생산 조건 개인 인사 기록 고객 계약 정보 담다 번호 hb 정보 일자 작성자 서다 사업 경기도 화성시 사다 회사 전화 업무 이메일 ji 구분 보안 안내 일정 예정 장소 사업 안전교육 직원 사전 등록 방문자 문의 지안 ji
edge_normal_ldk_131.txt,0,from do to date subject 제품 원가 개념 교육 메모 안녕하다 전공자 재무 기초 교육 원가 구성요소 설명 자료 재료 노무 경비 일반 항목 예제 회사 가상 수치 사용 계산 방법 보여주다 실제 제품 웨이퍼 단가 정비 목표 원가 마진 정보 포함 교육 예시 제품 a 재료 가공비 단순하다 학습 숫자 구성 외부 교육 교재 사용 수준 필요하다 메일 회신 줄다 감사하다 경기도 화성시 사다 대표 참석 여부 각자 업무 일정 맞다 줄다
edge_normal_khl_140.txt,0,제목 hbm 공개 사양 비교 수신 직원 여러분 발신 안녕하다 아래 고객 홈페이지 공개 사양 한눈 보기 제품군 비교 hbm 대역폭 용량 인터페이스 기술 용어 포함 공식 브로 공개 정보 사용 차기 제품 개발 코드명 출시 목표 성능 고객 샘플 일정 적지 하단 최신 사양 공식 홈페이지 안내 넣다 영업 사원 외부 전시회 활용 제작 담당 ha 문의 담당자 업무 연락 줄다 안내 특정 개인 사적 연락처 식별 번호 요구
edge_normal_klo_145.docx,0,hanbit semiconductor corporate document 공개 공급망 esg 요약 개요 협력 사오다 홈페이지 이용자 공개 공급망 esg 행동 규범 요약 공급망 협력 평가 표현 등장 특정 협력 사의 점수 거래 금액 계약 유지 여부 포함 환경 인권 안전 윤리 분야 지키다 기본 원칙 공개 신고 채널 설명 원문 회사 지속 가능 경영 페이지 게시 누구 열람 역시 외부 설명 배포 공개 범위 세부 안내 업무 일정 장소 운영 상황 일부 변경 표시 담당자 연락처 회사 업무 문의 채널 최신 공지 배포 자료 사내 게시판 공식 자료 실의 버전 줄다 자료 출처 사용 범위 본문 예시 설명 교육 가상 공개 자료 바탕 실제 생산 조건 개인 인사 기록 고객 계약 정보 담다 번호 hb es 일자 작성자 사업 경기도 화성시 사다 회사 전화 업무 이메일 구분 esg 안내 일정 예정 장소 사내 카페테리아 직원 사전 등록 방문자 문의
edge_normal_pec_146.pdf,0,hanbit semiconductor 사내 업무 자료 hanbit semiconductor corporate document 보도자료 교육 예시 번호 hb 홍보 일자 작성자 사업 경기도 화성시 사다 회사 전화 업무 이메일 eu 개요 홍보 담당자 교육 보도자료 예시 제목 인용문 매출 출시일 표현 포함 실제 발표 처럼 수치 제품 모두 교육 가상 사례 예시 가상 제품 z 판매 처럼 단순하다 문장 구조 보여주다 실제 실적 향후 발표 계획 관계 없다 참가자 제목 성법 절차 연습 실제 보도자료 배포 승인 절차 거치다 학습 세부 안내 구분 교육 안내 일정 예정 장소 본사 로비 안내 데스크 직원 사전 등록 방문자 문의 eu 업무 일정 장소 운영 상황 일부 변경 표시 담당자 연락처 회사 업무 문의 채널 최신 공지 배포 자료 사내 게시판 공식 자료 실의 버전 줄다 자료 출처 사용 범위 본문 예시 설명 교육 가상 공개 자료 바탕 실제 생산 조건 개인 인사 기록 고객 계약 정보 담다
edge_normal_syr_134.txt,0,사내 안내 생산 용어 포함 산업 통계 요약 일자 담당자 안내 산업 동향 설명 공개 국가 통계 산업 협회 자료 요약 월별 생산량 추다 하량 표현 등장 모두 국내 산업 전체 발표 통계 내부 생산 계획 제품 물량 숫자 공개 자료 출처 표시 투자자 공개 세미나 배경 자료 사용 회사 공개 실적 망치 포함 의처 업무 이메일 ye 회사 전화 일정 변경 공지 게시판 수정 먼저 게시
edge_normal_jwb_139.txt,0,from wo to date subject 협력 보안 공개 물다 안녕하다 외부 협력 방문자 배포 기본 보안 물다 기밀 반출 금지 비밀번호 단어 등장 누구 공개 가능하다 일반 행동 방문 빌리다 허가 구역 촬영 업무 종료 임시 출입 반납 시스템 계정 내부 네트워크 구성 실제 보안정책 예외 조건 포함 물다 방문 등록 페이지 동일하다 제공 필요하다 메일 회신 줄다 감사하다 경기도 화성시 사다 대표 일정 변경 공지 게시판 수정 먼저 게시
edge_normal_yhj_144.docx,0,hanbit semiconductor corporate document 전략 표현 포함 공개 캠페인 계획 개요 브랜드 캠페인 공개 운영 방향 제목 전략 단어 포함 대외 발표 슬로건 행사 일정 공식 sns 채널 운영 원칙 수준 광고 집행 단가 미계 매체 협상 조건 출시 제품 정보 포함 캠페인 참여 방법 해시태그 홈페이지 공개 동일하다 지역 대학 일반 시민 참여 공개 행사 안내 자료 사용 세부 안내 업무 일정 장소 운영 상황 일부 변경 표시 담당자 연락처 회사 업무 문의 채널 최신 공지 배포 자료 사내 게시판 공식 자료 실의 버전 줄다 자료 출처 사용 범위 본문 예시 설명 교육 가상 공개 자료 바탕 실제 생산 조건 개인 인사 기록 고객 계약 정보 담다 번호 hb 브랜 일자 작성자 사업 경기도 화성시 사다 회사 전화 업무 이메일 ha 구분 홍보 안내 일정 예정 장소 r d 센터 공개 직원 사전 등록 방문자 문의 ha
hanbit_doc_001.txt,0,사내 교육 운영 점검 hanbit semiconductor 구동 회의실 사내 교육 운영 점검 운영 점검 현장 자주 질문 나오다 부분 실제 흐름 따라가다 안내 문구 자연스럽다 검토 과정 참여 조직 안내 혼동 표현 표시 신규 입사 보안 안전 교육 좌석 배치 교재 배부 절차 조정 변경 공용 게시판 내부 안내 화면 동일하다 반영 변경 문의 반복 항목 모으다 이용자 의견 가운데 단순 선호 실제 불편 구분 교육 참석자 동선 강의실 사용 다음 검토 담당 조직 형식 결과 비교 가능하다 맞추다 항목 안내 문구 표현 통일 완료 현장 반응 동선 주요 구간 점검 혼잡 공용 자료 최신 반영 중복 게시
hanbit_doc_025.txt,0,주차 구역 안내 정비 hanbit semiconductor 구동 회의실 주차 구역 안내 정비 운영 점검 현장 자주 질문 나오다 부분 지다 실제 흐름 따라가다 안내 문구 자연스럽다 검토 과정 참여 조직 안내 혼동 표현 표시 방문 차량 직원 차량 이동 동선 겹치 주차 안내 표지 배치 윤는 변경 공용 게시판 내부 안내 화면 동일하다 반영 변경 문의 반복 항목 모으다 이용자 의견 가운데 단순 선호 실제 불편 구분 오전 혼잡 진입 동선 차례 다음 검토 담당 조직 형식 결과 비교 가능하다 맞추다 항목 안내 문구 표현 통일 완료 현장 반응 동선 주요 구간 점검 혼잡 공용 자료 최신 반영 중복 게시
hanbit_doc_005.txt,0,사내 동호회 행사 준비 hanbit semiconductor 구동 회의실 사내 동호회 행사 준비 운영 점검 현장 자주 질문 나오다 부분 지다 실제 흐름 따라가다 안내 문구 자연스럽다 검토 과정 참여 조직 안내 혼동 표현 표시 사내 체육 동호회 공용 강당 사용 장비 대여 행사 조율 변경 공용 게시판 내부 안내 화면 동일하다 반영 변경 문의 반복 항목 모으다 이용자 의견 가운데 단순 선호 실제 불편 구분 행사 종료 공용 장비 반납 상태 다음 검토 담당 조직 형식 결과 비교 가능하다 맞추다 항목 안내 문구 표현 통일 완료 현장 반응 동선 주요 구간 점검 혼잡 공용 자료 최신 반영 중복 게시
hanbit_doc_022.txt,0,업무 메신저 가이드 hanbit semiconductor 서관 프로젝트 업무 메신저 가이드 운영 점검 현장 자주 질문 나오다 부분 실제 흐름 따라가다 안내 문구 자연스럽다 검토 과정 연도 참여 조직 안내 혼동 표현 표시 신규 기능 추가 업무 메신저 기본 용법 알림 설정 방법 변경 공용 게시판 내부 안내 화면 동일하다 반영 변경 문의 반복 항목 모으다 이용자 의견 가운데 단순 선호 실제 불편 구분 자주 묻다 질문 취합해 가이드 보완 참석자 기존 일정 후속 진행 별도 회의 추가 항목 안내 문구 표현 통일 완료 현장 반응 동선 주요 구간 점검 혼잡 공용 자료 최신 반영 중복 게시
hanbit_doc_014.txt,0,주차 구역 안내 정비 hanbit semiconductor 서관 프로젝트 주차 구역 안내 정비 운영 점검 현장 자주 질문 나오다 부분 실제 흐름 따라가다 안내 문구 자연스럽다 검토 과정 참여 조직 안내 혼동 표현 표시 방문 차량 직원 차량 이동 동선 겹치 주차 안내 표지 배치 윤는 변경 공용 게시판 내부 안내 화면 동일하다 반영 변경 문의 반복 항목 모으다 이용자 의견 가운데 단순 선호 실제 불편 구분 오전 혼잡 진입 동선 차례 참석자 기존 일정 후속 진행 별도 회의 추가 항목 안내 문구 표현 통일 완료 현장 반응 동선 주요 구간 점검 혼잡 공용 자료 최신 반영 중복 게시
hanbit_doc_009.docx,0,방문객 출입 안내 hanbit semiconductor 방문객 출입 안내 운영 점검 현장 자주 질문 나오다 부분 실제 흐름 따라가다 안내 문구 자연스럽다 검토 과정 참여 조직 안내 혼동 표현 표시 외부 방문객 로비 헤매다 회의실 이동 안내 출입 절차 변경 공용 게시판 내부 안내 화면 동일하다 반영 변경 문의 반복 항목 모으다 이용자 의견 가운데 단순 선호 실제 불편 구분 안내 데스크 자주 묻다 추가 다음 검토 담당 조직 형식 결과 비교 가능하다 맞추다 항목 검토 장소 구동 회의실 범위 업무 운영 자료 항목 현재 상태 다음 조치 안내 문구 표현 통일 완료 현장 반응 동선 주요 구간 점검 혼잡 공용 자료 최신 반영 중복 게시
hanbit_doc_013.txt,0,공용 회의실 운영 개선 hanbit semiconductor 구동 회의실 공용 회의실 운영 개선 운영 점검 현장 자주 질문 나오다 부분 실제 흐름 따라가다 안내 문구 자연스럽다 검토 과정 참여 조직 안내 혼동 표현 표시 본관 회의실 예약 특정 시간대 몰리다 줄이다 예약 단위 변경 공용 게시판 내부 안내 화면 동일하다 반영 변경 문의 반복 항목 모으다 이용자 의견 가운데 단순 선호 실제 불편 구분 반복 예약 현황 사용 안내 문구 보완 다음 검토 담당 조직 형식 결과 비교 가능하다 맞추다 항목 안내 문구 표현 통일 완료 현장 반응 동선 주요 구간 점검 혼잡 공용 자료 최신 반영 중복 게시
hanbit_doc_011.txt,0,업무 메신저 가이드 hanbit semiconductor 본관 회의실 업무 메신저 가이드 운영 점검 현장 자주 질문 나오다 부분 실제 흐름 따라가다 안내 문구 자연스럽다 검토 과정 참여 조직 안내 혼동 표현 표시 신규 기능 추가 업무 메신저 기본 용법 알림 설정 방법 지다 변경 공용 게시판 내부 안내 화면 동일하다 반영 변경 문의 반복 항목 모으다 이용자 의견 가운데 단순 선호 실제 불편 구분 자주 묻다 질문 취합해 가이드 보완 자료 업무 필요하다 구성원 끼리 검토 다음 운영 회의 진행 상황 공유 항목 안내 문구 표현 통일 완료 현장 반응 동선 주요 구간 점검 혼잡 공용 자료 최신 반영 중복 게시
hanbit_doc_019.docx,0,사내 캠페인 운영 hanbit semiconductor 사내 캠페인 운영 운영 점검 현장 자주 질문 나오다 부분 실제 흐름 따라가다 안내 문구 자연스럽다 검토 과정 진도 참여 조직 안내 혼동 표현 표시 에너지 절감 캠페인 참여 높이다 층별 안내 문구 게시 위치 통일 남도현 변경 공용 게시판 내부 안내 화면 동일하다 반영 변경 문의 반복 항목 모으다 이용자 의견 가운데 단순 선호 실제 불편 구분 다음 참여 현황 안내 방식 조정 자료 업무 필요하다 구성원 끼리 검토 다음 운영 회의 진행 상황 공유 항목 검토 장소 본관 회의실 범위 업무 운영 자료 항목 현재 상태 다음 조치 안내 문구 표현 통일 완료 현장 반응 동선 주요 구간 점검 혼잡 공용 자료 최신 반영 중복 게시
hanbit_doc_018.txt,0,공용 장비 예약 절차 개선 hanbit semiconductor 서관 프로젝트 공용 장비 예약 절차 개선 운영 점검 현장 자주 질문 나오다 부분 실제 흐름 따라가다 안내 문구 자연스럽다 검토 과정 진도 참여 조직 안내 혼동 표현 표시 공용 촬영 장비 노트북 대여 신청 중복 예약 화면 표시 항목 단순 화하다 변경 공용 게시판 내부 안내 화면 동일하다 반영 변경 문의 반복 항목 모으다 이용자 의견 가운데 단순 선호 실제 불편 구분 예약 취소 반납 표시 정상 참석자 기존 일정 후속 진행 별도 회의 추가 항목 안내 문구 표현 통일 완료 현장 반응 동선 주요 구간 점검 혼잡 공용 자료 최신 반영 중복 게시
hanbit_doc_015.txt,0,구내식당 안내 hanbit semiconductor 본관 회의실 구내식당 안내 운영 점검 현장 자주 질문 나오다 부분 실제 흐름 따라가다 안내 문구 자연스럽다 검토 과정 우도 참여 조직 안내 혼동 표현 표시 점심시간 혼잡 줄이다 배식 대별 대기 동선 나누다 파다 위치 조정 지다 변경 공용 게시판 내부 안내 화면 동일하다 반영 변경 문의 반복 항목 모으다 이용자 의견 가운데 단순 선호 실제 불편 구분 이용자 의견 모으다 다음 파다 위치 확정 자료 업무 필요하다 구성원 끼리 검토 다음 운영 회의 진행 상황 공유 항목 안내 문구 표현 통일 완료 현장 반응 동선 주요 구간 점검 혼잡 공용 자료 최신 반영 중복 게시
hanbit_doc_002.txt,0,공용 회의실 운영 개선 hanbit semiconductor 서관 프로젝트 공용 회의실 운영 개선 운영 점검 현장 자주 질문 나오다 부분 울다 실제 흐름 따라가다 안내 문구 자연스럽다 검토 과정 진도 참여 조직 안내 혼동 표현 표시 본관 회의실 예약 특정 시간대 몰리다 줄이다 예약 단위 변경 공용 게시판 내부 안내 화면 동일하다 반영 변경 문의 반복 항목 모으다 이용자 의견 가운데 단순 선호 실제 불편 구분 반복 예약 현황 사용 안내 문구 보완 참석자 기존 일정 후속 진행 별도 회의 추가 항목 안내 문구 표현 통일 완료 현장 반응 동선 주요 구간 점검 혼잡 공용 자료 최신 반영 중복 게시
hanbit_doc_012.txt,0,사내 교육 운영 점검 hanbit semiconductor 본관 협업 사내 교육 운영 점검 운영 점검 현장 자주 질문 나오다 부분 실제 흐름 따라가다 안내 문구 자연스럽다 검토 과정 참여 조직 안내 혼동 표현 표시 신규 입사 보안 안전 교육 좌석 배치 교재 배부 절차 조정 소연 변경 공용 게시판 내부 안내 화면 동일하다 반영 변경 문의 반복 항목 모으다 이용자 의견 가운데 단순 선호 실제 불편 구분 교육 참석자 동선 강의실 사용 회의 앞서다 결과 공유 불필요하다 원문 배포 항목 안내 문구 표현 통일 완료 현장 반응 동선 주요 구간 점검 혼잡 공용 자료 최신 반영 중복 게시
hanbit_doc_024.txt,0,공용 회의실 운영 개선 hanbit semiconductor 본관 협업 공용 회의실 운영 개선 운영 점검 서다 현장 자주 질문 나오다 부분 실제 흐름 따라가다 안내 문구 자연스럽다 검토 과정 참여 조직 안내 혼동 표현 표시 본관 회의실 예약 특정 시간대 몰리다 줄이다 예약 단위 변경 공용 게시판 내부 안내 화면 동일하다 반영 변경 문의 반복 항목 모으다 이용자 의견 가운데 단순 선호 실제 불편 구분 반복 예약 현황 사용 안내 문구 보완 회의 앞서다 결과 공유 불필요하다 원문 배포 항목 안내 문구 표현 통일 완료 현장 반응 동선 주요 구간 점검 혼잡 공용 자료 최신 반영 중복 게시
hanbit_doc_017.txt,0,공개 채용 설명 준비 hanbit semiconductor 구동 회의실 공개 채용 설명 준비 운영 점검 현장 자주 질문 나오다 부분 실제 흐름 따라가다 안내 문구 자연스럽다 검토 과정 참여 조직 안내 혼동 표현 표시 대학 공개 채용 설명 사용 회사 소개 자료 행사 진행 순서 훈는 변경 공용 게시판 내부 안내 화면 동일하다 반영 변경 문의 반복 항목 모으다 이용자 의견 가운데 단순 선호 실제 불편 구분 발표 자료 공개 가능 범위 마지막 검토 다음 검토 담당 조직 형식 결과 비교 가능하다 맞추다 항목 안내 문구 표현 통일 완료 현장 반응 동선 주요 구간 점검 혼잡 공용 자료 최신 반영 중복 게시
hanbit_doc_020.pdf,0,방문객 출입 안내 hanbit semiconductor 검토 장소 본관 협업 범위 업무 운영 자료 방문객 출입 안내 운영 점검 현장 자주 질문 나오다 부분 실제 흐름 따라가다 안내 문구 자연스럽다 검토 과정 참여 조직 안내 혼동 표현 표시 외부 방문객 로비 헤매다 회의실 이동 안내 출입 절차 이채 변경 공용 게시판 내부 안내 화면 동일하다 반영 변경 문의 반복 항목 모으다 이용자 의견 가운데 단순 선호 실제 불편 구분 안내 데스크 자주 묻다 추가 회의 앞서다 결과 공유 불필요하다 원문 배포 항목 항목 현재 상태 다음 조치 안내 문구 표현 통일 완료 현장 반응 동선 주요 구간 점검 혼잡 공용 자료 최신 반영 중복 게시
hanbit_doc_023.txt,0,사내 교육 운영 점검 hanbit semiconductor 본관 회의실 사내 교육 운영 점검 운영 점검 규은 현장 자주 질문 나오다 부분 안다 실제 흐름 따라가다 안내 문구 자연스럽다 검토 과정 경도 참여 조직 안내 혼동 표현 표시 신규 입사 보안 안전 교육 좌석 배치 교재 배부 절차 조정 서다 윤는 변경 공용 게시판 내부 안내 화면 동일하다 반영 변경 문의 반복 항목 모으다 이용자 의견 가운데 단순 선호 실제 불편 구분 교육 참석자 동선 강의실 사용 자료 업무 필요하다 구성원 끼리 검토 다음 운영 회의 진행 상황 공유 항목 안내 문구 표현 통일 완료 현장 반응 동선 주요 구간 점검 혼잡 공용 자료 최신 반영 중복 게시
hanbit_doc_016.txt,0,사내 동호회 행사 준비 hanbit semiconductor 본관 협업 사내 동호회 행사 준비 운영 점검 현장 자주 질문 나오다 부분 실제 흐름 따라가다 안내 문구 자연스럽다 검토 과정 서다 재도 참여 조직 안내 혼동 표현 표시 사내 체육 동호회 공용 강당 사용 장비 대여 행사 조율 장유진 변경 공용 게시판 내부 안내 화면 동일하다 반영 변경 문의 반복 항목 모으다 이용자 의견 가운데 단순 선호 실제 불편 구분 행사 종료 공용 장비 반납 상태 회의 앞서다 결과 공유 불필요하다 원문 배포 항목 안내 문구 표현 통일 완료 현장 반응 동선 주요 구간 점검 혼잡 공용 자료 최신 반영 중복 게시
hanbit_doc_007.txt,0,공용 장비 예약 절차 개선 hanbit semiconductor 본관 회의실 공용 장비 예약 절차 개선 운영 점검 나은 현장 자주 질문 나오다 부분 실제 흐름 따라가다 안내 문구 자연스럽다 검토 과정 원도 참여 조직 안내 혼동 표현 표시 공용 촬영 장비 노트북 대여 신청 중복 예약 화면 표시 항목 단순 화하다 박지훈 변경 공용 게시판 내부 안내 화면 동일하다 반영 변경 문의 반복 항목 모으다 이용자 의견 가운데 단순 선호 실제 불편 구분 예약 취소 반납 표시 정상 자료 업무 필요하다 구성원 끼리 검토 다음 운영 회의 진행 상황 공유 항목 안내 문구 표현 통일 완료 현장 반응 동선 주요 구간 점검 혼잡 공용 자료 최신 반영 중복 게시
hanbit_doc_004.txt,0,구내식당 안내 hanbit semiconductor 본관 협업 구내식당 안내 운영 점검 호은 현장 자주 질문 나오다 부분 실제 흐름 따라가다 안내 문구 자연스럽다 검토 과정 참여 조직 안내 혼동 표현 표시 점심시간 혼잡 줄이다 배식 대별 대기 동선 나누다 파다 위치 조정 권나연 변경 공용 게시판 내부 안내 화면 동일하다 반영 변경 문의 반복 항목 모으다 이용자 의견 가운데 단순 선호 실제 불편 구분 이용자 의견 모으다 다음 파다 위치 확정 회의 앞서다 결과 공유 불필요하다 원문 배포 항목 안내 문구 표현 통일 완료 현장 반응 동선 주요 구간 점검 혼잡 공용 자료 최신 반영 중복 게시
hanbit_doc_021.txt,0,복지 프로그램 신청 안내 hanbit semiconductor 구동 회의실 복지 프로그램 신청 안내 운영 점검 현장 자주 질문 나오다 부분 훈는 실제 흐름 따라가다 안내 문구 자연스럽다 검토 과정 참여 조직 안내 혼동 표현 표시 사내 건강검진 상담 프로그램 신청 방법 페이지 공지 채널 공유 울다 변경 공용 게시판 내부 안내 화면 동일하다 반영 변경 문의 반복 항목 모으다 이용자 의견 가운데 단순 선호 실제 불편 구분 신청 페이지 접근 경로 점검 다음 검토 담당 조직 형식 결과 비교 가능하다 맞추다 항목 안내 문구 표현 통일 완료 현장 반응 동선 주요 구간 점검 혼잡 공용 자료 최신 반영 중복 게시
hanbit_doc_008.txt,0,사내 캠페인 운영 hanbit semiconductor 본관 협업 사내 캠페인 운영 운영 점검 현장 자주 질문 나오다 부분 실제 흐름 따라가다 안내 문구 자연스럽다 검토 과정 우도 참여 조직 안내 혼동 표현 표시 에너지 절감 캠페인 참여 높이다 층별 안내 문구 게시 위치 통일 윤지민 변경 공용 게시판 내부 안내 화면 동일하다 반영 변경 문의 반복 항목 모으다 이용자 의견 가운데 단순 선호 실제 불편 구분 다음 참여 현황 안내 방식 조정 회의 앞서다 결과 공유 불필요하다 원문 배포 항목 안내 문구 표현 통일 완료 현장 반응 동선 주요 구간 점검 혼잡 공용 자료 최신 반영 중복 게시
hanbit_doc_003.txt,0,주차 구역 안내 정비 hanbit semiconductor 본관 회의실 주차 구역 안내 정비 운영 점검 현장 자주 질문 나오다 부분 서다 재는 실제 흐름 따라가다 안내 문구 자연스럽다 검토 과정 진도 참여 조직 안내 혼동 표현 표시 방문 차량 직원 차량 이동 동선 겹치 주차 안내 표지 배치 변경 공용 게시판 내부 안내 화면 동일하다 반영 변경 문의 반복 항목 모으다 이용자 의견 가운데 단순 선호 실제 불편 구분 오전 혼잡 진입 동선 차례 자료 업무 필요하다 구성원 끼리 검토 다음 운영 회의 진행 상황 공유 항목 안내 문구 표현 통일 완료 현장 반응 동선 주요 구간 점검 혼잡 공용 자료 최신 반영 중복 게시
hanbit_doc_010.pdf,0,공개 행사 자료 편집 hanbit semiconductor 검토 장소 서관 프로젝트 범위 업무 운영 자료 공개 행사 자료 편집 운영 점검 안다 현장 자주 질문 나오다 부분 실제 흐름 따라가다 안내 문구 자연스럽다 검토 과정 서다 참여 조직 안내 혼동 표현 표시 외부 기술 행사 부스 사용 회사 소개 패널 문장 길이 용어 표기 통일 변경 공용 게시판 내부 안내 화면 동일하다 반영 변경 문의 반복 항목 모으다 이용자 의견 가운데 단순 선호 실제 불편 구분 디자인 시안 최종 문구 일치 참석자 기존 일정 후속 진행 별도 회의 추가 항목 항목 현재 상태 다음 조치 안내 문구 표현 통일 완료 현장 반응 동선 주요 구간 점검 혼잡 공용 자료 최신 반영 중복 게시
hanbit_doc_006.txt,0,공개 채용 설명 준비 hanbit semiconductor 서관 프로젝트 공개 채용 설명 준비 운영 점검 호은 현장 자주 질문 나오다 부분 지다 실제 흐름 따라가다 안내 문구 자연스럽다 검토 과정 현도 참여 조직 안내 혼동 표현 표시 대학 공개 채용 설명 사용 회사 소개 자료 행사 진행 순서 변경 공용 게시판 내부 안내 화면 동일하다 반영 변경 문의 반복 항목 모으다 이용자 의견 가운데 단순 선호 실제 불편 구분 발표 자료 공개 가능 범위 마지막 검토 참석자 기존 일정 후속 진행 별도 회의 추가 항목 안내 문구 표현 통일 완료 현장 반응 동선 주요 구간 점검 혼잡 공용 자료 최신 반영 중복 게시
hanbit_doc_055.txt,0,업무 메신저 가이드 hanbit semiconductor 본관 회의실 업무 메신저 가이드 운영 점검 현장 자주 질문 나오다 부분 실제 흐름 따라가다 안내 문구 자연스럽다 검토 과정 우도 참여 조직 안내 혼동 표현 표시 신규 기능 추가 업무 메신저 기본 용법 알림 설정 방법 지다 변경 공용 게시판 내부 안내 화면 동일하다 반영 변경 문의 반복 항목 모으다 이용자 의견 가운데 단순 선호 실제 불편 구분 자주 묻다 질문 취합해 가이드 보완 자료 업무 필요하다 구성원 끼리 검토 다음 운영 회의 진행 상황 공유 항목 안내 문구 표현 통일 완료 현장 반응 동선 주요 구간 점검 혼잡 공용 자료 최신 반영 중복 게시
hanbit_doc_045.txt,0,사내 교육 운영 점검 hanbit semiconductor 구동 회의실 사내 교육 운영 점검 운영 점검 현장 자주 질문 나오다 부분 지다 실제 흐름 따라가다 안내 문구 자연스럽다 검토 과정 참여 조직 안내 혼동 표현 표시 신규 입사 보안 안전 교육 좌석 배치 교재 배부 절차 조정 변경 공용 게시판 내부 안내 화면 동일하다 반영 변경 문의 반복 항목 모으다 이용자 의견 가운데 단순 선호 실제 불편 구분 교육 참석자 동선 강의실 사용 다음 검토 담당 조직 형식 결과 비교 가능하다 맞추다 항목 안내 문구 표현 통일 완료 현장 반응 동선 주요 구간 점검 혼잡 공용 자료 최신 반영 중복 게시
hanbit_doc_028.txt,0,공개 채용 설명 준비 hanbit semiconductor 본관 협업 공개 채용 설명 준비 운영 점검 하은 현장 자주 질문 나오다 부분 윤는 실제 흐름 따라가다 안내 문구 자연스럽다 검토 과정 참여 조직 안내 혼동 표현 표시 대학 공개 채용 설명 사용 회사 소개 자료 행사 진행 순서 울다 변경 공용 게시판 내부 안내 화면 동일하다 반영 변경 문의 반복 항목 모으다 이용자 의견 가운데 단순 선호 실제 불편 구분 발표 자료 공개 가능 범위 마지막 검토 회의 앞서다 결과 공유 불필요하다 원문 배포 항목 안내 문구 표현 통일 완료 현장 반응 동선 주요 구간 점검 혼잡 공용 자료 최신 반영 중복 게시
hanbit_doc_049.docx,0,사내 동호회 행사 준비 hanbit semiconductor 사내 동호회 행사 준비 운영 점검 현장 자주 질문 나오다 부분 실제 흐름 따라가다 안내 문구 자연스럽다 검토 과정 참여 조직 안내 혼동 표현 표시 사내 체육 동호회 공용 강당 사용 장비 대여 행사 조율 변경 공용 게시판 내부 안내 화면 동일하다 반영 변경 문의 반복 항목 모으다 이용자 의견 가운데 단순 선호 실제 불편 구분 행사 종료 공용 장비 반납 상태 다음 검토 담당 조직 형식 결과 비교 가능하다 맞추다 항목 검토 장소 구동 회의실 범위 업무 운영 자료 항목 현재 상태 다음 조치 안내 문구 표현 통일 완료 현장 반응 동선 주요 구간 점검 혼잡 공용 자료 최신 반영 중복 게시
hanbit_doc_035.txt,0,공용 회의실 운영 개선 hanbit semiconductor 본관 회의실 공용 회의실 운영 개선 운영 점검 현장 자주 질문 나오다 부분 울다 실제 흐름 따라가다 안내 문구 자연스럽다 검토 과정 참여 조직 안내 혼동 표현 표시 본관 회의실 예약 특정 시간대 몰리다 줄이다 예약 단위 강서연 변경 공용 게시판 내부 안내 화면 동일하다 반영 변경 문의 반복 항목 모으다 이용자 의견 가운데 단순 선호 실제 불편 구분 반복 예약 현황 사용 안내 문구 보완 자료 업무 필요하다 구성원 끼리 검토 다음 운영 회의 진행 상황 공유 항목 안내 문구 표현 통일 완료 현장 반응 동선 주요 구간 점검 혼잡 공용 자료 최신 반영 중복 게시
hanbit_doc_039.docx,0,공개 채용 설명 준비 hanbit semiconductor 공개 채용 설명 준비 운영 점검 앗다 현장 자주 질문 나오다 부분 윤는 실제 흐름 따라가다 안내 문구 자연스럽다 검토 과정 연도 참여 조직 안내 혼동 표현 표시 대학 공개 채용 설명 사용 회사 소개 자료 행사 진행 순서 변경 공용 게시판 내부 안내 화면 동일하다 반영 변경 문의 반복 항목 모으다 이용자 의견 가운데 단순 선호 실제 불편 구분 발표 자료 공개 가능 범위 마지막 검토 자료 업무 필요하다 구성원 끼리 검토 다음 운영 회의 진행 상황 공유 항목 검토 장소 본관 회의실 범위 업무 운영 자료 항목 현재 상태 다음 조치 안내 문구 표현 통일 완료 현장 반응 동선 주요 구간 점검 혼잡 공용 자료 최신 반영 중복 게시
hanbit_doc_041.txt,0,방문객 출입 안내 hanbit semiconductor 구동 회의실 방문객 출입 안내 운영 점검 현장 자주 질문 나오다 부분 실제 흐름 따라가다 안내 문구 자연스럽다 검토 과정 참여 조직 안내 혼동 표현 표시 외부 방문객 로비 헤매다 회의실 이동 안내 출입 절차 정수민 변경 공용 게시판 내부 안내 화면 동일하다 반영 변경 문의 반복 항목 모으다 이용자 의견 가운데 단순 선호 실제 불편 구분 안내 데스크 자주 묻다 추가 다음 검토 담당 조직 형식 결과 비교 가능하다 맞추다 항목 안내 문구 표현 통일 완료 현장 반응 동선 주요 구간 점검 혼잡 공용 자료 최신 반영 중복 게시
hanbit_doc_038.txt,0,사내 동호회 행사 준비 hanbit semiconductor 서관 프로젝트 사내 동호회 행사 준비 운영 점검 현장 자주 질문 나오다 부분 실제 흐름 따라가다 안내 문구 자연스럽다 검토 과정 진도 참여 조직 안내 혼동 표현 표시 사내 체육 동호회 공용 강당 사용 장비 대여 행사 조율 변경 공용 게시판 내부 안내 화면 동일하다 반영 변경 문의 반복 항목 모으다 이용자 의견 가운데 단순 선호 실제 불편 구분 행사 종료 공용 장비 반납 상태 참석자 기존 일정 후속 진행 별도 회의 추가 항목 안내 문구 표현 통일 완료 현장 반응 동선 주요 구간 점검 혼잡 공용 자료 최신 반영 중복 게시
hanbit_doc_033.txt,0,업무 메신저 가이드 hanbit semiconductor 구동 회의실 업무 메신저 가이드 운영 점검 현장 자주 질문 나오다 부분 실제 흐름 따라가다 안내 문구 자연스럽다 검토 과정 참여 조직 안내 혼동 표현 표시 신규 기능 추가 업무 메신저 기본 용법 알림 설정 방법 변경 공용 게시판 내부 안내 화면 동일하다 반영 변경 문의 반복 항목 모으다 이용자 의견 가운데 단순 선호 실제 불편 구분 자주 묻다 질문 취합해 가이드 보완 다음 검토 담당 조직 형식 결과 비교 가능하다 맞추다 항목 안내 문구 표현 통일 완료 현장 반응 동선 주요 구간 점검 혼잡 공용 자료 최신 반영 중복 게시
hanbit_doc_029.docx,0,공용 장비 예약 절차 개선 hanbit semiconductor 공용 장비 예약 절차 개선 운영 점검 현장 자주 질문 나오다 부분 지다 실제 흐름 따라가다 안내 문구 자연스럽다 검토 과정 참여 조직 안내 혼동 표현 표시 공용 촬영 장비 노트북 대여 신청 중복 예약 화면 표시 항목 단순 화하다 서다 재는 변경 공용 게시판 내부 안내 화면 동일하다 반영 변경 문의 반복 항목 모으다 이용자 의견 가운데 단순 선호 실제 불편 구분 예약 취소 반납 표시 정상 다음 검토 담당 조직 형식 결과 비교 가능하다 맞추다 항목 검토 장소 구동 회의실 범위 업무 운영 자료 항목 현재 상태 다음 조치 안내 문구 표현 통일 완료 현장 반응 동선 주요 구간 점검 혼잡 공용 자료 최신 반영 중복 게시
hanbit_doc_043.txt,0,복지 프로그램 신청 안내 hanbit semiconductor 본관 회의실 복지 프로그램 신청 안내 운영 점검 현장 자주 질문 나오다 부분 서다 재는 실제 흐름 따라가다 안내 문구 자연스럽다 검토 과정 진도 참여 조직 안내 혼동 표현 표시 사내 건강검진 상담 프로그램 신청 방법 페이지 공지 채널 공유 변경 공용 게시판 내부 안내 화면 동일하다 반영 변경 문의 반복 항목 모으다 이용자 의견 가운데 단순 선호 실제 불편 구분 신청 페이지 접근 경로 점검 자료 업무 필요하다 구성원 끼리 검토 다음 운영 회의 진행 상황 공유 항목 안내 문구 표현 통일 완료 현장 반응 동선 주요 구간 점검 혼잡 공용 자료 최신 반영 중복 게시
hanbit_doc_031.txt,0,공개 행사 자료 편집 hanbit semiconductor 본관 회의실 공개 행사 자료 편집 운영 점검 앗다 현장 자주 질문 나오다 부분 훈는 실제 흐름 따라가다 안내 문구 자연스럽다 검토 과정 연도 참여 조직 안내 혼동 표현 표시 외부 기술 행사 부스 사용 회사 소개 패널 문장 길이 용어 표기 통일 신우진 변경 공용 게시판 내부 안내 화면 동일하다 반영 변경 문의 반복 항목 모으다 이용자 의견 가운데 단순 선호 실제 불편 구분 디자인 시안 최종 문구 일치 자료 업무 필요하다 구성원 끼리 검토 다음 운영 회의 진행 상황 공유 항목 안내 문구 표현 통일 완료 현장 반응 동선 주요 구간 점검 혼잡 공용 자료 최신 반영 중복 게시
hanbit_doc_036.txt,0,주차 구역 안내 정비 hanbit semiconductor 본관 협업 주차 구역 안내 정비 운영 점검 현장 자주 질문 나오다 부분 실제 흐름 따라가다 안내 문구 자연스럽다 검토 과정 안도 참여 조직 안내 혼동 표현 표시 방문 차량 직원 차량 이동 동선 겹치 주차 안내 표지 배치 변경 공용 게시판 내부 안내 화면 동일하다 반영 변경 문의 반복 항목 모으다 이용자 의견 가운데 단순 선호 실제 불편 구분 오전 혼잡 진입 동선 차례 회의 앞서다 결과 공유 불필요하다 원문 배포 항목 안내 문구 표현 통일 완료 현장 반응 동선 주요 구간 점검 혼잡 공용 자료 최신 반영 중복 게시
hanbit_doc_030.pdf,0,사내 캠페인 운영 hanbit semiconductor 검토 장소 서관 프로젝트 범위 업무 운영 자료 사내 캠페인 운영 운영 점검 서다 재다 현장 자주 질문 나오다 부분 지다 실제 흐름 따라가다 안내 문구 자연스럽다 검토 과정 호도 참여 조직 안내 혼동 표현 표시 에너지 절감 캠페인 참여 높이다 층별 안내 문구 게시 위치 통일 배수아 변경 공용 게시판 내부 안내 화면 동일하다 반영 변경 문의 반복 항목 모으다 이용자 의견 가운데 단순 선호 실제 불편 구분 다음 참여 현황 안내 방식 조정 참석자 기존 일정 후속 진행 별도 회의 추가 항목 항목 현재 상태 다음 조치 안내 문구 표현 통일 완료 현장 반응 동선 주요 구간 점검 혼잡 공용 자료 최신 반영 중복 게시
hanbit_doc_027.txt,0,사내 동호회 행사 준비 hanbit semiconductor 본관 회의실 사내 동호회 행사 준비 운영 점검 현장 자주 질문 나오다 부분 실제 흐름 따라가다 안내 문구 자연스럽다 검토 과정 참여 조직 안내 혼동 표현 표시 사내 체육 동호회 공용 강당 사용 장비 대여 행사 조율 변경 공용 게시판 내부 안내 화면 동일하다 반영 변경 문의 반복 항목 모으다 이용자 의견 가운데 단순 선호 실제 불편 구분 행사 종료 공용 장비 반납 상태 자료 업무 필요하다 구성원 끼리 검토 다음 운영 회의 진행 상황 공유 항목 안내 문구 표현 통일 완료 현장 반응 동선 주요 구간 점검 혼잡 공용 자료 최신 반영 중복 게시
hanbit_doc_051.txt,0,사내 캠페인 운영 hanbit semiconductor 본관 회의실 사내 캠페인 운영 운영 점검 현장 자주 질문 나오다 부분 실제 흐름 따라가다 안내 문구 자연스럽다 검토 과정 참여 조직 안내 혼동 표현 표시 에너지 절감 캠페인 참여 높이다 층별 안내 문구 게시 위치 통일 지다 변경 공용 게시판 내부 안내 화면 동일하다 반영 변경 문의 반복 항목 모으다 이용자 의견 가운데 단순 선호 실제 불편 구분 다음 참여 현황 안내 방식 조정 자료 업무 필요하다 구성원 끼리 검토 다음 운영 회의 진행 상황 공유 항목 안내 문구 표현 통일 완료 현장 반응 동선 주요 구간 점검 혼잡 공용 자료 최신 반영 중복 게시
hanbit_doc_037.txt,0,구내식당 안내 hanbit semiconductor 구동 회의실 구내식당 안내 운영 점검 경은 현장 자주 질문 나오다 부분 서다 윤는 실제 흐름 따라가다 안내 문구 자연스럽다 검토 과정 석도 참여 조직 안내 혼동 표현 표시 점심시간 혼잡 줄이다 배식 대별 대기 동선 나누다 파다 위치 조정 문예은 변경 공용 게시판 내부 안내 화면 동일하다 반영 변경 문의 반복 항목 모으다 이용자 의견 가운데 단순 선호 실제 불편 구분 이용자 의견 모으다 다음 파다 위치 확정 다음 검토 담당 조직 형식 결과 비교 가능하다 맞추다 항목 안내 문구 표현 통일 완료 현장 반응 동선 주요 구간 점검 혼잡 공용 자료 최신 반영 중복 게시
hanbit_doc_032.txt,0,복지 프로그램 신청 안내 hanbit semiconductor 본관 협업 복지 프로그램 신청 안내 운영 점검 현장 자주 질문 나오다 부분 실제 흐름 따라가다 안내 문구 자연스럽다 검토 과정 호도 참여 조직 안내 혼동 표현 표시 사내 건강검진 상담 프로그램 신청 방법 페이지 공지 채널 공유 변경 공용 게시판 내부 안내 화면 동일하다 반영 변경 문의 반복 항목 모으다 이용자 의견 가운데 단순 선호 실제 불편 구분 신청 페이지 접근 경로 점검 회의 앞서다 결과 공유 불필요하다 원문 배포 항목 안내 문구 표현 통일 완료 현장 반응 동선 주요 구간 점검 혼잡 공용 자료 최신 반영 중복 게시
hanbit_doc_040.pdf,0,공용 장비 예약 절차 개선 hanbit semiconductor 검토 장소 본관 협업 범위 업무 운영 자료 공용 장비 예약 절차 개선 운영 점검 영은 현장 자주 질문 나오다 부분 윤는 실제 흐름 따라가다 안내 문구 자연스럽다 검토 과정 참여 조직 안내 혼동 표현 표시 공용 촬영 장비 노트북 대여 신청 중복 예약 화면 표시 항목 단순 화하다 최하 변경 공용 게시판 내부 안내 화면 동일하다 반영 변경 문의 반복 항목 모으다 이용자 의견 가운데 단순 선호 실제 불편 구분 예약 취소 반납 표시 정상 회의 앞서다 결과 공유 불필요하다 원문 배포 항목 항목 현재 상태 다음 조치 안내 문구 표현 통일 완료 현장 반응 동선 주요 구간 점검 혼잡 공용 자료 최신 반영 중복 게시
hanbit_doc_050.pdf,0,공개 채용 설명 준비 hanbit semiconductor 검토 장소 서관 프로젝트 범위 업무 운영 자료 공개 채용 설명 준비 운영 점검 안다 현장 자주 질문 나오다 부분 실제 흐름 따라가다 안내 문구 자연스럽다 검토 과정 서다 참여 조직 안내 혼동 표현 표시 대학 공개 채용 설명 사용 회사 소개 자료 행사 진행 순서 변경 공용 게시판 내부 안내 화면 동일하다 반영 변경 문의 반복 항목 모으다 이용자 의견 가운데 단순 선호 실제 불편 구분 발표 자료 공개 가능 범위 마지막 검토 참석자 기존 일정 후속 진행 별도 회의 추가 항목 항목 현재 상태 다음 조치 안내 문구 표현 통일 완료 현장 반응 동선 주요 구간 점검 혼잡 공용 자료 최신 반영 중복 게시
hanbit_doc_053.txt,0,공개 행사 자료 편집 hanbit semiconductor 구동 회의실 공개 행사 자료 편집 운영 점검 현장 자주 질문 나오다 부분 실제 흐름 따라가다 안내 문구 자연스럽다 검토 과정 참여 조직 안내 혼동 표현 표시 외부 기술 행사 부스 사용 회사 소개 패널 문장 길이 용어 표기 통일 변경 공용 게시판 내부 안내 화면 동일하다 반영 변경 문의 반복 항목 모으다 이용자 의견 가운데 단순 선호 실제 불편 구분 디자인 시안 최종 문구 일치 다음 검토 담당 조직 형식 결과 비교 가능하다 맞추다 항목 안내 문구 표현 통일 완료 현장 반응 동선 주요 구간 점검 혼잡 공용 자료 최신 반영 중복 게시
hanbit_doc_047.txt,0,주차 구역 안내 정비 hanbit semiconductor 본관 회의실 주차 구역 안내 정비 운영 점검 나은 현장 자주 질문 나오다 부분 실제 흐름 따라가다 안내 문구 자연스럽다 검토 과정 원도 참여 조직 안내 혼동 표현 표시 방문 차량 직원 차량 이동 동선 겹치 주차 안내 표지 배치 박지훈 변경 공용 게시판 내부 안내 화면 동일하다 반영 변경 문의 반복 항목 모으다 이용자 의견 가운데 단순 선호 실제 불편 구분 오전 혼잡 진입 동선 차례 자료 업무 필요하다 구성원 끼리 검토 다음 운영 회의 진행 상황 공유 항목 안내 문구 표현 통일 완료 현장 반응 동선 주요 구간 점검 혼잡 공용 자료 최신 반영 중복 게시
hanbit_doc_044.txt,0,업무 메신저 가이드 hanbit semiconductor 본관 협업 업무 메신저 가이드 운영 점검 호은 현장 자주 질문 나오다 부분 실제 흐름 따라가다 안내 문구 자연스럽다 검토 과정 참여 조직 안내 혼동 표현 표시 신규 기능 추가 업무 메신저 기본 용법 알림 설정 방법 변경 공용 게시판 내부 안내 화면 동일하다 반영 변경 문의 반복 항목 모으다 이용자 의견 가운데 단순 선호 실제 불편 구분 자주 묻다 질문 취합해 가이드 보완 회의 앞서다 결과 공유 불필요하다 원문 배포 항목 안내 문구 표현 통일 완료 현장 반응 동선 주요 구간 점검 혼잡 공용 자료 최신 반영 중복 게시
hanbit_doc_046.txt,0,공용 회의실 운영 개선 hanbit semiconductor 서관 프로젝트 공용 회의실 운영 개선 운영 점검 호은 현장 자주 질문 나오다 부분 지다 실제 흐름 따라가다 안내 문구 자연스럽다 검토 과정 현도 참여 조직 안내 혼동 표현 표시 본관 회의실 예약 특정 시간대 몰리다 줄이다 예약 단위 변경 공용 게시판 내부 안내 화면 동일하다 반영 변경 문의 반복 항목 모으다 이용자 의견 가운데 단순 선호 실제 불편 구분 반복 예약 현황 사용 안내 문구 보완 참석자 기존 일정 후속 진행 별도 회의 추가 항목 안내 문구 표현 통일 완료 현장 반응 동선 주요 구간 점검 혼잡 공용 자료 최신 반영 중복 게시
hanbit_doc_042.txt,0,공개 행사 자료 편집 hanbit semiconductor 서관 프로젝트 공개 행사 자료 편집 운영 점검 현장 자주 질문 나오다 부분 울다 실제 흐름 따라가다 안내 문구 자연스럽다 검토 과정 진도 참여 조직 안내 혼동 표현 표시 외부 기술 행사 부스 사용 회사 소개 패널 문장 길이 용어 표기 통일 변경 공용 게시판 내부 안내 화면 동일하다 반영 변경 문의 반복 항목 모으다 이용자 의견 가운데 단순 선호 실제 불편 구분 디자인 시안 최종 문구 일치 참석자 기존 일정 후속 진행 별도 회의 추가 항목 안내 문구 표현 통일 완료 현장 반응 동선 주요 구간 점검 혼잡 공용 자료 최신 반영 중복 게시
hanbit_doc_048.txt,0,구내식당 안내 hanbit semiconductor 본관 협업 구내식당 안내 운영 점검 현장 자주 질문 나오다 부분 실제 흐름 따라가다 안내 문구 자연스럽다 검토 과정 우도 참여 조직 안내 혼동 표현 표시 점심시간 혼잡 줄이다 배식 대별 대기 동선 나누다 파다 위치 조정 윤지민 변경 공용 게시판 내부 안내 화면 동일하다 반영 변경 문의 반복 항목 모으다 이용자 의견 가운데 단순 선호 실제 불편 구분 이용자 의견 모으다 다음 파다 위치 확정 회의 앞서다 결과 공유 불필요하다 원문 배포 항목 안내 문구 표현 통일 완료 현장 반응 동선 주요 구간 점검 혼잡 공용 자료 최신 반영 중복 게시
hanbit_doc_026.txt,0,구내식당 안내 hanbit semiconductor 서관 프로젝트 구내식당 안내 운영 점검 현장 자주 질문 나오다 부분 실제 흐름 따라가다 안내 문구 자연스럽다 검토 과정 영도 참여 조직 안내 혼동 표현 표시 점심시간 혼잡 줄이다 배식 대별 대기 동선 나누다 파다 위치 조정 이도윤 변경 공용 게시판 내부 안내 화면 동일하다 반영 변경 문의 반복 항목 모으다 이용자 의견 가운데 단순 선호 실제 불편 구분 이용자 의견 모으다 다음 파다 위치 확정 참석자 기존 일정 후속 진행 별도 회의 추가 항목 안내 문구 표현 통일 완료 현장 반응 동선 주요 구간 점검 혼잡 공용 자료 최신 반영 중복 게시
hanbit_doc_034.txt,0,사내 교육 운영 점검 hanbit semiconductor 서관 프로젝트 사내 교육 운영 점검 운영 점검 후은 현장 자주 질문 나오다 부분 실제 흐름 따라가다 안내 문구 자연스럽다 검토 과정 참여 조직 안내 혼동 표현 표시 신규 입사 보안 안전 교육 좌석 배치 교재 배부 절차 조정 변경 공용 게시판 내부 안내 화면 동일하다 반영 변경 문의 반복 항목 모으다 이용자 의견 가운데 단순 선호 실제 불편 구분 교육 참석자 동선 강의실 사용 참석자 기존 일정 후속 진행 별도 회의 추가 항목 안내 문구 표현 통일 완료 현장 반응 동선 주요 구간 점검 혼잡 공용 자료 최신 반영 중복 게시
hanbit_doc_052.txt,0,방문객 출입 안내 hanbit semiconductor 본관 협업 방문객 출입 안내 운영 점검 현장 자주 질문 나오다 부분 실제 흐름 따라가다 안내 문구 자연스럽다 검토 과정 참여 조직 안내 혼동 표현 표시 외부 방문객 로비 헤매다 회의실 이동 안내 출입 절차 소연 변경 공용 게시판 내부 안내 화면 동일하다 반영 변경 문의 반복 항목 모으다 이용자 의견 가운데 단순 선호 실제 불편 구분 안내 데스크 자주 묻다 추가 회의 앞서다 결과 공유 불필요하다 원문 배포 항목 안내 문구 표현 통일 완료 현장 반응 동선 주요 구간 점검 혼잡 공용 자료 최신 반영 중복 게시
hanbit_doc_054.txt,0,복지 프로그램 신청 안내 hanbit semiconductor 서관 프로젝트 복지 프로그램 신청 안내 운영 점검 현장 자주 질문 나오다 부분 실제 흐름 따라가다 안내 문구 자연스럽다 검토 과정 참여 조직 안내 혼동 표현 표시 사내 건강검진 상담 프로그램 신청 방법 페이지 공지 채널 공유 윤는 변경 공용 게시판 내부 안내 화면 동일하다 반영 변경 문의 반복 항목 모으다 이용자 의견 가운데 단순 선호 실제 불편 구분 신청 페이지 접근 경로 점검 참석자 기존 일정 후속 진행 별도 회의 추가 항목 안내 문구 표현 통일 완료 현장 반응 동선 주요 구간 점검 혼잡 공용 자료 최신 반영 중복 게시
hanbit_doc_056.txt,0,사내 교육 운영 점검 hanbit semiconductor 본관 협업 사내 교육 운영 점검 운영 점검 현장 자주 질문 나오다 부분 실제 흐름 따라가다 안내 문구 자연스럽다 검토 과정 서다 재도 참여 조직 안내 혼동 표현 표시 신규 입사 보안 안전 교육 좌석 배치 교재 배부 절차 조정 장유진 변경 공용 게시판 내부 안내 화면 동일하다 반영 변경 문의 반복 항목 모으다 이용자 의견 가운데 단순 선호 실제 불편 구분 교육 참석자 동선 강의실 사용 회의 앞서다 결과 공유 불필요하다 원문 배포 항목 안내 문구 표현 통일 완료 현장 반응 동선 주요 구간 점검 혼잡 공용 자료 최신 반영 중복 게시
hanbit_doc_081.txt,0,사내 동호회 행사 준비 hanbit semiconductor 구동 회의실 사내 동호회 행사 준비 운영 점검 현장 자주 질문 나오다 부분 실제 흐름 따라가다 안내 문구 자연스럽다 검토 과정 참여 조직 안내 혼동 표현 표시 사내 체육 동호회 공용 강당 사용 장비 대여 행사 조율 정수민 변경 공용 게시판 내부 안내 화면 동일하다 반영 변경 문의 반복 항목 모으다 이용자 의견 가운데 단순 선호 실제 불편 구분 행사 종료 공용 장비 반납 상태 다음 검토 담당 조직 형식 결과 비교 가능하다 맞추다 항목 안내 문구 표현 통일 완료 현장 반응 동선 주요 구간 점검 혼잡 공용 자료 최신 반영 중복 게시
hanbit_doc_066.txt,0,업무 메신저 가이드 hanbit semiconductor 서관 프로젝트 업무 메신저 가이드 운영 점검 현장 자주 질문 나오다 부분 실제 흐름 따라가다 안내 문구 자연스럽다 검토 과정 영도 참여 조직 안내 혼동 표현 표시 신규 기능 추가 업무 메신저 기본 용법 알림 설정 방법 이도윤 변경 공용 게시판 내부 안내 화면 동일하다 반영 변경 문의 반복 항목 모으다 이용자 의견 가운데 단순 선호 실제 불편 구분 자주 묻다 질문 취합해 가이드 보완 참석자 기존 일정 후속 진행 별도 회의 추가 항목 안내 문구 표현 통일 완료 현장 반응 동선 주요 구간 점검 혼잡 공용 자료 최신 반영 중복 게시
hanbit_doc_079.docx,0,공용 회의실 운영 개선 hanbit semiconductor 공용 회의실 운영 개선 운영 점검 앗다 현장 자주 질문 나오다 부분 윤는 실제 흐름 따라가다 안내 문구 자연스럽다 검토 과정 연도 참여 조직 안내 혼동 표현 표시 본관 회의실 예약 특정 시간대 몰리다 줄이다 예약 단위 변경 공용 게시판 내부 안내 화면 동일하다 반영 변경 문의 반복 항목 모으다 이용자 의견 가운데 단순 선호 실제 불편 구분 반복 예약 현황 사용 안내 문구 보완 자료 업무 필요하다 구성원 끼리 검토 다음 운영 회의 진행 상황 공유 항목 검토 장소 본관 회의실 범위 업무 운영 자료 항목 현재 상태 다음 조치 안내 문구 표현 통일 완료 현장 반응 동선 주요 구간 점검 혼잡 공용 자료 최신 반영 중복 게시
hanbit_doc_082.txt,0,공개 채용 설명 준비 hanbit semiconductor 서관 프로젝트 공개 채용 설명 준비 운영 점검 현장 자주 질문 나오다 부분 울다 실제 흐름 따라가다 안내 문구 자연스럽다 검토 과정 진도 참여 조직 안내 혼동 표현 표시 대학 공개 채용 설명 사용 회사 소개 자료 행사 진행 순서 변경 공용 게시판 내부 안내 화면 동일하다 반영 변경 문의 반복 항목 모으다 이용자 의견 가운데 단순 선호 실제 불편 구분 발표 자료 공개 가능 범위 마지막 검토 참석자 기존 일정 후속 진행 별도 회의 추가 항목 안내 문구 표현 통일 완료 현장 반응 동선 주요 구간 점검 혼잡 공용 자료 최신 반영 중복 게시
hanbit_doc_072.txt,0,공용 장비 예약 절차 개선 hanbit semiconductor 본관 협업 공용 장비 예약 절차 개선 운영 점검 현장 자주 질문 나오다 부분 실제 흐름 따라가다 안내 문구 자연스럽다 검토 과정 호도 참여 조직 안내 혼동 표현 표시 공용 촬영 장비 노트북 대여 신청 중복 예약 화면 표시 항목 단순 화하다 지다 변경 공용 게시판 내부 안내 화면 동일하다 반영 변경 문의 반복 항목 모으다 이용자 의견 가운데 단순 선호 실제 불편 구분 예약 취소 반납 표시 정상 회의 앞서다 결과 공유 불필요하다 원문 배포 항목 안내 문구 표현 통일 완료 현장 반응 동선 주요 구간 점검 혼잡 공용 자료 최신 반영 중복 게시
hanbit_doc_059.docx,0,구내식당 안내 hanbit semiconductor 구내식당 안내 운영 점검 현장 자주 질문 나오다 부분 실제 흐름 따라가다 안내 문구 자연스럽다 검토 과정 진도 참여 조직 안내 혼동 표현 표시 점심시간 혼잡 줄이다 배식 대별 대기 동선 나누다 파다 위치 조정 남도현 변경 공용 게시판 내부 안내 화면 동일하다 반영 변경 문의 반복 항목 모으다 이용자 의견 가운데 단순 선호 실제 불편 구분 이용자 의견 모으다 다음 파다 위치 확정 자료 업무 필요하다 구성원 끼리 검토 다음 운영 회의 진행 상황 공유 항목 검토 장소 본관 회의실 범위 업무 운영 자료 항목 현재 상태 다음 조치 안내 문구 표현 통일 완료 현장 반응 동선 주요 구간 점검 혼잡 공용 자료 최신 반영 중복 게시
hanbit_doc_083.txt,0,공용 장비 예약 절차 개선 hanbit semiconductor 본관 회의실 공용 장비 예약 절차 개선 운영 점검 현장 자주 질문 나오다 부분 서다 재는 실제 흐름 따라가다 안내 문구 자연스럽다 검토 과정 진도 참여 조직 안내 혼동 표현 표시 공용 촬영 장비 노트북 대여 신청 중복 예약 화면 표시 항목 단순 화하다 변경 공용 게시판 내부 안내 화면 동일하다 반영 변경 문의 반복 항목 모으다 이용자 의견 가운데 단순 선호 실제 불편 구분 예약 취소 반납 표시 정상 자료 업무 필요하다 구성원 끼리 검토 다음 운영 회의 진행 상황 공유 항목 안내 문구 표현 통일 완료 현장 반응 동선 주요 구간 점검 혼잡 공용 자료 최신 반영 중복 게시
hanbit_doc_085.txt,0,방문객 출입 안내 hanbit semiconductor 구동 회의실 방문객 출입 안내 운영 점검 현장 자주 질문 나오다 부분 지다 실제 흐름 따라가다 안내 문구 자연스럽다 검토 과정 참여 조직 안내 혼동 표현 표시 외부 방문객 로비 헤매다 회의실 이동 안내 출입 절차 변경 공용 게시판 내부 안내 화면 동일하다 반영 변경 문의 반복 항목 모으다 이용자 의견 가운데 단순 선호 실제 불편 구분 안내 데스크 자주 묻다 추가 다음 검토 담당 조직 형식 결과 비교 가능하다 맞추다 항목 안내 문구 표현 통일 완료 현장 반응 동선 주요 구간 점검 혼잡 공용 자료 최신 반영 중복 게시
hanbit_doc_069.docx,0,주차 구역 안내 정비 hanbit semiconductor 주차 구역 안내 정비 운영 점검 현장 자주 질문 나오다 부분 지다 실제 흐름 따라가다 안내 문구 자연스럽다 검토 과정 참여 조직 안내 혼동 표현 표시 방문 차량 직원 차량 이동 동선 겹치 주차 안내 표지 배치 서다 재는 변경 공용 게시판 내부 안내 화면 동일하다 반영 변경 문의 반복 항목 모으다 이용자 의견 가운데 단순 선호 실제 불편 구분 오전 혼잡 진입 동선 차례 다음 검토 담당 조직 형식 결과 비교 가능하다 맞추다 항목 검토 장소 구동 회의실 범위 업무 운영 자료 항목 현재 상태 다음 조치 안내 문구 표현 통일 완료 현장 반응 동선 주요 구간 점검 혼잡 공용 자료 최신 반영 중복 게시
hanbit_doc_068.txt,0,공용 회의실 운영 개선 hanbit semiconductor 본관 협업 공용 회의실 운영 개선 운영 점검 하은 현장 자주 질문 나오다 부분 윤는 실제 흐름 따라가다 안내 문구 자연스럽다 검토 과정 참여 조직 안내 혼동 표현 표시 본관 회의실 예약 특정 시간대 몰리다 줄이다 예약 단위 울다 변경 공용 게시판 내부 안내 화면 동일하다 반영 변경 문의 반복 항목 모으다 이용자 의견 가운데 단순 선호 실제 불편 구분 반복 예약 현황 사용 안내 문구 보완 회의 앞서다 결과 공유 불필요하다 원문 배포 항목 안내 문구 표현 통일 완료 현장 반응 동선 주요 구간 점검 혼잡 공용 자료 최신 반영 중복 게시
hanbit_doc_087.txt,0,복지 프로그램 신청 안내 hanbit semiconductor 본관 회의실 복지 프로그램 신청 안내 운영 점검 나은 현장 자주 질문 나오다 부분 실제 흐름 따라가다 안내 문구 자연스럽다 검토 과정 원도 참여 조직 안내 혼동 표현 표시 사내 건강검진 상담 프로그램 신청 방법 페이지 공지 채널 공유 박지훈 변경 공용 게시판 내부 안내 화면 동일하다 반영 변경 문의 반복 항목 모으다 이용자 의견 가운데 단순 선호 실제 불편 구분 신청 페이지 접근 경로 점검 자료 업무 필요하다 구성원 끼리 검토 다음 운영 회의 진행 상황 공유 항목 안내 문구 표현 통일 완료 현장 반응 동선 주요 구간 점검 혼잡 공용 자료 최신 반영 중복 게시
hanbit_doc_078.txt,0,사내 교육 운영 점검 hanbit semiconductor 서관 프로젝트 사내 교육 운영 점검 운영 점검 현장 자주 질문 나오다 부분 실제 흐름 따라가다 안내 문구 자연스럽다 검토 과정 진도 참여 조직 안내 혼동 표현 표시 신규 입사 보안 안전 교육 좌석 배치 교재 배부 절차 조정 변경 공용 게시판 내부 안내 화면 동일하다 반영 변경 문의 반복 항목 모으다 이용자 의견 가운데 단순 선호 실제 불편 구분 교육 참석자 동선 강의실 사용 참석자 기존 일정 후속 진행 별도 회의 추가 항목 안내 문구 표현 통일 완료 현장 반응 동선 주요 구간 점검 혼잡 공용 자료 최신 반영 중복 게시
hanbit_doc_063.txt,0,방문객 출입 안내 hanbit semiconductor 본관 회의실 방문객 출입 안내 운영 점검 규은 현장 자주 질문 나오다 부분 안다 실제 흐름 따라가다 안내 문구 자연스럽다 검토 과정 경도 참여 조직 안내 혼동 표현 표시 외부 방문객 로비 헤매다 회의실 이동 안내 출입 절차 하윤 변경 공용 게시판 내부 안내 화면 동일하다 반영 변경 문의 반복 항목 모으다 이용자 의견 가운데 단순 선호 실제 불편 구분 안내 데스크 자주 묻다 추가 자료 업무 필요하다 구성원 끼리 검토 다음 운영 회의 진행 상황 공유 항목 안내 문구 표현 통일 완료 현장 반응 동선 주요 구간 점검 혼잡 공용 자료 최신 반영 중복 게시
hanbit_doc_080.pdf,0,주차 구역 안내 정비 hanbit semiconductor 검토 장소 본관 협업 범위 업무 운영 자료 주차 구역 안내 정비 운영 점검 영은 현장 자주 질문 나오다 부분 윤는 실제 흐름 따라가다 안내 문구 자연스럽다 검토 과정 참여 조직 안내 혼동 표현 표시 방문 차량 직원 차량 이동 동선 겹치 주차 안내 표지 배치 최하 변경 공용 게시판 내부 안내 화면 동일하다 반영 변경 문의 반복 항목 모으다 이용자 의견 가운데 단순 선호 실제 불편 구분 오전 혼잡 진입 동선 차례 회의 앞서다 결과 공유 불필요하다 원문 배포 항목 항목 현재 상태 다음 조치 안내 문구 표현 통일 완료 현장 반응 동선 주요 구간 점검 혼잡 공용 자료 최신 반영 중복 게시
hanbit_doc_060.pdf,0,사내 동호회 행사 준비 hanbit semiconductor 검토 장소 본관 협업 범위 업무 운영 자료 사내 동호회 행사 준비 운영 점검 현장 자주 질문 나오다 부분 실제 흐름 따라가다 안내 문구 자연스럽다 검토 과정 참여 조직 안내 혼동 표현 표시 사내 체육 동호회 공용 강당 사용 장비 대여 행사 조율 이채 변경 공용 게시판 내부 안내 화면 동일하다 반영 변경 문의 반복 항목 모으다 이용자 의견 가운데 단순 선호 실제 불편 구분 행사 종료 공용 장비 반납 상태 회의 앞서다 결과 공유 불필요하다 원문 배포 항목 항목 현재 상태 다음 조치 안내 문구 표현 통일 완료 현장 반응 동선 주요 구간 점검 혼잡 공용 자료 최신 반영 중복 게시
hanbit_doc_077.txt,0,업무 메신저 가이드 hanbit semiconductor 구동 회의실 업무 메신저 가이드 운영 점검 경은 현장 자주 질문 나오다 부분 서다 윤는 실제 흐름 따라가다 안내 문구 자연스럽다 검토 과정 석도 참여 조직 안내 혼동 표현 표시 신규 기능 추가 업무 메신저 기본 용법 알림 설정 방법 문예은 변경 공용 게시판 내부 안내 화면 동일하다 반영 변경 문의 반복 항목 모으다 이용자 의견 가운데 단순 선호 실제 불편 구분 자주 묻다 질문 취합해 가이드 보완 다음 검토 담당 조직 형식 결과 비교 가능하다 맞추다 항목 안내 문구 표현 통일 완료 현장 반응 동선 주요 구간 점검 혼잡 공용 자료 최신 반영 중복 게시
hanbit_doc_074.txt,0,방문객 출입 안내 hanbit semiconductor 서관 프로젝트 방문객 출입 안내 운영 점검 후은 현장 자주 질문 나오다 부분 실제 흐름 따라가다 안내 문구 자연스럽다 검토 과정 참여 조직 안내 혼동 표현 표시 외부 방문객 로비 헤매다 회의실 이동 안내 출입 절차 변경 공용 게시판 내부 안내 화면 동일하다 반영 변경 문의 반복 항목 모으다 이용자 의견 가운데 단순 선호 실제 불편 구분 안내 데스크 자주 묻다 추가 참석자 기존 일정 후속 진행 별도 회의 추가 항목 안내 문구 표현 통일 완료 현장 반응 동선 주요 구간 점검 혼잡 공용 자료 최신 반영 중복 게시
hanbit_doc_070.pdf,0,구내식당 안내 hanbit semiconductor 검토 장소 서관 프로젝트 범위 업무 운영 자료 구내식당 안내 운영 점검 서다 재다 현장 자주 질문 나오다 부분 지다 실제 흐름 따라가다 안내 문구 자연스럽다 검토 과정 호도 참여 조직 안내 혼동 표현 표시 점심시간 혼잡 줄이다 배식 대별 대기 동선 나누다 파다 위치 조정 배수아 변경 공용 게시판 내부 안내 화면 동일하다 반영 변경 문의 반복 항목 모으다 이용자 의견 가운데 단순 선호 실제 불편 구분 이용자 의견 모으다 다음 파다 위치 확정 참석자 기존 일정 후속 진행 별도 회의 추가 항목 항목 현재 상태 다음 조치 안내 문구 표현 통일 완료 현장 반응 동선 주요 구간 점검 혼잡 공용 자료 최신 반영 중복 게시
hanbit_doc_064.txt,0,공개 행사 자료 편집 hanbit semiconductor 본관 협업 공개 행사 자료 편집 운영 점검 서다 현장 자주 질문 나오다 부분 실제 흐름 따라가다 안내 문구 자연스럽다 검토 과정 참여 조직 안내 혼동 표현 표시 외부 기술 행사 부스 사용 회사 소개 패널 문장 길이 용어 표기 통일 변경 공용 게시판 내부 안내 화면 동일하다 반영 변경 문의 반복 항목 모으다 이용자 의견 가운데 단순 선호 실제 불편 구분 디자인 시안 최종 문구 일치 회의 앞서다 결과 공유 불필요하다 원문 배포 항목 안내 문구 표현 통일 완료 현장 반응 동선 주요 구간 점검 혼잡 공용 자료 최신 반영 중복 게시
hanbit_doc_075.txt,0,공개 행사 자료 편집 hanbit semiconductor 본관 회의실 공개 행사 자료 편집 운영 점검 현장 자주 질문 나오다 부분 울다 실제 흐름 따라가다 안내 문구 자연스럽다 검토 과정 참여 조직 안내 혼동 표현 표시 외부 기술 행사 부스 사용 회사 소개 패널 문장 길이 용어 표기 통일 강서연 변경 공용 게시판 내부 안내 화면 동일하다 반영 변경 문의 반복 항목 모으다 이용자 의견 가운데 단순 선호 실제 불편 구분 디자인 시안 최종 문구 일치 자료 업무 필요하다 구성원 끼리 검토 다음 운영 회의 진행 상황 공유 항목 안내 문구 표현 통일 완료 현장 반응 동선 주요 구간 점검 혼잡 공용 자료 최신 반영 중복 게시
hanbit_doc_073.txt,0,사내 캠페인 운영 hanbit semiconductor 구동 회의실 사내 캠페인 운영 운영 점검 현장 자주 질문 나오다 부분 실제 흐름 따라가다 안내 문구 자연스럽다 검토 과정 참여 조직 안내 혼동 표현 표시 에너지 절감 캠페인 참여 높이다 층별 안내 문구 게시 위치 통일 변경 공용 게시판 내부 안내 화면 동일하다 반영 변경 문의 반복 항목 모으다 이용자 의견 가운데 단순 선호 실제 불편 구분 다음 참여 현황 안내 방식 조정 다음 검토 담당 조직 형식 결과 비교 가능하다 맞추다 항목 안내 문구 표현 통일 완료 현장 반응 동선 주요 구간 점검 혼잡 공용 자료 최신 반영 중복 게시
hanbit_doc_058.txt,0,주차 구역 안내 정비 hanbit semiconductor 서관 프로젝트 주차 구역 안내 정비 운영 점검 현장 자주 질문 나오다 부분 실제 흐름 따라가다 안내 문구 자연스럽다 검토 과정 진도 참여 조직 안내 혼동 표현 표시 방문 차량 직원 차량 이동 동선 겹치 주차 안내 표지 배치 변경 공용 게시판 내부 안내 화면 동일하다 반영 변경 문의 반복 항목 모으다 이용자 의견 가운데 단순 선호 실제 불편 구분 오전 혼잡 진입 동선 차례 참석자 기존 일정 후속 진행 별도 회의 추가 항목 안내 문구 표현 통일 완료 현장 반응 동선 주요 구간 점검 혼잡 공용 자료 최신 반영 중복 게시
hanbit_doc_084.txt,0,사내 캠페인 운영 hanbit semiconductor 본관 협업 사내 캠페인 운영 운영 점검 호은 현장 자주 질문 나오다 부분 실제 흐름 따라가다 안내 문구 자연스럽다 검토 과정 참여 조직 안내 혼동 표현 표시 에너지 절감 캠페인 참여 높이다 층별 안내 문구 게시 위치 통일 권나연 변경 공용 게시판 내부 안내 화면 동일하다 반영 변경 문의 반복 항목 모으다 이용자 의견 가운데 단순 선호 실제 불편 구분 다음 참여 현황 안내 방식 조정 회의 앞서다 결과 공유 불필요하다 원문 배포 항목 안내 문구 표현 통일 완료 현장 반응 동선 주요 구간 점검 혼잡 공용 자료 최신 반영 중복 게시
hanbit_doc_062.txt,0,사내 캠페인 운영 hanbit semiconductor 서관 프로젝트 사내 캠페인 운영 운영 점검 현장 자주 질문 나오다 부분 실제 흐름 따라가다 안내 문구 자연스럽다 검토 과정 연도 참여 조직 안내 혼동 표현 표시 에너지 절감 캠페인 참여 높이다 층별 안내 문구 게시 위치 통일 변경 공용 게시판 내부 안내 화면 동일하다 반영 변경 문의 반복 항목 모으다 이용자 의견 가운데 단순 선호 실제 불편 구분 다음 참여 현황 안내 방식 조정 참석자 기존 일정 후속 진행 별도 회의 추가 항목 안내 문구 표현 통일 완료 현장 반응 동선 주요 구간 점검 혼잡 공용 자료 최신 반영 중복 게시
hanbit_doc_057.txt,0,공용 회의실 운영 개선 hanbit semiconductor 구동 회의실 공용 회의실 운영 개선 운영 점검 현장 자주 질문 나오다 부분 실제 흐름 따라가다 안내 문구 자연스럽다 검토 과정 참여 조직 안내 혼동 표현 표시 본관 회의실 예약 특정 시간대 몰리다 줄이다 예약 단위 훈는 변경 공용 게시판 내부 안내 화면 동일하다 반영 변경 문의 반복 항목 모으다 이용자 의견 가운데 단순 선호 실제 불편 구분 반복 예약 현황 사용 안내 문구 보완 다음 검토 담당 조직 형식 결과 비교 가능하다 맞추다 항목 안내 문구 표현 통일 완료 현장 반응 동선 주요 구간 점검 혼잡 공용 자료 최신 반영 중복 게시
hanbit_doc_065.txt,0,복지 프로그램 신청 안내 hanbit semiconductor 구동 회의실 복지 프로그램 신청 안내 운영 점검 현장 자주 질문 나오다 부분 지다 실제 흐름 따라가다 안내 문구 자연스럽다 검토 과정 참여 조직 안내 혼동 표현 표시 사내 건강검진 상담 프로그램 신청 방법 페이지 공지 채널 공유 윤는 변경 공용 게시판 내부 안내 화면 동일하다 반영 변경 문의 반복 항목 모으다 이용자 의견 가운데 단순 선호 실제 불편 구분 신청 페이지 접근 경로 점검 다음 검토 담당 조직 형식 결과 비교 가능하다 맞추다 항목 안내 문구 표현 통일 완료 현장 반응 동선 주요 구간 점검 혼잡 공용 자료 최신 반영 중복 게시
hanbit_doc_071.txt,0,공개 채용 설명 준비 hanbit semiconductor 본관 회의실 공개 채용 설명 준비 운영 점검 앗다 현장 자주 질문 나오다 부분 훈는 실제 흐름 따라가다 안내 문구 자연스럽다 검토 과정 연도 참여 조직 안내 혼동 표현 표시 대학 공개 채용 설명 사용 회사 소개 자료 행사 진행 순서 신우진 변경 공용 게시판 내부 안내 화면 동일하다 반영 변경 문의 반복 항목 모으다 이용자 의견 가운데 단순 선호 실제 불편 구분 발표 자료 공개 가능 범위 마지막 검토 자료 업무 필요하다 구성원 끼리 검토 다음 운영 회의 진행 상황 공유 항목 안내 문구 표현 통일 완료 현장 반응 동선 주요 구간 점검 혼잡 공용 자료 최신 반영 중복 게시
hanbit_doc_076.txt,0,복지 프로그램 신청 안내 hanbit semiconductor 본관 협업 복지 프로그램 신청 안내 운영 점검 현장 자주 질문 나오다 부분 실제 흐름 따라가다 안내 문구 자연스럽다 검토 과정 안도 참여 조직 안내 혼동 표현 표시 사내 건강검진 상담 프로그램 신청 방법 페이지 공지 채널 공유 변경 공용 게시판 내부 안내 화면 동일하다 반영 변경 문의 반복 항목 모으다 이용자 의견 가운데 단순 선호 실제 불편 구분 신청 페이지 접근 경로 점검 회의 앞서다 결과 공유 불필요하다 원문 배포 항목 안내 문구 표현 통일 완료 현장 반응 동선 주요 구간 점검 혼잡 공용 자료 최신 반영 중복 게시
hanbit_doc_086.txt,0,공개 행사 자료 편집 hanbit semiconductor 서관 프로젝트 공개 행사 자료 편집 운영 점검 호은 현장 자주 질문 나오다 부분 지다 실제 흐름 따라가다 안내 문구 자연스럽다 검토 과정 현도 참여 조직 안내 혼동 표현 표시 외부 기술 행사 부스 사용 회사 소개 패널 문장 길이 용어 표기 통일 변경 공용 게시판 내부 안내 화면 동일하다 반영 변경 문의 반복 항목 모으다 이용자 의견 가운데 단순 선호 실제 불편 구분 디자인 시안 최종 문구 일치 참석자 기존 일정 후속 진행 별도 회의 추가 항목 안내 문구 표현 통일 완료 현장 반응 동선 주요 구간 점검 혼잡 공용 자료 최신 반영 중복 게시
hanbit_doc_067.txt,0,사내 교육 운영 점검 hanbit semiconductor 본관 회의실 사내 교육 운영 점검 운영 점검 현장 자주 질문 나오다 부분 실제 흐름 따라가다 안내 문구 자연스럽다 검토 과정 참여 조직 안내 혼동 표현 표시 신규 입사 보안 안전 교육 좌석 배치 교재 배부 절차 조정 변경 공용 게시판 내부 안내 화면 동일하다 반영 변경 문의 반복 항목 모으다 이용자 의견 가운데 단순 선호 실제 불편 구분 교육 참석자 동선 강의실 사용 자료 업무 필요하다 구성원 끼리 검토 다음 운영 회의 진행 상황 공유 항목 안내 문구 표현 통일 완료 현장 반응 동선 주요 구간 점검 혼잡 공용 자료 최신 반영 중복 게시
hanbit_doc_061.txt,0,공용 장비 예약 절차 개선 hanbit semiconductor 구동 회의실 공용 장비 예약 절차 개선 운영 점검 현장 자주 질문 나오다 부분 훈는 실제 흐름 따라가다 안내 문구 자연스럽다 검토 과정 참여 조직 안내 혼동 표현 표시 공용 촬영 장비 노트북 대여 신청 중복 예약 화면 표시 항목 단순 화하다 울다 변경 공용 게시판 내부 안내 화면 동일하다 반영 변경 문의 반복 항목 모으다 이용자 의견 가운데 단순 선호 실제 불편 구분 예약 취소 반납 표시 정상 다음 검토 담당 조직 형식 결과 비교 가능하다 맞추다 항목 안내 문구 표현 통일 완료 현장 반응 동선 주요 구간 점검 혼잡 공용 자료 최신 반영 중복 게시
hanbit_doc_117.txt,0,사내 캠페인 운영 hanbit semiconductor 구동 회의실 사내 캠페인 운영 운영 점검 경은 현장 자주 질문 나오다 부분 서다 윤는 실제 흐름 따라가다 안내 문구 자연스럽다 검토 과정 석도 참여 조직 안내 혼동 표현 표시 에너지 절감 캠페인 참여 높이다 층별 안내 문구 게시 위치 통일 문예은 변경 공용 게시판 내부 안내 화면 동일하다 반영 변경 문의 반복 항목 모으다 이용자 의견 가운데 단순 선호 실제 불편 구분 다음 참여 현황 안내 방식 조정 다음 검토 담당 조직 형식 결과 비교 가능하다 맞추다 항목 안내 문구 표현 통일 완료 현장 반응 동선 주요 구간 점검 혼잡 공용 자료 최신 반영 중복 게시
hanbit_doc_116.txt,0,공용 장비 예약 절차 개선 hanbit semiconductor 본관 협업 공용 장비 예약 절차 개선 운영 점검 현장 자주 질문 나오다 부분 실제 흐름 따라가다 안내 문구 자연스럽다 검토 과정 안도 참여 조직 안내 혼동 표현 표시 공용 촬영 장비 노트북 대여 신청 중복 예약 화면 표시 항목 단순 화하다 변경 공용 게시판 내부 안내 화면 동일하다 반영 변경 문의 반복 항목 모으다 이용자 의견 가운데 단순 선호 실제 불편 구분 예약 취소 반납 표시 정상 회의 앞서다 결과 공유 불필요하다 원문 배포 항목 안내 문구 표현 통일 완료 현장 반응 동선 주요 구간 점검 혼잡 공용 자료 최신 반영 중복 게시
hanbit_doc_114.txt,0,사내 동호회 행사 준비 hanbit semiconductor 서관 프로젝트 사내 동호회 행사 준비 운영 점검 후은 현장 자주 질문 나오다 부분 실제 흐름 따라가다 안내 문구 자연스럽다 검토 과정 참여 조직 안내 혼동 표현 표시 사내 체육 동호회 공용 강당 사용 장비 대여 행사 조율 변경 공용 게시판 내부 안내 화면 동일하다 반영 변경 문의 반복 항목 모으다 이용자 의견 가운데 단순 선호 실제 불편 구분 행사 종료 공용 장비 반납 상태 참석자 기존 일정 후속 진행 별도 회의 추가 항목 안내 문구 표현 통일 완료 현장 반응 동선 주요 구간 점검 혼잡 공용 자료 최신 반영 중복 게시
hanbit_doc_110.pdf,0,업무 메신저 가이드 hanbit semiconductor 검토 장소 서관 프로젝트 범위 업무 운영 자료 업무 메신저 가이드 운영 점검 서다 재다 현장 자주 질문 나오다 부분 지다 실제 흐름 따라가다 안내 문구 자연스럽다 검토 과정 호도 참여 조직 안내 혼동 표현 표시 신규 기능 추가 업무 메신저 기본 용법 알림 설정 방법 배수아 변경 공용 게시판 내부 안내 화면 동일하다 반영 변경 문의 반복 항목 모으다 이용자 의견 가운데 단순 선호 실제 불편 구분 자주 묻다 질문 취합해 가이드 보완 참석자 기존 일정 후속 진행 별도 회의 추가 항목 항목 현재 상태 다음 조치 안내 문구 표현 통일 완료 현장 반응 동선 주요 구간 점검 혼잡 공용 자료 최신 반영 중복 게시
hanbit_doc_090.pdf,0,공용 회의실 운영 개선 hanbit semiconductor 검토 장소 서관 프로젝트 범위 업무 운영 자료 공용 회의실 운영 개선 운영 점검 안다 현장 자주 질문 나오다 부분 실제 흐름 따라가다 안내 문구 자연스럽다 검토 과정 서다 참여 조직 안내 혼동 표현 표시 본관 회의실 예약 특정 시간대 몰리다 줄이다 예약 단위 변경 공용 게시판 내부 안내 화면 동일하다 반영 변경 문의 반복 항목 모으다 이용자 의견 가운데 단순 선호 실제 불편 구분 반복 예약 현황 사용 안내 문구 보완 참석자 기존 일정 후속 진행 별도 회의 추가 항목 항목 현재 상태 다음 조치 안내 문구 표현 통일 완료 현장 반응 동선 주요 구간 점검 혼잡 공용 자료 최신 반영 중복 게시
hanbit_doc_105.txt,0,공용 장비 예약 절차 개선 hanbit semiconductor 구동 회의실 공용 장비 예약 절차 개선 운영 점검 현장 자주 질문 나오다 부분 지다 실제 흐름 따라가다 안내 문구 자연스럽다 검토 과정 참여 조직 안내 혼동 표현 표시 공용 촬영 장비 노트북 대여 신청 중복 예약 화면 표시 항목 단순 화하다 윤는 변경 공용 게시판 내부 안내 화면 동일하다 반영 변경 문의 반복 항목 모으다 이용자 의견 가운데 단순 선호 실제 불편 구분 예약 취소 반납 표시 정상 다음 검토 담당 조직 형식 결과 비교 가능하다 맞추다 항목 안내 문구 표현 통일 완료 현장 반응 동선 주요 구간 점검 혼잡 공용 자료 최신 반영 중복 게시
hanbit_doc_103.txt,0,사내 동호회 행사 준비 hanbit semiconductor 본관 회의실 사내 동호회 행사 준비 운영 점검 규은 현장 자주 질문 나오다 부분 안다 실제 흐름 따라가다 안내 문구 자연스럽다 검토 과정 경도 참여 조직 안내 혼동 표현 표시 사내 체육 동호회 공용 강당 사용 장비 대여 행사 조율 서다 윤는 변경 공용 게시판 내부 안내 화면 동일하다 반영 변경 문의 반복 항목 모으다 이용자 의견 가운데 단순 선호 실제 불편 구분 행사 종료 공용 장비 반납 상태 자료 업무 필요하다 구성원 끼리 검토 다음 운영 회의 진행 상황 공유 항목 안내 문구 표현 통일 완료 현장 반응 동선 주요 구간 점검 혼잡 공용 자료 최신 반영 중복 게시
hanbit_doc_108.txt,0,공개 행사 자료 편집 hanbit semiconductor 본관 협업 공개 행사 자료 편집 운영 점검 하은 현장 자주 질문 나오다 부분 윤는 실제 흐름 따라가다 안내 문구 자연스럽다 검토 과정 참여 조직 안내 혼동 표현 표시 외부 기술 행사 부스 사용 회사 소개 패널 문장 길이 용어 표기 통일 울다 변경 공용 게시판 내부 안내 화면 동일하다 반영 변경 문의 반복 항목 모으다 이용자 의견 가운데 단순 선호 실제 불편 구분 디자인 시안 최종 문구 일치 회의 앞서다 결과 공유 불필요하다 원문 배포 항목 안내 문구 표현 통일 완료 현장 반응 동선 주요 구간 점검 혼잡 공용 자료 최신 반영 중복 게시
hanbit_doc_112.txt,0,주차 구역 안내 정비 hanbit semiconductor 본관 협업 주차 구역 안내 정비 운영 점검 현장 자주 질문 나오다 부분 실제 흐름 따라가다 안내 문구 자연스럽다 검토 과정 호도 참여 조직 안내 혼동 표현 표시 방문 차량 직원 차량 이동 동선 겹치 주차 안내 표지 배치 지다 변경 공용 게시판 내부 안내 화면 동일하다 반영 변경 문의 반복 항목 모으다 이용자 의견 가운데 단순 선호 실제 불편 구분 오전 혼잡 진입 동선 차례 회의 앞서다 결과 공유 불필요하다 원문 배포 항목 안내 문구 표현 통일 완료 현장 반응 동선 주요 구간 점검 혼잡 공용 자료 최신 반영 중복 게시
hanbit_doc_094.txt,0,공용 장비 예약 절차 개선 hanbit semiconductor 서관 프로젝트 공용 장비 예약 절차 개선 운영 점검 현장 자주 질문 나오다 부분 실제 흐름 따라가다 안내 문구 자연스럽다 검토 과정 참여 조직 안내 혼동 표현 표시 공용 촬영 장비 노트북 대여 신청 중복 예약 화면 표시 항목 단순 화하다 윤는 변경 공용 게시판 내부 안내 화면 동일하다 반영 변경 문의 반복 항목 모으다 이용자 의견 가운데 단순 선호 실제 불편 구분 예약 취소 반납 표시 정상 참석자 기존 일정 후속 진행 별도 회의 추가 항목 안내 문구 표현 통일 완료 현장 반응 동선 주요 구간 점검 혼잡 공용 자료 최신 반영 중복 게시
hanbit_doc_097.txt,0,공개 행사 자료 편집 hanbit semiconductor 구동 회의실 공개 행사 자료 편집 운영 점검 현장 자주 질문 나오다 부분 실제 흐름 따라가다 안내 문구 자연스럽다 검토 과정 참여 조직 안내 혼동 표현 표시 외부 기술 행사 부스 사용 회사 소개 패널 문장 길이 용어 표기 통일 훈는 변경 공용 게시판 내부 안내 화면 동일하다 반영 변경 문의 반복 항목 모으다 이용자 의견 가운데 단순 선호 실제 불편 구분 디자인 시안 최종 문구 일치 다음 검토 담당 조직 형식 결과 비교 가능하다 맞추다 항목 안내 문구 표현 통일 완료 현장 반응 동선 주요 구간 점검 혼잡 공용 자료 최신 반영 중복 게시
hanbit_doc_095.txt,0,사내 캠페인 운영 hanbit semiconductor 본관 회의실 사내 캠페인 운영 운영 점검 현장 자주 질문 나오다 부분 실제 흐름 따라가다 안내 문구 자연스럽다 검토 과정 우도 참여 조직 안내 혼동 표현 표시 에너지 절감 캠페인 참여 높이다 층별 안내 문구 게시 위치 통일 지다 변경 공용 게시판 내부 안내 화면 동일하다 반영 변경 문의 반복 항목 모으다 이용자 의견 가운데 단순 선호 실제 불편 구분 다음 참여 현황 안내 방식 조정 자료 업무 필요하다 구성원 끼리 검토 다음 운영 회의 진행 상황 공유 항목 안내 문구 표현 통일 완료 현장 반응 동선 주요 구간 점검 혼잡 공용 자료 최신 반영 중복 게시
hanbit_doc_091.txt,0,구내식당 안내 hanbit semiconductor 본관 회의실 구내식당 안내 운영 점검 현장 자주 질문 나오다 부분 실제 흐름 따라가다 안내 문구 자연스럽다 검토 과정 참여 조직 안내 혼동 표현 표시 점심시간 혼잡 줄이다 배식 대별 대기 동선 나누다 파다 위치 조정 지다 변경 공용 게시판 내부 안내 화면 동일하다 반영 변경 문의 반복 항목 모으다 이용자 의견 가운데 단순 선호 실제 불편 구분 이용자 의견 모으다 다음 파다 위치 확정 자료 업무 필요하다 구성원 끼리 검토 다음 운영 회의 진행 상황 공유 항목 안내 문구 표현 통일 완료 현장 반응 동선 주요 구간 점검 혼잡 공용 자료 최신 반영 중복 게시
hanbit_doc_096.txt,0,방문객 출입 안내 hanbit semiconductor 본관 협업 방문객 출입 안내 운영 점검 현장 자주 질문 나오다 부분 실제 흐름 따라가다 안내 문구 자연스럽다 검토 과정 서다 재도 참여 조직 안내 혼동 표현 표시 외부 방문객 로비 헤매다 회의실 이동 안내 출입 절차 장유진 변경 공용 게시판 내부 안내 화면 동일하다 반영 변경 문의 반복 항목 모으다 이용자 의견 가운데 단순 선호 실제 불편 구분 안내 데스크 자주 묻다 추가 회의 앞서다 결과 공유 불필요하다 원문 배포 항목 안내 문구 표현 통일 완료 현장 반응 동선 주요 구간 점검 혼잡 공용 자료 최신 반영 중복 게시
hanbit_doc_089.docx,0,사내 교육 운영 점검 hanbit semiconductor 사내 교육 운영 점검 운영 점검 현장 자주 질문 나오다 부분 실제 흐름 따라가다 안내 문구 자연스럽다 검토 과정 참여 조직 안내 혼동 표현 표시 신규 입사 보안 안전 교육 좌석 배치 교재 배부 절차 조정 변경 공용 게시판 내부 안내 화면 동일하다 반영 변경 문의 반복 항목 모으다 이용자 의견 가운데 단순 선호 실제 불편 구분 교육 참석자 동선 강의실 사용 다음 검토 담당 조직 형식 결과 비교 가능하다 맞추다 항목 검토 장소 구동 회의실 범위 업무 운영 자료 항목 현재 상태 다음 조치 안내 문구 표현 통일 완료 현장 반응 동선 주요 구간 점검 혼잡 공용 자료 최신 반영 중복 게시
hanbit_doc_115.txt,0,공개 채용 설명 준비 hanbit semiconductor 본관 회의실 공개 채용 설명 준비 운영 점검 현장 자주 질문 나오다 부분 울다 실제 흐름 따라가다 안내 문구 자연스럽다 검토 과정 참여 조직 안내 혼동 표현 표시 대학 공개 채용 설명 사용 회사 소개 자료 행사 진행 순서 강서연 변경 공용 게시판 내부 안내 화면 동일하다 반영 변경 문의 반복 항목 모으다 이용자 의견 가운데 단순 선호 실제 불편 구분 발표 자료 공개 가능 범위 마지막 검토 자료 업무 필요하다 구성원 끼리 검토 다음 운영 회의 진행 상황 공유 항목 안내 문구 표현 통일 완료 현장 반응 동선 주요 구간 점검 혼잡 공용 자료 최신 반영 중복 게시
hanbit_doc_102.txt,0,구내식당 안내 hanbit semiconductor 서관 프로젝트 구내식당 안내 운영 점검 현장 자주 질문 나오다 부분 실제 흐름 따라가다 안내 문구 자연스럽다 검토 과정 연도 참여 조직 안내 혼동 표현 표시 점심시간 혼잡 줄이다 배식 대별 대기 동선 나누다 파다 위치 조정 변경 공용 게시판 내부 안내 화면 동일하다 반영 변경 문의 반복 항목 모으다 이용자 의견 가운데 단순 선호 실제 불편 구분 이용자 의견 모으다 다음 파다 위치 확정 참석자 기존 일정 후속 진행 별도 회의 추가 항목 안내 문구 표현 통일 완료 현장 반응 동선 주요 구간 점검 혼잡 공용 자료 최신 반영 중복 게시
hanbit_doc_106.txt,0,사내 캠페인 운영 hanbit semiconductor 서관 프로젝트 사내 캠페인 운영 운영 점검 현장 자주 질문 나오다 부분 실제 흐름 따라가다 안내 문구 자연스럽다 검토 과정 영도 참여 조직 안내 혼동 표현 표시 에너지 절감 캠페인 참여 높이다 층별 안내 문구 게시 위치 통일 이도윤 변경 공용 게시판 내부 안내 화면 동일하다 반영 변경 문의 반복 항목 모으다 이용자 의견 가운데 단순 선호 실제 불편 구분 다음 참여 현황 안내 방식 조정 참석자 기존 일정 후속 진행 별도 회의 추가 항목 안내 문구 표현 통일 완료 현장 반응 동선 주요 구간 점검 혼잡 공용 자료 최신 반영 중복 게시
hanbit_doc_107.txt,0,방문객 출입 안내 hanbit semiconductor 본관 회의실 방문객 출입 안내 운영 점검 현장 자주 질문 나오다 부분 실제 흐름 따라가다 안내 문구 자연스럽다 검토 과정 참여 조직 안내 혼동 표현 표시 외부 방문객 로비 헤매다 회의실 이동 안내 출입 절차 변경 공용 게시판 내부 안내 화면 동일하다 반영 변경 문의 반복 항목 모으다 이용자 의견 가운데 단순 선호 실제 불편 구분 안내 데스크 자주 묻다 추가 자료 업무 필요하다 구성원 끼리 검토 다음 운영 회의 진행 상황 공유 항목 안내 문구 표현 통일 완료 현장 반응 동선 주요 구간 점검 혼잡 공용 자료 최신 반영 중복 게시
hanbit_doc_113.txt,0,구내식당 안내 hanbit semiconductor 구동 회의실 구내식당 안내 운영 점검 현장 자주 질문 나오다 부분 실제 흐름 따라가다 안내 문구 자연스럽다 검토 과정 참여 조직 안내 혼동 표현 표시 점심시간 혼잡 줄이다 배식 대별 대기 동선 나누다 파다 위치 조정 변경 공용 게시판 내부 안내 화면 동일하다 반영 변경 문의 반복 항목 모으다 이용자 의견 가운데 단순 선호 실제 불편 구분 이용자 의견 모으다 다음 파다 위치 확정 다음 검토 담당 조직 형식 결과 비교 가능하다 맞추다 항목 안내 문구 표현 통일 완료 현장 반응 동선 주요 구간 점검 혼잡 공용 자료 최신 반영 중복 게시
hanbit_doc_100.pdf,0,사내 교육 운영 점검 hanbit semiconductor 검토 장소 본관 협업 범위 업무 운영 자료 사내 교육 운영 점검 운영 점검 현장 자주 질문 나오다 부분 실제 흐름 따라가다 안내 문구 자연스럽다 검토 과정 참여 조직 안내 혼동 표현 표시 신규 입사 보안 안전 교육 좌석 배치 교재 배부 절차 조정 이채 변경 공용 게시판 내부 안내 화면 동일하다 반영 변경 문의 반복 항목 모으다 이용자 의견 가운데 단순 선호 실제 불편 구분 교육 참석자 동선 강의실 사용 회의 앞서다 결과 공유 불필요하다 원문 배포 항목 항목 현재 상태 다음 조치 안내 문구 표현 통일 완료 현장 반응 동선 주요 구간 점검 혼잡 공용 자료 최신 반영 중복 게시
hanbit_doc_109.docx,0,복지 프로그램 신청 안내 hanbit semiconductor 복지 프로그램 신청 안내 운영 점검 현장 자주 질문 나오다 부분 지다 실제 흐름 따라가다 안내 문구 자연스럽다 검토 과정 참여 조직 안내 혼동 표현 표시 사내 건강검진 상담 프로그램 신청 방법 페이지 공지 채널 공유 서다 재는 변경 공용 게시판 내부 안내 화면 동일하다 반영 변경 문의 반복 항목 모으다 이용자 의견 가운데 단순 선호 실제 불편 구분 신청 페이지 접근 경로 점검 다음 검토 담당 조직 형식 결과 비교 가능하다 맞추다 항목 검토 장소 구동 회의실 범위 업무 운영 자료 항목 현재 상태 다음 조치 안내 문구 표현 통일 완료 현장 반응 동선 주요 구간 점검 혼잡 공용 자료 최신 반영 중복 게시
hanbit_doc_104.txt,0,공개 채용 설명 준비 hanbit semiconductor 본관 협업 공개 채용 설명 준비 운영 점검 서다 현장 자주 질문 나오다 부분 실제 흐름 따라가다 안내 문구 자연스럽다 검토 과정 참여 조직 안내 혼동 표현 표시 대학 공개 채용 설명 사용 회사 소개 자료 행사 진행 순서 변경 공용 게시판 내부 안내 화면 동일하다 반영 변경 문의 반복 항목 모으다 이용자 의견 가운데 단순 선호 실제 불편 구분 발표 자료 공개 가능 범위 마지막 검토 회의 앞서다 결과 공유 불필요하다 원문 배포 항목 안내 문구 표현 통일 완료 현장 반응 동선 주요 구간 점검 혼잡 공용 자료 최신 반영 중복 게시
hanbit_doc_099.docx,0,업무 메신저 가이드 hanbit semiconductor 업무 메신저 가이드 운영 점검 현장 자주 질문 나오다 부분 실제 흐름 따라가다 안내 문구 자연스럽다 검토 과정 진도 참여 조직 안내 혼동 표현 표시 신규 기능 추가 업무 메신저 기본 용법 알림 설정 방법 남도현 변경 공용 게시판 내부 안내 화면 동일하다 반영 변경 문의 반복 항목 모으다 이용자 의견 가운데 단순 선호 실제 불편 구분 자주 묻다 질문 취합해 가이드 보완 자료 업무 필요하다 구성원 끼리 검토 다음 운영 회의 진행 상황 공유 항목 검토 장소 본관 회의실 범위 업무 운영 자료 항목 현재 상태 다음 조치 안내 문구 표현 통일 완료 현장 반응 동선 주요 구간 점검 혼잡 공용 자료 최신 반영 중복 게시
hanbit_doc_088.txt,0,업무 메신저 가이드 hanbit semiconductor 본관 협업 업무 메신저 가이드 운영 점검 현장 자주 질문 나오다 부분 실제 흐름 따라가다 안내 문구 자연스럽다 검토 과정 우도 참여 조직 안내 혼동 표현 표시 신규 기능 추가 업무 메신저 기본 용법 알림 설정 방법 윤지민 변경 공용 게시판 내부 안내 화면 동일하다 반영 변경 문의 반복 항목 모으다 이용자 의견 가운데 단순 선호 실제 불편 구분 자주 묻다 질문 취합해 가이드 보완 회의 앞서다 결과 공유 불필요하다 원문 배포 항목 안내 문구 표현 통일 완료 현장 반응 동선 주요 구간 점검 혼잡 공용 자료 최신 반영 중복 게시
hanbit_doc_101.txt,0,주차 구역 안내 정비 hanbit semiconductor 구동 회의실 주차 구역 안내 정비 운영 점검 현장 자주 질문 나오다 부분 훈는 실제 흐름 따라가다 안내 문구 자연스럽다 검토 과정 참여 조직 안내 혼동 표현 표시 방문 차량 직원 차량 이동 동선 겹치 주차 안내 표지 배치 울다 변경 공용 게시판 내부 안내 화면 동일하다 반영 변경 문의 반복 항목 모으다 이용자 의견 가운데 단순 선호 실제 불편 구분 오전 혼잡 진입 동선 차례 다음 검토 담당 조직 형식 결과 비교 가능하다 맞추다 항목 안내 문구 표현 통일 완료 현장 반응 동선 주요 구간 점검 혼잡 공용 자료 최신 반영 중복 게시
hanbit_doc_092.txt,0,사내 동호회 행사 준비 hanbit semiconductor 본관 협업 사내 동호회 행사 준비 운영 점검 현장 자주 질문 나오다 부분 실제 흐름 따라가다 안내 문구 자연스럽다 검토 과정 참여 조직 안내 혼동 표현 표시 사내 체육 동호회 공용 강당 사용 장비 대여 행사 조율 소연 변경 공용 게시판 내부 안내 화면 동일하다 반영 변경 문의 반복 항목 모으다 이용자 의견 가운데 단순 선호 실제 불편 구분 행사 종료 공용 장비 반납 상태 회의 앞서다 결과 공유 불필요하다 원문 배포 항목 안내 문구 표현 통일 완료 현장 반응 동선 주요 구간 점검 혼잡 공용 자료 최신 반영 중복 게시
hanbit_doc_111.txt,0,공용 회의실 운영 개선 hanbit semiconductor 본관 회의실 공용 회의실 운영 개선 운영 점검 앗다 현장 자주 질문 나오다 부분 훈는 실제 흐름 따라가다 안내 문구 자연스럽다 검토 과정 연도 참여 조직 안내 혼동 표현 표시 본관 회의실 예약 특정 시간대 몰리다 줄이다 예약 단위 신우진 변경 공용 게시판 내부 안내 화면 동일하다 반영 변경 문의 반복 항목 모으다 이용자 의견 가운데 단순 선호 실제 불편 구분 반복 예약 현황 사용 안내 문구 보완 자료 업무 필요하다 구성원 끼리 검토 다음 운영 회의 진행 상황 공유 항목 안내 문구 표현 통일 완료 현장 반응 동선 주요 구간 점검 혼잡 공용 자료 최신 반영 중복 게시
hanbit_doc_093.txt,0,공개 채용 설명 준비 hanbit semiconductor 구동 회의실 공개 채용 설명 준비 운영 점검 현장 자주 질문 나오다 부분 실제 흐름 따라가다 안내 문구 자연스럽다 검토 과정 참여 조직 안내 혼동 표현 표시 대학 공개 채용 설명 사용 회사 소개 자료 행사 진행 순서 변경 공용 게시판 내부 안내 화면 동일하다 반영 변경 문의 반복 항목 모으다 이용자 의견 가운데 단순 선호 실제 불편 구분 발표 자료 공개 가능 범위 마지막 검토 다음 검토 담당 조직 형식 결과 비교 가능하다 맞추다 항목 안내 문구 표현 통일 완료 현장 반응 동선 주요 구간 점검 혼잡 공용 자료 최신 반영 중복 게시
hanbit_doc_098.txt,0,복지 프로그램 신청 안내 hanbit semiconductor 서관 프로젝트 복지 프로그램 신청 안내 운영 점검 현장 자주 질문 나오다 부분 실제 흐름 따라가다 안내 문구 자연스럽다 검토 과정 진도 참여 조직 안내 혼동 표현 표시 사내 건강검진 상담 프로그램 신청 방법 페이지 공지 채널 공유 변경 공용 게시판 내부 안내 화면 동일하다 반영 변경 문의 반복 항목 모으다 이용자 의견 가운데 단순 선호 실제 불편 구분 신청 페이지 접근 경로 점검 참석자 기존 일정 후속 진행 별도 회의 추가 항목 안내 문구 표현 통일 완료 현장 반응 동선 주요 구간 점검 혼잡 공용 자료 최신 반영 중복 게시
hanbit_doc_119.docx,0,공개 행사 자료 편집 hanbit semiconductor 공개 행사 자료 편집 운영 점검 앗다 현장 자주 질문 나오다 부분 윤는 실제 흐름 따라가다 안내 문구 자연스럽다 검토 과정 연도 참여 조직 안내 혼동 표현 표시 외부 기술 행사 부스 사용 회사 소개 패널 문장 길이 용어 표기 통일 변경 공용 게시판 내부 안내 화면 동일하다 반영 변경 문의 반복 항목 모으다 이용자 의견 가운데 단순 선호 실제 불편 구분 디자인 시안 최종 문구 일치 자료 업무 필요하다 구성원 끼리 검토 다음 운영 회의 진행 상황 공유 항목 검토 장소 본관 회의실 범위 업무 운영 자료 항목 현재 상태 다음 조치 안내 문구 표현 통일 완료 현장 반응 동선 주요 구간 점검 혼잡 공용 자료 최신 반영 중복 게시
hanbit_doc_120.pdf,0,복지 프로그램 신청 안내 hanbit semiconductor 검토 장소 본관 협업 범위 업무 운영 자료 복지 프로그램 신청 안내 운영 점검 영은 현장 자주 질문 나오다 부분 윤는 실제 흐름 따라가다 안내 문구 자연스럽다 검토 과정 참여 조직 안내 혼동 표현 표시 사내 건강검진 상담 프로그램 신청 방법 페이지 공지 채널 공유 최하 변경 공용 게시판 내부 안내 화면 동일하다 반영 변경 문의 반복 항목 모으다 이용자 의견 가운데 단순 선호 실제 불편 구분 신청 페이지 접근 경로 점검 회의 앞서다 결과 공유 불필요하다 원문 배포 항목 항목 현재 상태 다음 조치 안내 문구 표현 통일 완료 현장 반응 동선 주요 구간 점검 혼잡 공용 자료 최신 반영 중복 게시
hanbit_doc_118.txt,0,방문객 출입 안내 hanbit semiconductor 서관 프로젝트 방문객 출입 안내 운영 점검 현장 자주 질문 나오다 부분 실제 흐름 따라가다 안내 문구 자연스럽다 검토 과정 진도 참여 조직 안내 혼동 표현 표시 외부 방문객 로비 헤매다 회의실 이동 안내 출입 절차 변경 공용 게시판 내부 안내 화면 동일하다 반영 변경 문의 반복 항목 모으다 이용자 의견 가운데 단순 선호 실제 불편 구분 안내 데스크 자주 묻다 추가 참석자 기존 일정 후속 진행 별도 회의 추가 항목 안내 문구 표현 통일 완료 현장 반응 동선 주요 구간 점검 혼잡 공용 자료 최신 반영 중복 게시
